SG_UF_PROVA;NU_NOTA_MT
MG;
AL;461.5
SP;
CE;659.5
CE;582.6
CE;
RS;
SP;
MG;493.4
BA;413.3
GO;796.7
RN;514.9
PA;509.7
RJ;
BA;
MT;445.8
PE;553.1
GO;608.5
MA;537.2
PE;629.5
PA;439.1
BA;446.2
PA;590.9
GO;
RO;468.3
SE;583.0
PR;411.5
BA;386.6
MG;528.7
MA;694.7
MT;427.0
SP;535.7
BA;579.6
BA;423.0
SP;505.0
MT;366.8
CE;656.1
PB;492.9
PI;
BA;379.5
MG;473.9
SP;619.7
RJ;675.6
BA;586.8
MG;
ES;570.2
SP;556.9
ES;599.3
MG;
BA;
PE;404.0
ES;579.4
PR;
SP;410.5
BA;
BA;469.6
RJ;771.0
PE;506.3
CE;667.1
ES;726.1
RJ;
PB;469.4
BA;450.4
SP;724.7
RS;
MT;517.4
RS;487.8
DF;503.0
RJ;439.3
PE;
SP;
SP;440.3
GO;
PB;472.7
MG;
SP;710.3
PE;644.1
GO;432.2
CE;422.3
MG;770.3
CE;623.3
SP;644.3
PE;750.0
MG;
MG;
RN;386.4
SP;389.0
PA;
MT;402.6
CE;485.5
PB;
GO;
CE;
RJ;450.3
RO;463.9
BA;
BA;479.3
RS;474.9
PE;619.9
GO;423.3
SP;
BA;729.2
PA;657.6
RS;441.7
CE;613.7
MG;848.9
PI;
BA;513.7
PB;722.1
PR;753.6
RJ;
BA;522.1
MG;442.1
GO;394.3
PE;571.0
RS;677.8
DF;
SP;
ES;
BA;399.4
SP;
BA;453.1
MG;
MA;487.0
SP;491.4
BA;492.9
PE;470.2
RS;549.1
BA;
BA;524.5
MA;
GO;
TO;489.1
RN;
BA;412.1
MA;573.8
BA;458.3
BA;419.5
PB;523.2
PB;
PA;511.0
SP;
SP;600.9
MG;744.8
MG;536.6
BA;435.1
GO;482.9
MA;
PA;497.5
DF;503.3
AL;
SP;
RJ;443.1
RN;571.4
AL;466.3
RJ;583.6
RJ;
MA;430.3
PB;483.7
RS;627.2
RJ;659.8
PE;406.4
BA;
PB;
RJ;
BA;
BA;622.3
RJ;610.7
PR;667.2
SP;459.1
MA;420.9
RN;485.2
SP;
SP;
SP;409.7
GO;
ES;600.3
MG;752.7
CE;561.4
CE;424.8
MG;398.4
MG;
SP;660.9
PE;626.7
SE;528.1
MA;425.7
SP;500.2
BA;417.6
RS;457.6
RS;
MT;589.4
MG;655.0
DF;
CE;744.9
SP;
RN;503.4
CE;448.6
PA;486.2
PE;446.8
CE;
RJ;542.9
CE;691.7
SP;
RS;
RJ;517.8
MA;
PI;521.6
CE;503.2
GO;410.8
RN;506.5
RJ;
PB;
RS;386.3
MA;384.6
GO;694.3
PA;405.0
GO;
AM;584.2
CE;553.9
PR;636.2
BA;639.8
SE;
ES;619.4
BA;527.5
RN;546.4
SP;617.7
RN;428.7
CE;418.7
AM;508.5
SP;461.0
RS;
GO;447.0
GO;479.9
PR;444.0
PI;500.6
PI;571.5
ES;
CE;444.4
PE;559.2
BA;394.6
SP;425.8
PR;502.9
SP;521.3
GO;516.3
GO;724.1
BA;
PE;
AL;418.3
PA;479.1
MG;776.5
PE;631.6
BA;527.1
PR;497.8
CE;734.5
SP;525.7
CE;670.4
PA;
CE;619.9
MA;511.0
MG;
PB;382.9
BA;
CE;490.9
MG;434.6
PA;
PI;425.7
MT;
PA;493.0
RO;
MG;
MG;
SC;541.2
PA;484.6
GO;404.7
GO;
CE;483.6
PR;
PA;377.6
GO;
GO;442.7
RS;
SP;525.7
SP;
BA;456.3
PA;
RN;461.2
PE;498.4
RN;589.2
PB;422.7
BA;
AL;507.2
PB;505.2
BA;473.6
CE;402.3
MG;606.5
BA;
PA;
PI;427.4
MG;
ES;524.5
MG;532.7
TO;
BA;500.3
RO;524.4
MA;443.3
GO;434.4
PE;
MG;714.1
RJ;584.1
MG;423.5
BA;409.0
SP;609.9
MG;596.8
AL;
RJ;611.8
SP;
MG;474.1
CE;534.1
PE;441.2
BA;693.6
BA;471.9
SP;414.3
BA;478.7
GO;400.9
SE;
SE;499.8
SP;506.5
GO;
SC;643.8
BA;626.9
MA;612.5
MG;
PA;468.8
BA;392.5
GO;488.2
AP;492.7
RO;
SE;421.4
PB;
MA;511.5
GO;
AL;516.9
MG;548.3
PI;489.7
MA;643.9
ES;526.3
PA;
RJ;406.5
CE;
PI;499.7
CE;441.5
AM;
SP;
MA;
SC;602.9
GO;
MA;404.2
BA;431.2
PA;457.8
SP;
SP;390.1
MT;482.8
BA;543.7
MA;
MG;646.1
RN;671.6
MA;460.5
SE;412.6
SC;717.6
CE;520.8
AL;360.3
BA;697.1
BA;567.1
SE;472.0
GO;684.8
SP;
GO;499.4
SC;502.4
RJ;476.3
MT;
AL;562.5
PB;471.1
SP;
SP;549.0
PE;678.0
AM;527.6
PA;576.4
SC;558.1
RJ;533.1
BA;446.2
SE;714.9
BA;460.7
ES;501.6
BA;511.5
PE;806.5
CE;528.9
MT;660.8
MG;431.5
GO;614.1
PA;
SP;
BA;549.0
CE;492.2
GO;462.9
BA;
AM;530.5
MG;
CE;430.8
MG;760.9
CE;541.2
MG;694.3
ES;681.9
BA;461.2
CE;477.8
SP;
SP;570.4
RJ;
PI;
PI;387.9
PE;501.6
RJ;456.9
PA;470.0
PI;753.0
SE;410.5
SE;574.9
ES;601.4
SP;671.9
MG;494.7
PB;611.5
PA;415.8
RJ;
SP;570.5
RJ;585.2
PB;398.2
PE;471.0
BA;468.7
RN;631.1
SE;
AL;375.4
MS;489.8
PE;387.0
PB;580.4
RJ;
RS;519.1
PR;
PE;
RS;612.8
PR;729.9
PA;
MA;
GO;505.1
MG;508.2
PE;603.5
GO;576.7
PB;517.1
RN;543.9
MS;
BA;426.7
RN;462.2
CE;
AL;
BA;
MA;
GO;555.2
SP;
SE;438.3
GO;397.8
CE;519.9
MA;403.3
SE;488.3
CE;582.8
MG;669.7
MA;555.6
CE;657.4
MG;
PA;391.1
RJ;368.6
CE;651.9
GO;420.6
SP;510.2
PB;
PB;412.4
PB;490.1
PE;509.6
BA;399.1
CE;507.6
CE;587.5
RN;504.2
BA;
SE;622.4
RN;506.3
ES;604.3
GO;562.1
CE;418.2
PR;516.0
BA;562.7
MG;
RS;698.1
CE;461.0
PE;582.2
BA;571.0
PE;
SP;637.7
GO;381.3
PI;
MG;804.4
MA;590.2
ES;420.0
GO;473.2
GO;521.3
MA;375.1
MG;614.6
PI;492.8
TO;407.6
ES;438.7
GO;782.2
GO;554.0
PB;370.5
BA;417.4
MG;608.4
PA;393.8
MG;568.5
AP;495.0
AL;421.2
MA;437.6
ES;616.5
AM;485.0
SP;424.6
MT;418.0
MG;444.3
GO;455.5
MG;623.5
BA;418.6
PE;
CE;
SE;449.2
RJ;414.0
TO;
BA;503.7
RJ;
BA;765.2
BA;398.6
MG;697.8
MG;403.2
SP;
GO;401.0
SP;618.8
MG;454.3
MG;612.7
SP;750.8
PE;399.9
PB;386.2
MA;524.9
GO;381.4
SP;
RJ;622.9
PA;
ES;568.9
MA;597.3
CE;426.1
AM;571.1
PB;377.5
PE;408.8
GO;457.8
CE;543.2
ES;731.5
RJ;491.8
PA;
GO;659.5
PE;473.1
RJ;450.5
MG;
SE;
PA;565.4
MG;
CE;740.4
PR;705.0
PA;396.5
PB;
MA;722.3
BA;702.3
CE;517.3
RN;436.6
MT;
PR;538.5
PB;468.2
BA;601.2
RS;
SC;596.7
MG;
RJ;391.1
GO;491.3
MG;
MA;472.7
MG;432.6
MT;432.4
MA;481.3
PE;
CE;543.8
CE;
BA;
CE;
MG;
CE;
PE;
MA;491.9
BA;
GO;573.2
PE;484.5
CE;697.4
MG;405.1
GO;439.6
PR;558.9
BA;395.6
SP;578.7
CE;
SP;622.3
SP;
MG;668.9
MG;643.2
PB;
PA;606.1
PA;503.5
MS;514.8
RJ;420.5
MT;
PE;412.0
BA;509.1
RJ;
PB;434.2
PR;438.4
AL;424.3
GO;483.8
RN;651.7
CE;752.1
GO;460.6
PB;
SP;468.2
PI;699.6
GO;458.0
PA;389.2
SP;591.0
PA;
AP;584.6
RN;509.5
SP;533.1
RJ;649.8
TO;421.3
PI;
PE;468.1
CE;384.8
RS;441.4
CE;518.7
CE;511.7
GO;402.4
PI;435.5
ES;388.3
PA;467.4
DF;484.5
PE;681.4
BA;539.8
PA;445.7
SP;
SP;
SP;
SP;472.2
GO;538.8
CE;688.9
RJ;
AM;
CE;
PE;413.5
GO;374.7
RN;428.6
RJ;530.0
MA;448.4
SP;447.2
SC;524.4
GO;430.6
SP;396.3
BA;
ES;451.8
PA;
SP;647.5
SP;669.7
RS;467.0
GO;
GO;519.6
MG;511.5
ES;493.0
MT;
MG;
PE;515.2
DF;
TO;
MG;
SP;
SC;540.7
BA;
CE;630.2
GO;515.8
MG;521.5
BA;446.9
PA;420.8
PE;
SP;412.3
PA;
RJ;466.4
PA;
CE;407.8
CE;442.5
MG;
MG;577.9
CE;554.6
MA;417.6
PI;584.2
RN;
BA;
MG;
CE;449.1
GO;473.9
GO;554.6
GO;557.6
BA;393.4
RJ;
MA;619.6
BA;466.2
PB;
SP;697.4
CE;566.8
PI;505.7
MG;372.1
MT;561.5
CE;548.6
GO;562.7
PR;612.9
GO;
BA;433.2
BA;559.0
CE;
PE;476.0
MG;612.2
PA;441.4
PB;398.3
PA;692.5
SP;383.3
CE;484.1
PI;
PE;588.0
CE;539.0
GO;504.9
MA;
PR;634.1
SP;604.3
ES;
BA;376.1
PE;683.7
MG;587.0
RJ;517.8
PE;
AL;402.2
BA;506.3
GO;402.5
MA;448.4
CE;403.2
CE;674.4
SP;616.4
BA;433.9
BA;
PB;458.7
MA;429.4
MT;468.9
CE;448.1
MG;601.6
SC;
PE;684.9
PE;
PI;509.9
RJ;500.4
SP;504.1
GO;
CE;
GO;411.4
RJ;630.8
GO;470.0
SP;625.2
CE;
DF;414.8
CE;
CE;622.1
GO;
MG;524.1
GO;462.9
CE;
RS;556.8
BA;638.0
MG;378.7
SC;522.1
PB;454.8
MG;464.0
PA;680.6
CE;642.6
RN;396.6
BA;669.6
BA;692.7
BA;
MG;
BA;752.4
RJ;515.5
TO;407.7
SP;460.2
GO;377.5
SP;526.9
BA;520.0
RJ;511.7
PI;642.2
BA;553.9
RS;687.6
PB;387.3
MG;616.7
CE;465.5
MT;
BA;656.9
MG;666.9
CE;489.0
GO;405.6
PE;684.4
PA;445.8
MG;504.7
MA;498.1
MG;507.1
PE;736.8
BA;
PA;411.0
PB;393.6
PB;
PB;483.8
RN;
PA;553.9
BA;565.5
RS;
PA;476.8
PE;484.4
CE;504.3
MG;603.9
MG;568.2
SP;442.3
RN;420.3
RJ;533.9
SP;
RS;
CE;488.2
RS;
RN;734.9
SP;494.8
CE;426.5
RN;388.4
BA;610.3
BA;472.4
GO;
RN;470.2
BA;
RJ;397.0
PI;423.3
MG;385.2
GO;531.2
AM;
MT;
PA;
GO;572.1
AP;501.1
RJ;455.5
SP;
RS;511.1
PA;452.4
BA;
PB;487.7
PA;
PE;
RS;534.6
GO;603.5
RJ;
RS;490.9
BA;490.8
MS;509.9
CE;414.5
BA;625.8
CE;734.7
GO;528.5
ES;
RS;495.2
DF;422.1
RJ;444.5
PB;
GO;412.9
MG;428.0
MG;592.9
SE;481.9
BA;461.4
RJ;543.7
MG;
ES;577.0
MG;487.4
MG;414.1
MT;604.5
AL;628.5
ES;512.7
AL;477.7
CE;640.1
SP;551.8
SP;485.0
MG;564.4
BA;
GO;412.5
GO;407.9
DF;409.9
GO;762.7
RN;405.4
CE;473.2
PA;430.5
PR;433.9
CE;466.7
SP;407.6
PE;448.6
CE;530.7
GO;458.7
CE;496.0
SP;
PA;375.8
MG;
MA;519.3
GO;436.0
SP;570.2
RJ;420.0
SP;628.7
MG;404.2
MT;650.1
SE;551.6
BA;
RJ;514.9
BA;433.8
PR;479.3
CE;532.3
RJ;
PR;782.1
GO;665.0
MG;429.1
PA;445.8
MG;418.3
SP;
GO;650.0
SE;667.9
MG;
BA;414.8
PB;418.8
PA;491.6
RJ;484.9
CE;
SP;503.0
GO;421.0
TO;569.7
BA;429.2
CE;425.1
BA;423.7
SE;396.3
CE;744.4
SP;459.5
MA;433.8
MA;529.0
PB;
PE;610.4
CE;476.9
PB;571.1
MG;373.9
PE;486.1
PA;389.2
BA;474.8
MA;
ES;
CE;741.3
SP;676.9
PR;
RS;
SP;560.8
SP;668.9
GO;475.4
GO;498.3
SP;615.7
SP;412.2
PA;
PA;451.1
RS;447.4
GO;
SC;444.0
SP;653.1
RS;641.1
MT;475.8
SE;794.3
RJ;416.0
PE;558.0
SC;428.6
PE;
SP;570.2
PA;392.2
PR;
BA;500.3
SP;626.8
GO;
MG;
RN;
CE;458.4
BA;483.3
CE;585.0
CE;475.6
SP;
RN;
MA;473.9
MG;574.2
SP;443.6
GO;536.8
MG;385.4
RS;
CE;491.0
MG;743.7
PR;443.2
MG;482.0
MT;
PA;511.1
PI;413.5
BA;405.4
MG;672.2
GO;373.7
PE;564.7
MG;512.9
PB;504.2
DF;587.7
PE;
MS;459.6
RJ;
MG;444.6
CE;542.0
PA;
CE;
MS;392.0
GO;372.9
GO;522.0
SP;516.1
RJ;588.8
GO;472.7
RN;492.7
CE;
BA;442.8
BA;458.1
PE;659.7
PA;612.5
BA;397.5
GO;
AM;
MG;482.6
PA;414.7
ES;490.2
MG;437.8
RJ;533.6
CE;371.4
SP;
PI;491.6
GO;
PE;482.8
BA;419.7
CE;
MG;686.4
BA;494.9
CE;828.9
PR;398.2
AM;
MS;395.1
BA;449.6
RN;523.7
CE;435.0
MG;674.1
SP;
GO;470.3
SE;406.5
SE;
MG;726.7
PB;420.1
RN;584.3
SP;444.9
DF;802.2
BA;
AM;432.3
SP;623.4
PE;734.6
GO;459.1
AL;723.1
SP;603.0
CE;447.7
ES;458.9
GO;493.3
CE;395.7
AM;397.7
BA;667.8
SP;568.1
SP;
SP;558.5
RJ;508.5
SP;
RN;512.0
CE;446.7
MG;402.3
TO;519.2
MA;
PA;459.0
AM;423.2
MT;455.4
BA;429.1
BA;
RJ;
PE;797.9
MG;437.7
CE;427.3
GO;496.8
SP;
GO;464.1
PI;589.1
BA;
CE;486.9
MA;668.8
BA;618.9
AL;405.8
MA;
CE;
RJ;555.3
PA;434.7
RJ;569.3
RS;519.9
PA;
MG;619.8
PB;772.9
BA;
SP;412.0
DF;504.4
RS;624.0
PA;530.7
PA;
PR;492.3
PE;564.7
PB;
CE;509.6
GO;565.6
GO;441.2
RS;610.8
RJ;679.5
PE;
CE;514.8
MT;451.6
MG;632.4
MG;504.5
MG;385.5
SP;394.9
SP;
MG;453.4
RJ;
PE;944.1
SP;428.7
ES;
PA;563.3
BA;
MA;466.0
PE;713.2
RJ;482.6
MA;434.9
MG;432.4
RN;
BA;446.9
AP;402.9
PE;490.5
MG;495.8
RN;442.7
MT;555.1
SP;
PI;
CE;458.6
SE;
CE;
GO;399.0
GO;373.7
MS;569.1
CE;410.5
AL;468.8
GO;
PE;433.7
MA;516.6
CE;716.0
CE;
CE;464.4
MA;626.5
PA;
RJ;
CE;443.8
ES;423.8
PA;378.1
RJ;440.1
MS;560.6
RJ;
GO;407.8
ES;479.5
RJ;445.0
SP;
MA;538.9
SP;380.1
PA;557.6
RN;690.9
MG;482.1
CE;694.7
CE;658.5
MG;487.4
BA;483.1
BA;527.4
SP;
MG;606.7
MG;668.2
PA;444.4
GO;
PA;403.3
PA;
BA;
BA;421.6
MT;542.3
RJ;543.1
CE;647.5
MG;563.9
PI;459.1
CE;467.8
BA;451.2
GO;704.4
MA;482.5
PB;386.9
CE;501.4
SP;
MG;538.7
PA;477.0
BA;440.2
CE;489.2
PB;
SE;672.1
SC;388.0
PB;442.8
AL;393.8
SP;468.2
BA;593.3
MG;474.3
PR;
BA;376.5
PE;530.6
MA;
BA;414.0
GO;632.3
GO;498.6
PE;447.9
SP;604.4
GO;
PB;
PE;414.5
BA;408.9
RO;836.1
PB;
BA;611.6
RN;405.7
PB;455.1
RN;439.7
GO;490.9
RJ;
BA;557.9
SP;415.3
SP;899.8
SP;511.3
PA;446.6
MG;409.3
MA;435.3
SP;496.2
CE;699.4
SE;
SP;
DF;681.6
ES;492.1
PA;
GO;
PB;382.6
MG;454.8
CE;481.7
RJ;573.7
RJ;365.5
PR;
CE;452.5
BA;569.7
GO;517.2
MG;
RJ;407.3
CE;417.9
PE;409.8
SP;661.1
PE;
PE;
MA;398.1
RJ;425.8
GO;418.5
ES;645.1
PB;
SP;492.9
CE;424.7
SP;421.0
CE;404.8
SP;
RN;394.8
PI;462.8
SP;650.4
SP;493.5
GO;482.1
GO;655.1
SE;452.0
RS;406.3
SE;434.9
CE;420.8
GO;400.5
GO;558.0
MS;407.7
PB;573.2
MT;455.5
CE;659.1
PB;731.1
PA;422.6
PB;
PB;448.3
GO;502.9
PA;
BA;
GO;408.7
PI;388.5
BA;515.0
RN;672.6
CE;437.3
RJ;418.7
RS;415.2
MT;
SE;391.6
RO;438.0
AL;
PE;551.5
SP;
BA;
SP;715.0
PB;
RJ;588.9
RN;589.4
MA;404.4
GO;470.0
SP;
BA;547.4
PA;444.7
GO;
MA;
PR;408.0
SP;
GO;
RR;
CE;539.8
GO;496.1
CE;396.9
BA;476.3
MG;760.0
PE;475.0
SP;
GO;412.1
GO;477.7
SP;
PR;667.8
RN;
GO;474.5
MG;464.2
PA;491.7
MG;
MA;
GO;468.0
SP;426.0
BA;431.9
PI;500.1
PB;438.2
PA;612.0
MG;658.2
CE;673.3
GO;535.8
PI;614.3
RN;415.8
MG;
MG;511.4
PA;438.9
SE;459.1
PE;458.1
PA;440.3
SE;451.9
SP;
PA;439.1
GO;
CE;
PE;
SP;468.4
SP;
PA;434.1
MG;836.7
SP;462.2
MG;475.3
SP;394.2
PB;552.8
PI;496.3
DF;412.2
RJ;475.8
SP;379.8
PB;
SP;664.9
GO;482.2
GO;618.4
CE;472.7
BA;
SP;571.5
PA;477.7
CE;710.1
PR;481.6
RN;610.8
BA;428.0
MG;
SP;594.5
MG;501.1
RJ;410.0
CE;455.0
SP;539.2
CE;611.2
SP;482.8
ES;469.2
PE;443.4
CE;755.0
PB;659.0
CE;409.4
MG;417.5
MS;424.6
GO;449.4
SP;499.2
PR;533.0
SP;
BA;
MG;477.6
SP;439.0
GO;531.1
MG;456.2
MG;
PR;439.7
SP;752.8
GO;442.7
PA;
SP;
RS;
PR;467.3
RS;
BA;472.2
PE;452.7
PA;437.1
BA;473.1
RJ;
GO;575.3
GO;684.6
GO;554.4
PB;552.5
GO;452.1
CE;433.6
GO;
PA;493.5
MA;460.9
GO;709.2
CE;
ES;
MA;
GO;480.3
RJ;
PA;408.8
GO;545.7
MG;534.0
SP;
ES;
MG;495.6
PI;597.2
CE;716.1
CE;518.5
SP;434.1
CE;420.2
GO;578.6
AL;393.9
SP;
MA;512.7
GO;696.3
RN;414.4
ES;
BA;472.8
MG;387.7
ES;
SP;436.9
PA;
GO;
SP;602.0
AL;
CE;499.9
GO;535.6
BA;
AL;580.4
MG;836.2
GO;
GO;385.0
MG;600.7
PA;468.3
AL;582.3
MG;424.6
PE;445.1
BA;411.0
SE;
ES;
PA;555.2
CE;
MA;492.9
PB;595.0
MG;
PB;503.0
PI;444.9
GO;
RJ;
PR;
AC;451.8
PE;415.1
SE;430.3
PE;514.8
PA;
AL;488.2
PB;380.6
PR;
SE;383.4
RJ;
GO;480.2
SE;466.1
AM;730.1
PE;418.3
BA;
PR;549.0
PB;405.3
MG;
CE;633.2
PE;552.8
RS;564.7
PA;449.9
RJ;443.1
PB;453.1
RS;383.3
SP;
CE;377.6
BA;366.5
MG;602.7
BA;505.5
GO;
PR;472.2
CE;647.2
PA;397.8
SP;577.1
TO;
BA;446.9
SC;646.6
RS;559.3
CE;
SE;
TO;472.3
CE;447.7
RN;581.3
MG;
CE;535.4
MA;758.9
SP;504.1
ES;
PR;566.9
SC;
MA;451.8
CE;380.9
RJ;
TO;532.8
PR;
PE;510.2
MA;
GO;
AL;562.5
AL;412.3
RS;
GO;408.7
PA;
CE;730.7
RJ;423.5
BA;446.4
RN;707.9
CE;
RS;
PI;
BA;624.8
PB;
GO;444.2
AP;
MS;468.8
PE;449.2
GO;422.8
GO;774.1
MA;523.3
SC;523.5
BA;460.1
MG;557.2
RN;625.0
MA;
GO;805.9
SP;
GO;516.9
AC;404.2
MT;
AP;
CE;
SP;592.6
CE;532.5
GO;
SC;542.4
PB;
GO;520.2
PE;
PB;
SP;463.0
BA;518.3
CE;412.8
RJ;561.3
MG;468.5
MA;
BA;
MA;731.6
CE;632.9
BA;447.1
MG;661.5
PE;615.9
BA;
PR;431.5
SP;
SP;
BA;594.9
MA;479.4
MS;
BA;456.3
MA;429.9
ES;615.3
PB;480.0
MG;
PE;401.5
PE;
PR;482.5
PA;477.4
GO;463.8
MA;422.0
CE;542.5
RS;615.7
RJ;
PI;369.3
RN;
PE;
ES;698.0
SP;479.5
MA;
GO;409.9
ES;635.8
GO;512.8
DF;408.5
RS;
CE;680.7
RS;
MT;428.6
MG;556.2
SP;370.7
GO;510.9
PE;
TO;
GO;483.8
MA;449.6
CE;576.3
SE;604.7
PA;493.1
SC;
RJ;
RJ;459.6
DF;617.5
SP;
AM;
MG;
GO;511.1
GO;395.0
GO;393.0
RJ;
RS;461.3
SC;
MG;
SP;
AP;381.7
PE;401.1
BA;538.6
SP;714.9
SP;367.5
GO;408.6
RS;
RS;362.4
GO;493.0
SP;
PA;538.4
GO;539.3
CE;359.7
GO;606.9
RN;634.6
SP;660.5
GO;688.0
DF;607.6
PR;
BA;
MA;596.6
PA;500.5
CE;466.2
CE;427.3
RS;
RJ;
SE;622.4
RJ;
GO;626.2
CE;
SE;555.9
GO;472.8
BA;492.7
CE;596.6
CE;505.4
CE;561.6
BA;524.7
MG;676.6
GO;502.1
GO;591.4
CE;
SP;561.9
MG;476.3
SP;473.8
CE;416.8
SC;548.6
SC;421.4
CE;521.7
TO;
BA;394.2
ES;524.3
PE;467.0
PA;410.3
PB;
GO;524.3
SP;655.8
BA;526.5
PR;576.0
CE;460.1
MT;453.2
MG;
BA;
BA;659.5
GO;577.1
PA;662.4
GO;423.5
MA;591.1
CE;476.1
BA;377.1
GO;394.0
SP;696.4
BA;
PE;
PE;
MG;733.9
CE;449.8
SE;678.9
MA;759.7
SP;623.7
PB;470.4
RJ;
SP;
BA;505.9
SP;440.5
MA;410.2
RJ;541.2
DF;400.8
MG;561.6
DF;615.7
GO;431.0
MA;399.4
CE;603.2
PR;589.6
AL;387.9
SP;427.1
CE;386.1
MG;
PR;393.3
MG;452.8
GO;
PB;545.3
SC;387.1
SP;487.6
CE;374.4
PR;568.1
MG;411.3
BA;
RJ;495.4
RN;
RJ;690.9
DF;480.1
CE;391.2
MA;866.0
BA;448.7
AL;
SE;517.1
BA;635.3
AL;476.6
AP;437.4
DF;530.1
PA;
PR;452.1
PB;518.7
RN;437.5
MA;466.2
PE;711.2
MA;379.3
CE;426.4
CE;620.2
SP;506.5
ES;
RS;
BA;
PB;359.0
MA;646.1
RS;632.2
PE;775.7
SC;727.5
CE;495.9
PB;628.5
MG;
CE;584.6
SP;
BA;485.3
RJ;454.6
PA;876.4
MG;779.3
AL;496.0
MG;
PR;452.3
SP;658.0
CE;
MG;577.9
MA;410.8
BA;
RN;436.4
GO;378.0
PE;448.8
PR;386.0
BA;584.1
PA;507.1
MG;577.7
BA;431.0
SP;464.5
GO;
CE;390.0
RN;
MG;563.3
BA;
MT;
AL;
PB;568.7
PA;571.1
CE;420.5
PI;448.6
CE;554.0
RN;440.1
PI;404.1
GO;387.9
MG;675.7
SC;
BA;595.6
PB;622.7
GO;
BA;
BA;383.6
SP;611.2
PA;
BA;525.4
CE;492.4
PI;502.6
MA;439.8
PB;621.5
AM;465.6
SP;
CE;461.9
PI;473.4
ES;
MA;522.6
MA;
MG;496.5
PA;367.5
MG;759.7
AM;
AP;387.3
CE;520.0
PB;470.4
SP;529.5
SC;567.7
RN;383.1
PE;700.1
PA;
BA;635.6
PI;453.9
PA;395.9
PA;524.4
PA;
PA;516.7
PR;440.6
AL;609.8
GO;
RS;647.1
MG;
MT;514.2
RN;403.2
PA;595.1
RO;
MA;394.4
BA;
SP;
SE;
CE;606.1
BA;513.7
GO;
RJ;619.4
SC;394.3
GO;488.4
PA;386.5
SC;736.6
CE;531.6
SP;640.4
PB;438.8
SP;515.2
BA;728.6
BA;584.0
BA;
PI;
PI;379.2
MG;501.5
CE;416.3
PA;599.1
BA;
PA;778.6
ES;447.8
RO;497.0
PA;459.5
CE;667.3
PI;484.5
PI;414.9
SP;416.9
PE;385.1
PA;385.4
CE;
ES;512.0
SP;428.6
PE;626.9
DF;
PA;455.7
PE;708.8
PE;
BA;370.8
ES;390.0
PI;614.8
DF;
MA;
GO;512.9
ES;
GO;397.0
PA;482.2
RJ;
RJ;718.2
BA;506.6
MA;366.2
BA;411.4
ES;520.2
CE;545.3
CE;442.0
RS;743.6
GO;405.2
MA;665.7
PA;471.3
SP;525.0
AL;440.5
AM;
MG;511.6
MA;619.2
RN;549.8
BA;601.0
BA;429.4
MG;583.6
MG;
CE;720.0
RJ;419.6
GO;586.6
GO;632.5
BA;559.6
DF;422.7
BA;501.1
GO;442.2
PE;588.5
CE;718.5
GO;569.3
CE;584.7
CE;533.0
TO;447.4
CE;
ES;508.0
SP;562.0
DF;429.7
PA;541.8
BA;625.6
GO;476.4
CE;386.1
CE;421.3
PI;434.0
PE;
CE;393.6
AL;522.0
PA;469.8
GO;526.4
PR;441.4
RS;776.8
RS;
CE;553.2
MG;400.4
PE;595.2
MA;418.7
BA;524.8
PA;502.1
SP;
SP;
MA;
MG;449.3
MG;776.3
CE;643.3
GO;380.9
RJ;
CE;552.1
RJ;493.1
MA;538.0
PB;523.5
CE;622.5
PE;
SE;484.5
PB;556.4
MG;728.7
RJ;430.9
MA;443.4
PR;547.4
SP;663.5
RJ;
PE;429.9
GO;365.0
SP;
RJ;522.3
PB;393.5
SP;456.7
RJ;438.5
BA;
RS;511.3
PE;434.0
PR;511.7
SE;449.8
CE;504.0
ES;591.0
PE;
SP;434.2
MA;389.7
PI;495.6
RN;592.9
BA;538.7
CE;462.3
GO;428.9
SC;597.7
AL;751.5
BA;
RJ;
RJ;357.3
MG;
PE;679.8
PA;454.4
SC;551.8
PA;499.0
BA;
SE;708.6
BA;400.0
PA;415.5
GO;
SP;528.8
PE;656.4
DF;501.8
CE;410.7
GO;413.2
SP;512.8
BA;582.7
MG;639.7
SP;
AM;446.9
GO;474.0
MG;546.2
RJ;649.2
SP;430.3
MG;450.3
MG;527.3
ES;
MA;
PE;450.0
RJ;458.3
TO;
RO;454.9
CE;426.8
BA;409.2
RS;
GO;561.9
RJ;453.5
MA;
GO;
PA;
SP;691.3
GO;594.8
PR;411.3
CE;463.4
MA;479.3
CE;
PE;582.9
BA;517.7
BA;602.4
MG;435.3
CE;
PI;440.5
PI;427.5
PA;
PE;480.6
DF;
AM;428.1
PE;586.7
MG;560.0
RN;601.9
MA;495.9
PB;644.9
MG;480.3
BA;478.8
SP;
MG;518.3
PE;
MG;737.0
PA;713.4
TO;
MG;
GO;492.6
MG;727.6
PA;626.0
PB;433.1
SP;569.5
PE;
SP;907.0
CE;436.6
SP;532.2
SP;690.4
SP;486.6
SP;708.7
BA;
MT;
CE;488.9
MT;545.7
ES;
PE;484.9
CE;
SP;535.8
SP;
MG;393.3
SP;
SP;
BA;485.9
CE;513.0
RS;495.6
SP;638.0
CE;664.1
BA;422.6
PB;525.6
CE;383.5
PB;381.7
PB;
PA;
PR;718.8
SP;
SC;592.9
PA;
SC;
MG;482.8
MG;467.6
BA;456.9
PE;393.2
MG;529.6
PA;585.1
RN;516.7
GO;425.4
MG;480.6
RN;625.3
CE;484.9
RN;
SP;
SE;423.2
BA;
PB;444.6
AL;440.2
GO;576.5
BA;
MT;537.6
BA;511.7
SP;530.5
RS;706.9
SP;756.3
PB;559.5
TO;383.9
MG;434.8
BA;486.6
CE;364.2
PB;
RJ;
RN;556.0
PE;
PE;629.0
MA;
GO;621.9
MG;429.4
GO;
SP;468.4
GO;411.1
BA;614.0
CE;712.5
PB;
MS;
GO;
CE;468.5
PE;498.5
PB;536.9
RJ;515.8
GO;
RS;655.9
BA;463.7
PA;383.1
CE;
CE;569.6
MG;593.8
CE;477.9
CE;641.2
AP;444.5
SP;476.5
RN;751.0
RS;
PI;491.2
RJ;
SP;573.1
AL;429.1
SC;617.5
GO;404.0
RJ;
CE;541.1
SE;439.8
BA;838.3
RJ;446.1
CE;366.4
BA;550.6
PI;402.2
MG;
MA;627.2
TO;513.0
PB;392.9
PE;700.5
MG;573.5
SE;594.0
SP;
PB;555.9
PR;545.4
GO;
PI;
ES;488.9
SP;
AL;
MA;
DF;475.0
MG;529.6
GO;
PA;764.3
PI;407.0
RJ;592.2
SP;477.2
MG;631.3
SC;396.8
BA;519.8
CE;637.8
SP;419.9
CE;
CE;576.2
SE;390.9
MG;486.7
PE;576.3
BA;467.2
RS;477.1
TO;
MS;434.7
BA;411.6
BA;397.4
BA;401.7
PI;638.7
GO;
PI;750.2
RJ;
PE;
CE;
BA;651.9
DF;703.4
BA;452.5
RJ;541.5
CE;404.0
ES;
BA;421.6
PR;600.2
SP;
MS;503.4
ES;484.9
CE;470.2
PA;562.3
ES;
PA;496.1
CE;651.7
BA;
MS;582.6
MG;562.8
AL;479.3
MA;421.2
ES;576.2
CE;637.0
GO;407.9
CE;
MA;576.6
MA;497.5
MG;497.9
RS;721.5
DF;
AL;
PE;633.3
PR;503.3
GO;425.5
MG;589.8
PE;
SP;503.6
PR;492.9
MG;695.0
MG;
RN;
SE;557.4
MS;
MG;446.1
BA;
BA;629.3
CE;431.0
MG;714.3
CE;440.0
SP;
RJ;463.1
CE;540.5
PE;522.8
SP;479.0
PR;517.5
RN;390.1
RJ;779.1
RJ;592.1
MA;486.7
SP;573.2
CE;473.5
BA;
AL;421.9
PE;
PI;426.2
MG;544.6
PA;404.6
MG;360.5
MA;
PE;
PA;409.3
MG;506.2
PR;449.0
RS;548.9
PA;653.7
MA;583.3
SC;743.7
SP;493.3
MT;553.2
BA;434.8
MA;510.9
PE;576.3
MG;
BA;
SE;
MG;764.4
PR;493.6
SP;
RJ;481.0
MG;443.8
PI;548.9
MG;442.2
RS;437.4
PE;401.6
SE;410.0
PA;737.5
SC;576.5
PA;452.7
MG;544.9
PB;454.6
BA;641.2
MG;665.1
GO;386.1
ES;506.6
CE;769.8
MA;478.1
DF;783.5
BA;
PR;451.5
PB;536.7
PI;392.3
MA;658.6
SC;
RO;385.2
SP;
SP;487.5
BA;441.8
MG;
MA;604.2
BA;
RS;530.7
RJ;450.7
PA;514.3
RJ;
PA;543.4
RS;519.6
GO;402.1
CE;680.7
PR;623.8
PE;463.1
AP;
GO;
CE;422.2
PA;591.7
RN;367.7
SP;473.2
PA;405.5
BA;580.0
CE;675.6
SP;
RJ;
BA;584.2
SP;
GO;
GO;696.9
PB;430.6
PI;634.6
DF;
PB;547.3
PI;387.3
SP;431.3
GO;459.1
GO;471.7
CE;447.6
GO;698.2
CE;493.8
BA;438.5
PB;662.3
MG;
CE;725.9
PE;492.6
GO;444.7
MT;473.2
SP;566.6
SE;
CE;443.0
BA;634.0
RN;
SE;406.5
CE;477.5
PA;426.2
RJ;538.0
RS;613.7
PE;509.9
SC;530.7
PE;646.0
BA;629.5
RO;535.0
RJ;775.5
BA;521.3
PA;
PE;460.6
RS;
PE;700.4
CE;
CE;613.3
BA;650.4
MA;498.6
PA;494.3
RN;726.4
RJ;
CE;379.4
DF;402.1
PA;400.3
AP;376.0
BA;432.6
PE;444.9
PA;409.6
TO;388.6
SE;531.0
DF;
BA;547.3
GO;480.1
PA;541.8
PB;
RS;
ES;492.4
SP;728.4
GO;604.4
BA;431.8
GO;383.3
PA;568.6
CE;493.5
RJ;
AL;
SC;597.5
RJ;
CE;435.2
SP;539.0
SP;
BA;
CE;
MA;
GO;436.4
SE;604.4
GO;535.7
TO;516.4
GO;385.2
MG;472.7
SP;580.2
GO;
PA;
BA;437.7
BA;385.5
SP;474.9
MT;
PE;
CE;
RS;645.1
CE;429.2
RJ;
RJ;448.5
MG;
PA;456.6
MG;638.1
RN;724.0
CE;411.1
GO;471.1
BA;
CE;459.6
RJ;425.1
PR;462.7
GO;684.7
SP;713.4
MT;444.7
SP;539.8
PR;501.4
PE;487.5
MG;
MT;
BA;513.5
CE;
BA;430.7
RJ;540.7
AP;570.2
RN;795.4
PE;527.8
BA;627.0
GO;737.9
SP;583.1
BA;645.0
GO;
RJ;549.4
GO;510.8
RS;
MG;
SC;668.5
CE;511.9
CE;
MA;461.3
GO;609.3
MG;578.6
SP;402.0
MA;485.6
SP;618.2
PE;447.0
SP;490.7
RJ;556.5
MS;750.0
GO;667.7
PA;542.2
PR;716.6
BA;559.2
MG;586.9
BA;
GO;507.0
SP;
RS;517.2
MG;
SP;705.8
MG;
SP;
AL;477.1
GO;627.0
CE;392.3
PB;425.2
CE;722.5
PB;533.7
PE;440.5
GO;556.6
BA;
CE;
PI;445.1
BA;473.0
MA;
PA;362.9
RS;792.2
RN;396.4
BA;542.7
PA;454.5
MG;520.2
BA;734.6
SP;564.3
RS;
PB;434.6
CE;531.6
PR;534.5
RS;531.9
BA;382.9
PI;436.4
PR;714.2
PR;651.9
RS;625.4
CE;718.8
BA;421.8
TO;367.7
MG;428.2
ES;522.2
MG;
MA;491.0
PB;502.8
PE;496.7
PA;394.3
PI;378.2
PI;
SP;459.5
MG;433.7
CE;
SP;633.2
BA;
RN;526.7
RJ;555.1
AP;499.3
BA;
PE;766.4
TO;628.2
CE;504.0
RO;
PR;503.7
RJ;681.5
AL;434.3
SP;675.6
PA;509.8
SP;737.6
BA;431.8
CE;520.7
BA;
RJ;
BA;470.6
MG;474.4
RJ;525.4
MG;
SP;443.7
CE;
PI;534.7
RS;477.3
GO;462.0
MG;686.7
GO;518.2
PA;
PA;
PE;385.1
BA;579.5
PA;478.0
SP;412.7
CE;580.8
BA;475.1
SE;431.2
RN;551.7
MG;
BA;671.5
SP;487.4
BA;
PE;
PB;
CE;509.1
BA;435.9
PA;409.9
SP;478.8
MA;484.5
PR;507.5
PI;462.4
SE;387.9
RJ;460.4
PI;
SP;509.6
CE;393.7
MG;
PI;489.8
DF;
CE;499.8
RJ;
BA;474.5
CE;466.0
BA;496.9
BA;555.5
RJ;510.1
GO;552.5
RN;768.0
ES;450.1
MG;392.2
BA;420.5
GO;438.1
PE;
RS;759.0
PB;651.1
SP;448.7
SP;461.7
PI;429.9
GO;412.3
ES;566.2
SP;496.3
AL;638.5
MG;
SP;391.4
PA;426.5
BA;519.0
PA;
PE;610.3
BA;550.5
SE;492.1
SP;479.8
PI;552.1
ES;
CE;560.7
CE;395.8
BA;413.3
ES;800.2
RJ;
CE;488.4
CE;544.5
SP;491.5
AM;
GO;500.4
RJ;427.2
RJ;573.0
SP;698.8
MG;568.8
ES;677.1
MG;486.0
PA;
CE;
MA;477.4
ES;763.7
MA;856.2
BA;619.8
MT;509.2
CE;480.1
PI;516.6
PR;
CE;507.4
BA;389.4
CE;399.0
MG;431.7
RS;573.3
PB;459.2
MS;
CE;516.4
RJ;
PI;402.9
PB;593.7
RJ;
CE;613.4
PI;
ES;716.1
MG;
PR;505.6
CE;599.0
TO;655.0
GO;491.2
PE;
RJ;718.1
CE;653.0
MG;420.8
MA;
GO;646.3
MG;417.7
PE;567.1
SC;732.6
PE;
SP;771.0
SP;
CE;
AL;
PE;
PE;447.8
PR;500.8
SP;602.7
SP;
DF;494.5
BA;558.7
PE;407.8
PE;463.6
RO;501.4
BA;520.4
PR;555.5
PA;405.3
CE;395.2
GO;574.4
MG;489.0
RN;419.2
PI;457.9
PA;
MA;
CE;
ES;
CE;495.2
MG;789.9
BA;
GO;604.5
PB;400.6
GO;
CE;489.2
CE;489.8
BA;575.7
MG;
PA;525.4
BA;525.2
PA;
CE;
SC;401.4
DF;
RJ;584.8
PE;
GO;492.5
PR;587.4
RS;460.2
GO;464.0
RJ;
PI;737.5
MG;589.0
RJ;592.4
BA;448.1
PB;
PE;414.8
MG;505.4
MA;
CE;642.0
GO;464.6
MG;
BA;532.9
CE;613.9
GO;365.2
BA;681.2
AM;
BA;477.9
CE;600.3
RS;395.9
MG;674.0
SP;
PR;
CE;714.7
PA;477.8
CE;604.3
RN;493.6
RJ;511.7
BA;550.4
PE;596.0
SC;650.9
CE;
BA;520.5
MG;576.1
CE;678.3
PR;497.9
CE;393.0
MG;
GO;525.5
MG;683.1
PI;407.2
CE;594.0
CE;427.0
SP;
SP;573.7
SP;
MA;410.2
GO;753.4
PE;462.2
CE;372.3
SP;714.6
SP;798.9
PB;394.0
MA;658.8
PB;630.3
RS;534.4
PI;405.9
RJ;447.2
CE;
CE;648.9
SP;
AM;387.4
BA;422.2
GO;
CE;653.0
CE;592.2
BA;458.8
PA;520.7
MG;756.9
MG;570.0
MG;403.1
CE;
RS;753.6
PB;467.5
AL;431.1
PA;593.1
RN;665.1
MG;592.8
MG;579.9
SP;
PB;569.4
PI;
PB;566.5
BA;440.3
GO;433.3
BA;438.8
SP;480.9
PR;464.9
PB;
SP;580.0
PB;
RJ;503.1
MG;450.5
GO;
RJ;442.1
PE;586.2
MA;466.6
SP;654.5
PA;
PE;411.9
BA;492.8
RJ;808.8
PB;474.4
SP;578.6
CE;682.5
CE;630.2
PE;484.2
DF;490.7
GO;512.0
SP;900.3
RS;486.7
PE;430.0
CE;473.3
MA;520.2
GO;428.8
PB;
DF;557.1
PI;550.8
PA;511.1
MA;
SP;
BA;473.7
BA;538.7
SC;
PE;480.1
MG;688.0
PE;675.5
MG;548.6
PA;498.9
MA;589.3
GO;
PR;411.7
PB;618.3
MG;552.6
MG;561.3
PA;399.3
GO;505.6
AM;
CE;547.0
SE;
BA;434.8
MG;388.8
GO;604.1
SP;661.8
PR;
CE;557.5
SC;503.0
BA;513.3
PA;397.5
RN;590.9
PA;
MA;450.1
TO;670.2
GO;617.6
BA;379.3
SC;723.9
PA;583.9
BA;662.6
PA;487.7
AL;442.1
MG;601.0
PE;617.5
CE;470.2
BA;471.5
CE;471.8
CE;
SP;414.3
SE;495.3
AP;395.2
GO;581.8
MG;419.0
CE;
PE;399.5
MA;
RS;
PE;467.5
MA;605.6
SP;
PE;430.6
CE;
PE;405.7
PB;614.2
ES;671.0
CE;561.3
PI;525.4
CE;601.1
RJ;
CE;508.2
CE;613.2
SP;
MG;577.8
SP;571.3
PB;556.5
PR;
PA;411.5
SP;614.1
BA;414.8
GO;
SP;470.4
CE;584.6
CE;557.7
MG;416.3
BA;623.1
MS;
GO;494.2
PE;621.0
MG;760.6
MG;403.4
TO;
CE;440.7
SP;513.3
PE;449.7
PB;
RN;
PI;583.2
RN;527.0
MG;427.0
BA;398.6
SE;418.7
SP;516.4
GO;412.5
ES;605.6
RJ;701.1
PR;376.1
CE;388.3
PE;454.8
PB;596.5
MG;417.6
PE;479.0
BA;479.6
PE;429.7
PA;471.4
DF;769.6
SP;663.7
MG;454.4
RS;586.0
PI;595.6
PI;528.4
RN;577.4
MG;
PR;475.8
BA;376.3
SP;704.7
PE;410.5
MA;572.1
MG;512.1
PA;401.3
SP;
ES;
CE;
SP;405.6
PB;598.8
SP;422.0
BA;
CE;509.3
PR;474.4
MG;560.4
DF;449.8
PB;440.0
PA;522.7
CE;479.6
CE;396.8
PB;
PA;
CE;
SP;644.1
CE;545.9
SP;398.1
MA;399.0
CE;537.8
BA;553.7
MS;483.2
PA;394.4
BA;571.2
MA;416.5
CE;495.0
GO;580.5
CE;
BA;484.1
CE;460.3
RN;428.1
DF;742.9
CE;485.2
PA;371.8
BA;417.5
CE;462.0
RJ;491.1
ES;430.2
TO;515.8
BA;453.6
PE;568.9
AM;561.1
BA;432.4
RJ;564.3
PI;
SP;425.7
MG;503.4
DF;
RJ;650.7
RN;460.1
RS;796.3
AP;
CE;475.9
MS;494.7
PA;501.2
PB;502.2
SP;
RN;533.7
AM;435.7
PI;632.7
RJ;497.5
MA;401.7
CE;446.8
CE;576.8
MT;471.5
SP;680.9
AM;459.1
GO;
PE;497.7
PR;470.8
PA;
RS;468.1
MG;666.4
MG;
GO;680.4
RJ;
PB;390.7
MT;530.2
BA;396.2
CE;604.2
MG;452.1
RS;569.8
RS;406.6
BA;643.6
GO;462.6
MG;
MG;598.9
BA;421.2
MG;
PE;468.8
PE;509.1
SP;452.2
GO;
PE;
GO;405.6
PB;715.4
MG;386.3
RS;710.5
PI;803.9
PB;
SP;628.1
SP;433.8
RJ;528.0
MA;408.8
PB;404.8
RJ;651.2
RJ;430.6
BA;554.9
GO;532.9
MG;
MG;
SP;
BA;500.0
BA;444.1
GO;516.2
MG;
SP;562.9
CE;
SP;
RS;544.9
MA;515.2
MG;
RJ;461.7
CE;594.3
RS;457.8
PB;
RJ;673.0
GO;515.1
BA;
MA;
CE;410.6
CE;434.1
PB;716.1
MT;463.7
RS;
MA;429.2
MG;522.0
PI;680.3
GO;545.5
GO;485.8
RJ;603.9
CE;716.7
TO;432.5
BA;473.6
MG;747.8
RJ;
CE;507.9
PB;684.9
GO;407.5
CE;721.3
SE;
MG;716.2
MG;334.1
PE;574.4
MS;399.1
PI;402.8
PR;
GO;665.4
ES;523.2
BA;424.8
SP;635.8
AM;527.4
MT;
MG;502.2
PA;463.4
SP;
CE;516.9
PR;657.2
DF;
MS;490.6
MG;
RN;368.6
MA;464.2
BA;
PA;473.4
MG;
PR;466.0
CE;
ES;404.0
AL;511.5
BA;468.9
SP;
SP;581.3
BA;474.1
MG;442.3
MS;
SC;651.1
BA;439.1
MA;482.0
MG;
PE;
SC;493.7
BA;719.4
BA;570.2
PA;484.7
SE;680.0
GO;449.7
ES;
MG;651.6
BA;626.5
RJ;
SP;440.1
SE;581.3
BA;360.3
CE;383.6
BA;438.9
MG;519.4
PA;410.6
GO;794.0
SP;468.9
CE;619.2
CE;730.5
PI;396.8
CE;364.0
BA;417.7
AL;665.7
CE;
SP;674.4
CE;621.7
BA;600.2
AL;517.2
RJ;
CE;511.8
PR;514.4
PB;
AM;
RJ;393.4
SC;564.0
MG;440.5
RN;
CE;694.8
MG;491.1
SP;622.5
CE;538.6
PI;
GO;478.0
PE;399.9
PR;537.5
ES;421.9
MG;391.8
TO;437.8
SE;495.2
SE;668.7
GO;511.5
MS;669.9
MT;406.7
PI;787.4
BA;898.7
PE;
GO;596.6
SP;676.6
PB;
MG;399.3
MG;542.2
RJ;593.0
MG;467.7
RJ;878.0
GO;470.7
DF;
RR;539.6
RJ;453.2
DF;
PB;528.9
BA;543.2
PE;557.5
PA;452.6
ES;
MG;433.8
GO;466.5
MA;444.2
PA;
MT;515.1
SP;600.9
RN;475.6
MG;524.9
SP;687.6
MG;520.9
MS;557.7
SP;
SE;572.9
CE;494.9
CE;
TO;
GO;
MG;
BA;
SP;598.6
MA;465.5
MG;
PB;580.1
MG;552.6
SP;
SP;
CE;531.2
BA;508.7
BA;642.8
RJ;621.7
AC;411.0
PE;486.7
PR;
BA;468.2
PB;
SP;
MA;426.7
PB;
CE;546.4
PE;448.6
CE;554.8
MG;
RJ;
SP;
GO;
BA;
MG;623.3
MG;884.9
RJ;433.9
SP;563.5
RJ;
SP;502.7
RJ;
CE;549.0
RN;502.8
SP;511.3
SP;454.4
SE;415.8
MG;664.5
MG;419.5
MA;562.2
BA;
BA;493.8
BA;741.9
SP;712.0
CE;500.0
PR;517.9
MA;412.1
CE;546.9
SP;506.3
PA;423.9
ES;428.7
BA;584.7
CE;745.8
MA;
MG;730.1
RJ;
MG;432.8
AL;417.9
MG;653.2
RJ;681.9
DF;426.6
PI;411.0
BA;505.9
PE;
MG;409.0
SE;430.8
SC;
BA;
MA;
GO;484.2
CE;
MA;
CE;750.7
CE;684.9
PB;417.0
BA;688.3
SC;
MG;567.3
MA;466.1
RJ;
MG;
MG;405.7
MG;530.0
PA;400.5
GO;403.3
CE;813.7
BA;434.6
SP;601.8
MG;870.0
MG;424.2
CE;441.5
CE;
SP;533.4
CE;536.3
MG;745.4
SC;
PE;510.8
GO;639.1
MG;441.1
BA;638.6
PA;
BA;658.5
CE;471.1
PI;510.3
RO;450.9
GO;
BA;480.1
GO;456.1
PA;518.2
RJ;394.9
RR;
PR;
MG;
SC;
RJ;606.4
GO;694.5
PI;649.5
CE;690.7
RJ;384.7
CE;399.0
PA;594.7
MG;393.0
RJ;485.3
MG;
AM;501.4
TO;463.3
PE;592.0
PA;
RO;
SP;547.6
PA;390.0
MA;454.6
BA;379.7
MG;645.7
GO;420.9
PB;461.6
PA;452.5
PE;553.1
SP;
GO;
BA;
BA;501.6
SP;435.3
PB;
RS;
BA;
RN;411.4
ES;402.0
BA;387.3
CE;
SP;669.3
PE;607.1
MG;432.6
SP;
MA;
BA;408.6
GO;428.9
RN;743.6
AL;607.7
BA;378.8
SE;572.1
PI;462.9
CE;611.2
RN;389.7
PR;551.3
RJ;422.7
SC;505.5
PE;454.1
CE;798.3
TO;728.0
CE;457.9
BA;548.6
MG;562.3
GO;
AL;640.7
MA;466.6
MG;613.5
BA;574.0
MA;
MT;385.9
GO;533.9
MT;432.8
CE;392.3
PR;627.5
GO;543.8
SP;560.7
PB;590.1
MG;551.8
SP;491.0
PI;489.0
PA;479.6
MA;642.5
PE;412.6
GO;567.7
SP;463.4
PE;412.8
RJ;
MA;529.6
PA;450.3
MA;529.0
RJ;648.1
CE;437.6
SP;514.9
RS;688.2
TO;571.6
RN;
PE;393.6
RJ;423.6
SP;436.9
CE;460.1
MG;701.2
RN;443.3
CE;473.4
PB;
MA;486.1
CE;721.6
SE;481.0
RN;
GO;
SE;507.1
PA;
SP;442.6
CE;528.2
PB;794.4
SP;439.7
MG;600.8
GO;497.2
MG;484.3
PR;517.8
RJ;674.9
PE;489.7
RN;524.3
PA;446.9
SP;491.2
BA;467.1
PB;429.6
PA;386.2
TO;502.3
PE;717.5
CE;585.0
PA;
PA;415.7
RO;439.6
SP;406.2
SP;524.5
BA;
CE;539.3
SE;406.3
SP;
SP;453.2
MG;704.7
PE;414.0
MA;563.2
SP;794.7
CE;442.3
PE;560.8
RS;
SP;558.7
RS;581.1
PB;591.2
PB;374.9
PI;493.4
MG;451.6
PE;428.7
SE;523.3
CE;
DF;524.8
SE;378.4
PA;375.6
MA;
RS;
PI;496.0
BA;409.1
CE;451.2
GO;505.7
SP;598.3
BA;372.9
CE;
MS;
MG;408.0
MG;559.5
TO;
MG;496.1
PA;424.5
SP;475.0
SC;
CE;616.7
BA;680.3
RJ;534.8
GO;
MG;477.7
MA;544.0
SP;
GO;
GO;458.2
GO;423.1
BA;623.3
CE;435.3
MG;543.1
CE;
MA;667.7
MG;670.3
PE;598.5
CE;
GO;723.0
MA;447.1
RJ;406.8
RJ;514.9
MG;731.0
ES;
CE;490.8
MA;
RJ;679.9
PI;
AM;502.3
MT;404.4
CE;454.2
DF;402.6
MG;646.1
GO;563.3
RJ;707.5
BA;462.4
RS;
ES;426.4
RO;
SP;430.0
PA;422.1
SP;
PE;614.0
PR;
RN;646.8
RS;406.3
PA;414.5
BA;496.4
PE;452.0
TO;396.7
PA;
SP;703.6
PA;404.9
ES;489.0
MT;453.3
GO;620.5
MA;
BA;410.3
SE;759.4
PA;
PE;
RN;
BA;
BA;670.6
BA;460.6
SP;569.4
GO;568.1
CE;405.6
AL;442.8
PA;
GO;409.8
SC;401.1
BA;655.9
SP;434.6
ES;403.0
CE;358.8
SP;
CE;558.1
CE;588.6
GO;484.3
SP;824.4
MG;574.7
PI;407.5
MG;406.9
BA;
PA;
BA;441.2
SP;528.2
PI;497.8
PR;576.3
SP;
ES;412.3
SC;436.2
CE;
PR;506.7
CE;674.4
GO;546.2
GO;445.1
SP;
MG;
MA;489.7
AC;
RS;886.2
CE;550.3
PI;
PA;
CE;440.2
RS;405.0
SE;576.0
BA;708.6
GO;521.9
GO;
PR;506.1
CE;448.4
PE;564.1
SC;420.6
PB;399.5
RO;601.5
SP;672.0
RN;655.2
SP;538.8
PE;
MA;386.2
RS;483.2
RN;484.5
PA;368.5
ES;814.5
BA;
MG;400.5
RN;576.0
MA;412.3
PE;684.0
SP;425.6
PA;414.6
PI;
SC;
SP;
BA;382.4
MG;781.5
PB;417.8
PA;416.0
GO;605.2
TO;
ES;576.0
RS;562.0
PA;
RN;606.2
SP;803.0
GO;
GO;
RJ;477.1
BA;450.7
SP;
MG;761.6
MG;643.3
PR;
RJ;565.6
AM;376.4
PR;532.9
SP;502.9
GO;
SE;493.6
SP;410.6
PR;727.0
AL;628.6
MG;648.3
SP;
MG;669.4
MG;662.6
SP;614.7
BA;
PA;419.4
BA;510.0
GO;
CE;391.8
BA;485.3
RJ;
BA;521.7
CE;607.7
CE;551.5
BA;370.8
PA;589.2
PE;
BA;451.2
RJ;440.1
CE;457.9
PR;515.4
CE;446.8
PA;384.6
SE;
MA;533.2
SP;449.7
AL;467.5
SP;494.4
MA;
GO;
PA;589.3
PR;588.7
RJ;704.0
MG;
RN;539.8
TO;506.5
MT;647.6
RN;574.0
PI;
MG;517.2
BA;478.5
SP;651.0
GO;493.5
PE;513.7
MT;
TO;454.0
CE;521.9
BA;447.4
RN;
PA;438.9
GO;360.7
SP;709.1
MA;
PA;
RJ;517.0
BA;452.8
PA;394.3
GO;391.0
CE;489.7
PE;405.0
MG;
RJ;396.7
PE;612.8
CE;399.8
RJ;381.2
MG;651.8
CE;
BA;499.3
PA;467.0
SP;395.3
ES;495.9
MG;636.3
DF;
MG;746.7
MG;630.6
SP;417.4
MG;
PE;
SP;409.6
GO;398.9
PR;719.5
RS;672.2
GO;
MS;624.8
BA;
MG;429.3
SE;529.0
PR;456.9
BA;703.3
PB;377.6
BA;668.5
PA;609.0
BA;
BA;
ES;502.6
DF;506.2
BA;409.5
CE;
BA;446.1
PR;698.6
MG;539.6
PR;725.1
BA;598.5
BA;
PE;619.5
MT;
PE;611.8
GO;475.4
SE;436.0
MA;470.0
GO;
PI;
MG;607.2
MG;462.2
GO;465.1
RS;441.2
PA;547.7
BA;647.5
BA;718.9
GO;
MG;634.8
CE;
SE;461.5
RN;546.2
MG;889.7
RJ;559.5
RJ;743.0
MT;747.1
PE;570.5
CE;482.2
SP;523.6
GO;433.4
CE;461.0
MT;573.9
PR;
CE;666.9
CE;619.7
PR;
PR;
PB;637.1
CE;422.1
SP;
MG;581.1
CE;454.4
PE;612.7
SP;
SP;398.1
PB;
RJ;
BA;439.3
SP;400.6
RJ;
CE;729.1
RJ;441.7
CE;
PI;625.2
RN;401.7
GO;478.6
PB;380.9
SP;481.4
MG;719.0
DF;389.8
BA;520.5
SE;362.9
RJ;429.5
RJ;433.1
PB;686.1
RS;850.0
PE;710.3
DF;425.8
GO;496.0
PA;389.1
CE;562.9
BA;500.9
RJ;652.0
TO;489.5
PE;
SP;479.4
DF;524.7
DF;490.6
CE;674.9
AM;564.4
CE;553.5
CE;484.2
MA;
MA;
GO;458.6
GO;403.9
PE;518.0
RJ;630.6
RJ;
PB;458.1
MA;438.4
PI;
RJ;492.8
BA;568.2
AL;371.3
PE;594.9
ES;414.1
PA;411.0
MG;731.1
CE;488.3
SC;478.7
SP;591.9
SP;639.3
MG;546.8
GO;467.8
SP;426.3
TO;390.4
SP;484.6
SP;640.8
PI;656.4
PE;559.4
RS;
MG;686.8
BA;660.6
CE;597.7
PI;408.3
SP;698.5
MG;483.7
CE;444.4
SC;
ES;529.3
RS;561.3
RS;696.7
RJ;439.5
CE;597.3
BA;612.9
PI;499.7
SP;443.2
PB;479.6
DF;533.7
CE;431.3
TO;502.0
SP;
MG;
MG;598.9
PI;
PR;427.6
CE;
SC;516.2
MG;394.4
CE;499.8
GO;561.3
PA;384.3
PB;
SP;666.4
GO;
CE;770.8
PI;654.7
BA;
PA;393.4
RJ;
BA;678.4
RJ;609.4
BA;649.5
GO;556.8
SP;627.9
MA;420.4
ES;535.0
PA;554.8
PB;
PE;580.3
RJ;
CE;423.8
MG;
MG;
MG;725.9
PB;384.3
MG;469.9
PA;417.4
PA;
BA;411.6
AL;490.4
GO;533.0
GO;852.1
PE;572.4
CE;479.5
ES;575.5
RS;537.8
SP;709.7
PA;492.9
GO;401.2
RN;393.7
RS;548.0
ES;
CE;463.3
PE;621.6
GO;429.7
BA;485.7
RJ;
PB;446.1
RN;508.3
BA;428.4
SP;470.3
PB;
MG;727.3
PB;
AP;600.4
PA;
GO;
PB;539.5
BA;704.5
PE;449.8
PA;396.0
BA;474.0
PI;415.8
SP;408.8
PB;629.9
RO;453.5
AM;575.6
BA;
PI;710.0
SE;573.7
PB;
PA;
GO;424.3
MG;
AL;488.7
PI;398.5
BA;507.0
MA;538.5
MG;562.9
CE;
MA;526.5
BA;
MG;407.9
PI;
PR;487.2
BA;432.3
GO;538.3
PE;488.9
MA;406.0
RJ;451.7
MA;486.5
MG;
RS;
GO;
RJ;447.7
SP;617.9
PA;439.2
MG;672.7
CE;
RJ;
PE;408.3
PI;393.1
SP;551.4
DF;536.6
CE;516.6
BA;420.1
PE;387.1
AL;685.2
RJ;471.2
PA;376.0
AM;471.7
GO;522.0
PA;567.9
RS;
GO;460.2
RN;
BA;468.8
RS;434.9
RS;755.8
PB;638.1
BA;424.3
SP;
PR;561.8
PI;495.6
BA;654.8
MG;674.0
CE;497.4
SP;680.8
CE;423.5
BA;466.3
MG;549.6
CE;413.8
SP;617.2
SC;422.4
PI;417.1
PE;
AL;779.1
BA;422.6
MG;685.9
MG;
RN;361.0
SP;694.8
PE;
MA;578.2
MA;731.6
PI;750.3
MA;443.0
PB;531.8
BA;444.5
MG;406.4
BA;
PR;631.1
MG;690.6
BA;534.7
SP;393.8
PR;547.1
PE;
GO;461.0
BA;475.8
MG;660.4
SP;482.8
CE;758.4
MG;
CE;444.0
PA;
RO;
ES;825.3
CE;403.8
MG;396.3
RJ;
AL;510.9
TO;468.8
BA;544.0
RN;429.5
PB;549.3
PI;
MT;
SP;423.5
CE;468.0
MT;438.7
BA;459.4
GO;404.6
PE;
AM;
GO;584.3
ES;
SP;
RJ;701.4
SP;
BA;470.2
SC;
GO;574.7
SP;578.9
BA;574.9
CE;
MG;528.1
PR;436.2
PA;386.5
PR;437.8
PE;453.4
RJ;
AM;
MG;593.7
MG;410.1
PR;719.0
SP;583.7
PA;417.5
DF;737.4
BA;
CE;
BA;532.8
BA;460.8
MG;510.2
RJ;627.4
MA;618.9
PR;
PE;748.7
PB;497.4
PI;387.3
GO;431.3
DF;423.5
MG;676.4
RJ;462.8
TO;403.8
MG;585.9
RJ;411.1
DF;526.1
GO;710.4
RJ;536.8
RJ;578.5
PI;430.9
MG;
MG;
RJ;453.3
PE;534.0
MA;
PA;441.8
BA;502.6
MG;471.4
BA;447.2
ES;545.1
GO;411.8
PE;392.3
TO;473.1
RS;711.4
PI;566.9
AL;624.8
PB;
BA;430.1
BA;590.4
GO;569.9
SP;
MG;704.3
RJ;471.1
SC;382.3
MG;
MG;
RJ;499.4
RS;480.2
MG;
PB;422.3
PB;522.3
CE;703.2
SP;537.2
CE;798.0
MG;653.7
PA;556.4
BA;522.7
CE;626.4
RJ;699.4
BA;516.5
CE;565.7
MG;500.3
PA;490.9
AL;453.2
SP;450.5
CE;673.9
DF;479.7
RN;707.0
SP;
SC;380.2
CE;382.9
MG;454.2
PB;641.0
MG;
GO;
CE;637.9
TO;
CE;
SP;523.1
PA;
AL;390.1
SP;
CE;683.5
BA;
SE;560.8
DF;520.9
GO;390.9
RJ;
SE;378.7
GO;508.2
CE;451.5
PB;462.8
PB;
ES;565.6
PA;416.3
BA;522.3
CE;513.3
GO;425.8
BA;481.1
PE;433.8
GO;658.8
PB;447.8
BA;
MG;
SC;700.0
GO;868.6
PR;460.7
PE;517.3
GO;430.2
PI;638.8
ES;488.7
MG;702.0
PA;450.8
BA;403.1
GO;595.2
RN;569.3
RR;540.3
RN;
MG;507.3
PA;503.7
BA;453.5
BA;449.7
AP;
PE;382.4
PB;532.1
MA;472.0
SP;
AM;
BA;380.9
PA;
SP;
CE;496.5
GO;538.8
GO;
MG;720.9
PE;477.8
MS;633.9
SP;
MA;512.7
BA;467.3
SP;638.2
RJ;396.0
GO;438.1
CE;382.8
PE;359.2
BA;464.4
SP;750.2
PA;
BA;555.0
SP;
CE;608.6
RN;463.7
BA;
PI;
GO;
MA;
PI;456.3
ES;512.6
ES;
GO;505.3
RJ;635.0
BA;564.6
MG;
CE;
SC;624.9
BA;463.3
PE;658.0
BA;545.0
PE;428.4
MA;431.1
RJ;
MG;397.0
GO;502.9
AL;459.1
RJ;396.1
CE;838.2
BA;605.0
SP;749.2
PB;
MG;
CE;510.2
MG;713.3
BA;491.3
PR;433.6
BA;
SP;577.6
BA;536.7
MA;435.7
CE;
BA;482.0
CE;464.6
GO;481.8
PR;410.3
AL;597.4
CE;531.7
BA;586.1
GO;800.9
SP;426.8
PE;370.2
CE;502.5
MG;510.8
BA;597.4
PB;428.7
PE;451.3
BA;480.5
PR;752.1
SE;561.9
ES;533.0
GO;619.8
BA;637.4
RJ;
GO;446.4
SP;597.8
PA;523.9
MG;590.2
RJ;587.5
GO;418.9
RS;591.6
RJ;
CE;
RJ;480.4
GO;
RN;464.7
PA;460.1
PE;422.5
BA;
CE;
DF;
SP;468.5
PB;
MG;500.0
PB;407.1
PB;
MG;
SP;576.6
SP;452.2
PA;572.4
SP;
PR;499.3
CE;494.2
MG;739.3
RS;759.4
PA;717.5
PE;435.6
CE;563.3
MG;471.8
RJ;
PE;504.4
BA;537.4
PI;589.6
PB;858.1
MA;490.6
MA;579.8
PE;440.6
RS;647.4
CE;398.8
MG;614.8
RJ;653.2
RS;573.4
SP;540.3
MG;649.8
PR;556.7
MG;569.3
CE;573.3
PE;516.2
PR;
RJ;483.1
RJ;517.2
CE;515.2
SP;771.8
BA;614.3
SP;572.4
CE;496.8
GO;603.2
CE;543.9
CE;455.5
BA;459.3
SP;713.2
SE;525.8
SP;441.7
MG;406.9
SP;442.0
GO;677.5
SP;613.3
GO;458.0
CE;650.3
SP;498.1
MS;636.6
RN;
BA;594.4
CE;627.6
GO;478.9
PE;
SP;557.9
CE;387.4
SP;604.7
BA;477.3
SP;401.0
BA;
SP;468.6
PR;403.1
TO;
SC;612.4
PE;431.5
PR;
CE;548.2
BA;523.0
MG;639.0
GO;
RS;471.5
GO;516.2
MG;604.7
PA;382.1
MA;449.3
MG;509.9
PE;849.8
BA;564.0
PA;568.0
MA;445.9
AM;550.5
BA;642.9
CE;404.2
MG;675.2
CE;621.3
CE;469.8
RN;479.6
SP;453.0
BA;377.2
SP;
SP;688.0
PR;534.4
SP;899.5
BA;431.5
CE;425.6
PA;393.3
SE;
GO;
BA;625.0
RN;415.2
SP;
RN;496.9
GO;462.7
GO;490.9
RN;491.7
BA;466.4
PI;450.7
PA;402.7
RJ;399.1
BA;429.9
SP;
RJ;412.3
RJ;652.8
PR;814.2
ES;518.4
CE;669.5
ES;
PI;694.1
BA;595.5
SP;
PI;732.1
SP;464.2
DF;576.5
PB;
PA;572.3
MG;
SP;
BA;
BA;391.4
BA;546.8
ES;
BA;
MG;420.8
MG;403.9
SC;529.7
PI;479.9
SP;484.8
ES;671.7
SP;660.6
RS;422.4
TO;452.2
GO;
RJ;655.8
AP;468.2
MG;484.6
SP;607.8
MG;537.5
SP;591.7
BA;548.7
SP;681.2
SP;425.9
SE;602.4
MG;719.2
PR;413.5
BA;490.6
BA;
GO;500.3
MG;745.3
RJ;484.8
AM;
MA;468.6
SP;
BA;
GO;464.1
MG;635.1
RS;587.1
CE;612.5
BA;438.9
PR;
SP;690.7
RS;428.0
GO;742.8
ES;717.5
MG;639.8
GO;428.3
PA;504.9
ES;
PR;574.9
GO;470.2
CE;505.5
BA;598.9
PE;492.1
AL;
PI;426.6
MG;647.5
PB;454.3
SE;400.4
GO;
PA;581.9
SP;609.8
GO;543.7
PB;534.0
RN;382.3
RJ;444.3
MT;620.2
BA;
PI;463.9
CE;469.7
PB;372.6
CE;478.3
AL;464.9
RN;
CE;610.1
PI;431.4
SP;773.9
MG;
AP;477.8
SP;412.5
SE;657.9
MG;416.8
SP;436.7
SP;
MA;
GO;445.8
MG;685.9
RJ;503.8
CE;399.4
SE;531.6
SP;410.7
GO;528.1
CE;819.6
GO;
GO;408.4
CE;470.7
RS;
MG;556.2
PI;475.3
GO;
SP;513.8
PE;775.2
SE;428.2
PI;480.4
GO;485.3
PB;423.4
BA;707.0
PR;638.5
SE;432.3
MG;565.0
DF;390.4
SP;436.2
PE;423.4
CE;
BA;435.2
SP;862.7
MA;694.2
GO;531.2
ES;
MG;
PR;495.1
MA;
AL;467.8
BA;
CE;538.1
GO;
BA;432.6
PR;
AL;461.3
GO;406.7
DF;421.6
BA;426.5
TO;461.5
MG;728.1
RJ;466.0
SP;
GO;680.8
MS;400.6
SP;767.3
MG;637.6
BA;513.7
GO;
MG;480.4
SP;432.2
SP;438.2
PA;
RJ;716.6
MG;606.4
BA;663.6
MA;467.7
SP;
BA;558.7
RJ;620.7
RJ;490.6
BA;
MS;635.8
MG;418.2
GO;497.4
PE;639.2
RJ;592.2
RJ;361.5
PE;659.1
PR;409.9
CE;458.0
AL;443.5
PR;
PE;413.6
MG;412.1
SP;394.9
CE;501.7
MG;566.9
SP;498.3
PI;
PA;404.2
MG;542.0
MG;
BA;606.5
MA;
RN;585.3
RS;635.1
BA;428.7
BA;404.9
PB;
SC;410.2
PI;
GO;
PR;406.7
RJ;
GO;446.8
CE;539.0
RJ;
MA;522.8
MG;513.0
GO;598.2
CE;420.8
AL;590.3
PA;574.2
CE;597.7
PA;403.1
GO;403.1
RN;445.8
BA;
RS;584.6
SP;517.3
PR;551.2
MG;416.3
RJ;650.2
MS;
GO;464.6
PR;513.5
MG;
MG;
BA;459.2
MG;741.6
SP;443.2
SC;564.3
PA;382.0
RJ;364.4
AM;
MT;523.7
MA;401.0
DF;521.5
MG;593.7
RS;609.6
PB;
SP;560.7
AL;759.3
SP;585.7
ES;713.6
MG;392.1
PI;371.4
MA;464.9
PA;526.6
BA;709.6
PI;410.0
SP;560.8
CE;423.5
CE;466.7
RS;897.0
CE;539.6
MA;
MA;627.8
SE;496.4
AL;
SE;
MG;
RJ;429.9
TO;596.6
PA;372.3
PI;490.1
RN;752.1
SP;572.9
BA;476.3
CE;
MS;
GO;445.2
CE;
PE;
GO;587.9
MG;535.2
PE;538.2
GO;521.4
ES;443.3
SE;513.0
GO;447.6
RJ;519.1
RS;416.2
RJ;710.4
SE;
PB;765.3
PB;389.7
PE;741.7
ES;442.3
GO;644.2
RN;721.2
MS;
GO;
RN;
MA;
SE;
CE;668.2
RN;362.6
SP;
PA;371.9
CE;462.5
RJ;587.9
BA;428.2
GO;434.5
GO;478.7
SP;456.1
BA;
SE;
MA;631.8
PR;380.4
PR;
MT;362.3
PR;527.7
DF;854.5
ES;412.3
SE;481.9
SP;702.3
PR;530.4
GO;434.7
RJ;
RS;438.4
AL;
GO;533.8
MG;521.7
PA;437.3
MG;379.8
GO;523.4
RN;380.9
PE;
PB;632.2
SC;524.1
PE;396.3
CE;591.6
MA;495.2
SC;474.8
SP;579.7
SC;517.8
PE;464.2
RS;533.6
PR;675.0
RJ;629.4
GO;572.1
RJ;519.6
PR;369.4
BA;445.5
PI;496.8
BA;412.1
SE;
CE;
BA;542.4
SP;598.2
PA;413.8
DF;554.4
PI;403.5
CE;610.9
BA;425.6
PE;402.8
SP;
PI;484.1
CE;406.8
GO;506.5
GO;434.4
GO;521.0
PA;433.4
MA;385.7
MG;400.7
PB;547.0
SP;
PA;
SC;710.9
BA;471.0
PB;571.0
SP;
RJ;682.6
MG;
MA;534.8
PI;420.2
GO;539.0
MG;645.0
SP;740.7
BA;641.4
PR;
GO;564.3
BA;577.8
PA;588.2
RJ;
SC;507.2
CE;511.1
CE;432.7
PB;
GO;436.0
SP;
CE;
AC;522.1
MG;
TO;
MG;
PE;388.7
BA;
PA;632.9
RO;
GO;387.3
BA;460.8
BA;432.5
SE;554.2
PA;489.2
GO;684.4
PE;465.6
MG;
MG;568.7
SP;385.2
CE;407.6
MT;498.7
RS;651.6
GO;
BA;
SP;
PB;457.7
CE;505.5
MT;658.6
DF;414.2
RJ;501.3
TO;
SP;582.6
ES;524.8
BA;
MG;
RS;
BA;379.3
GO;
RS;
SP;460.7
PE;637.6
PI;392.9
MG;474.8
GO;
ES;789.5
PE;603.0
PE;447.1
PI;802.7
RO;471.1
MA;455.3
DF;693.2
RJ;
GO;
MG;491.6
BA;420.9
GO;382.4
SC;482.3
PE;446.6
PE;579.7
BA;410.1
PE;579.7
PI;
SE;
GO;
PB;
MA;423.8
RS;447.1
GO;509.0
PB;
PE;
PE;511.1
SP;597.4
SP;622.6
AP;
AL;418.7
SP;499.2
CE;445.1
CE;585.3
MG;520.9
GO;402.7
PI;
RS;747.0
SE;
RJ;508.6
CE;485.3
RJ;391.2
PR;
ES;411.7
PB;382.1
MT;
GO;432.7
RJ;
BA;468.8
SP;444.2
RJ;586.7
MG;479.0
PA;568.3
MG;737.4
RN;433.3
SP;510.8
SP;411.3
SP;
ES;484.3
PA;536.0
SP;440.8
MA;476.3
MG;403.8
PE;418.7
PI;617.0
MA;425.0
PE;546.9
ES;524.5
RN;390.7
CE;
BA;420.9
RJ;
MG;
MG;
RN;504.4
RJ;
BA;452.7
PB;557.3
BA;
RS;429.6
RN;455.9
CE;419.6
PE;
AP;410.0
PB;434.3
PB;387.5
CE;526.3
DF;538.4
CE;
SC;567.5
MA;618.3
SE;
RN;617.6
BA;
MG;542.5
RJ;
PI;410.0
MG;650.5
BA;
SP;545.2
PB;462.0
SP;686.6
MG;556.3
PR;
BA;540.2
SC;615.9
MA;437.1
PR;430.5
PA;428.2
GO;423.0
SC;
PR;399.2
PA;465.7
SP;602.8
PA;470.0
PE;674.9
BA;398.0
PA;445.7
PE;445.1
PR;
CE;514.4
ES;601.3
BA;429.1
CE;787.6
SP;604.7
GO;471.9
ES;660.9
MG;723.0
CE;564.6
SP;
MG;622.5
BA;478.1
RS;
RO;
MG;645.9
BA;502.7
PB;524.6
PA;707.7
MT;412.5
RN;469.6
RJ;588.6
RS;490.6
MA;
RJ;659.2
CE;732.9
CE;649.2
CE;531.5
SP;519.3
PA;515.2
GO;426.9
ES;539.5
SP;
MG;466.6
PA;404.6
GO;
AL;556.5
CE;454.1
PR;866.3
GO;658.7
BA;445.7
CE;632.3
RR;412.7
CE;515.6
PB;590.6
MG;440.8
MG;417.0
BA;638.4
PE;461.9
GO;433.4
MG;519.8
RN;412.1
PA;628.9
PR;
BA;
PR;716.0
PE;
MG;803.5
BA;412.4
CE;418.0
PB;722.2
MA;
BA;
PA;452.1
SP;556.7
GO;
SE;505.2
GO;449.1
PR;520.9
SP;575.8
MG;
BA;
ES;
CE;487.4
RR;383.4
BA;
BA;408.5
PA;406.9
BA;563.3
PI;
MG;659.9
CE;
GO;435.2
PE;
SE;811.7
BA;410.1
CE;489.8
BA;
BA;516.7
RN;610.0
MG;672.6
RJ;464.2
MA;
PA;565.8
PA;508.3
PE;
PA;807.3
CE;513.9
SP;
CE;
PA;483.9
BA;653.4
CE;509.6
GO;473.4
CE;
MG;
MG;663.6
PB;657.3
BA;517.8
CE;472.8
PA;437.6
PR;
PE;458.8
SC;579.7
BA;578.0
SP;399.9
RN;588.6
GO;433.6
RJ;
SP;450.6
MG;554.5
SP;590.3
GO;509.7
SE;444.9
SP;626.9
GO;610.1
ES;595.7
RJ;556.1
PB;497.6
GO;
SP;639.3
BA;412.1
RJ;453.2
GO;702.2
CE;738.0
MA;676.9
ES;670.3
GO;682.7
SP;546.1
CE;423.2
PE;522.3
MG;870.6
RS;645.7
BA;618.7
PE;493.9
BA;388.1
PI;512.6
PR;
PR;495.1
CE;439.3
BA;475.2
SP;
BA;518.1
CE;413.5
GO;631.6
PE;
RJ;511.4
SE;538.1
MG;522.2
PA;395.6
PI;409.0
CE;575.6
AP;395.4
PA;
CE;
MG;584.0
CE;520.2
RN;483.8
MG;
GO;543.0
SP;
PR;
MA;433.6
SP;
SP;714.9
BA;481.9
BA;
PA;440.8
BA;419.2
PR;413.4
RS;662.2
BA;451.3
CE;417.1
BA;
MG;411.6
SC;682.1
SP;
BA;580.9
MG;505.9
GO;
RO;
CE;529.8
MG;664.7
RN;463.5
CE;561.0
GO;
PI;
PB;551.7
BA;
PE;490.7
RN;413.1
MT;484.1
RN;423.2
SP;468.4
PA;404.6
PE;
PR;597.6
SC;770.8
GO;741.8
MG;
RN;456.5
MS;
SP;748.9
RJ;
MA;
DF;776.6
SP;381.4
MT;716.9
SP;
MT;445.7
SP;383.0
PI;715.7
MG;
SE;464.4
RJ;
PB;813.1
SP;
MA;471.0
SP;792.8
CE;396.2
MG;462.5
SC;389.3
TO;493.1
CE;429.1
SP;614.3
BA;553.2
PB;433.0
MG;699.3
MA;685.1
SE;483.2
PR;641.8
SP;722.9
MA;585.6
PE;427.7
SP;
PA;454.3
PA;588.7
MA;423.2
PE;
CE;462.3
PA;490.1
RJ;440.3
RJ;446.0
RJ;374.0
BA;432.5
RJ;
SP;
RS;629.3
PI;560.7
SP;
GO;560.5
TO;656.4
SP;
CE;
ES;752.3
MA;624.1
PE;667.4
SP;425.7
RJ;603.5
MT;
AM;419.6
MA;
BA;413.2
PE;556.6
RN;431.9
CE;460.2
PA;409.5
CE;672.6
BA;779.4
PE;425.2
GO;439.5
CE;512.3
GO;410.6
GO;
RO;629.4
DF;676.1
GO;763.0
PI;560.9
SE;474.0
MG;637.7
CE;412.8
PA;
SP;580.2
PR;450.0
RJ;646.3
GO;666.1
GO;569.6
CE;410.9
RJ;
CE;
SP;641.0
PA;
PE;633.9
AL;786.7
CE;452.7
PA;422.1
MG;505.0
MA;509.9
PB;592.1
CE;690.3
SP;656.8
SE;
SP;441.6
BA;489.2
BA;
CE;530.5
RJ;552.8
SC;467.7
PE;544.0
CE;
BA;381.4
CE;491.9
CE;843.8
CE;
CE;414.3
CE;420.5
BA;
CE;789.2
RJ;497.5
GO;414.9
PR;454.0
MT;422.8
PE;462.6
SP;581.1
PA;751.0
GO;472.4
MG;788.4
BA;
MG;497.3
RS;595.9
SP;429.6
CE;626.2
CE;438.6
AM;453.4
BA;
CE;474.9
RJ;677.1
GO;394.7
BA;
PA;730.7
CE;575.2
PA;
SC;
PB;438.4
SC;635.9
MA;558.9
PA;482.8
BA;372.1
GO;418.7
MA;459.5
BA;393.5
MA;434.3
PI;656.6
GO;403.1
SP;727.6
PB;558.6
MA;567.1
GO;
MG;757.0
CE;470.3
PB;554.2
SE;632.3
SP;650.0
PE;431.5
RJ;446.8
CE;438.2
GO;
CE;411.9
SP;528.5
PE;456.3
MG;668.7
MG;820.3
GO;462.0
MG;557.9
GO;460.8
RN;764.3
MA;375.4
MG;375.7
CE;423.0
RS;370.5
BA;704.8
RS;0.0
RS;385.9
DF;
SC;557.3
SP;547.2
SP;459.7
BA;370.3
MA;586.2
MG;471.1
MT;388.2
MG;677.3
SE;371.4
MG;
BA;682.8
CE;
RN;411.6
GO;
PR;541.1
PE;489.3
CE;476.0
MG;440.4
GO;524.9
CE;
GO;468.8
TO;
RS;707.3
AL;
CE;661.9
SP;693.9
RN;409.6
CE;713.4
MG;527.7
PE;740.3
BA;446.8
CE;439.0
RJ;697.2
PA;
BA;430.0
MS;621.8
BA;741.3
PB;605.6
DF;
SP;
SP;391.4
MT;548.3
SP;550.5
GO;458.0
MT;658.3
AL;561.3
ES;472.6
PE;437.3
CE;566.4
MG;759.4
PE;372.8
CE;411.5
CE;493.7
RJ;427.9
RN;503.3
PB;433.6
BA;495.2
PE;729.9
BA;
MG;586.2
SP;598.0
PB;462.1
PR;712.5
SE;707.5
BA;434.7
BA;691.2
CE;460.9
SP;
PA;
RJ;612.0
MA;504.2
CE;456.5
GO;
BA;415.9
PB;733.8
BA;604.1
SP;473.2
MG;
SP;744.7
BA;393.3
CE;518.7
PB;630.9
PA;526.8
SP;642.3
MG;610.4
AP;467.2
PI;461.2
SP;
ES;481.4
TO;633.9
BA;415.6
SP;651.9
BA;461.2
CE;
TO;395.3
BA;416.1
GO;
MG;396.0
PR;412.9
PB;417.4
PE;585.4
PR;564.5
CE;830.1
PE;470.3
CE;814.1
BA;405.6
PA;424.0
RN;561.9
SE;522.7
GO;
CE;596.7
MT;696.9
PI;
SP;453.5
GO;365.6
TO;
CE;632.4
GO;436.8
GO;636.7
MG;
SP;
AM;450.2
TO;388.2
GO;399.7
CE;531.7
RN;424.9
RS;506.9
PA;605.3
GO;
SP;789.9
BA;480.7
PB;
SP;409.4
SE;512.8
BA;
ES;781.4
MA;421.8
SE;700.3
PI;436.4
BA;
MA;622.9
MG;689.6
SP;
PB;
SP;
RJ;437.2
MS;477.9
PR;372.0
GO;708.8
AM;414.3
BA;562.7
SP;715.9
SP;523.8
GO;441.3
MA;430.7
MA;708.5
CE;493.1
CE;523.0
PE;405.5
SP;598.6
SP;
PI;401.0
CE;
MG;691.1
MT;
BA;395.0
MG;622.0
RS;499.4
CE;495.3
PR;387.2
PE;381.8
RS;708.4
ES;579.5
PB;461.8
CE;
AL;395.4
SE;494.9
AL;387.2
PE;557.8
CE;460.8
CE;429.7
AP;565.1
MG;575.5
BA;526.4
PA;544.8
GO;746.7
TO;626.6
PA;
GO;483.4
SP;673.3
CE;537.3
PI;571.8
BA;436.1
CE;
MG;469.8
RN;387.9
PI;
SP;731.7
MA;
SC;688.5
RS;
RN;584.8
PA;
CE;431.1
AP;
CE;
GO;
GO;
MG;
GO;
MG;732.2
PE;448.8
PB;
PB;680.8
MG;
ES;567.2
RO;
RJ;741.0
BA;512.3
PB;764.2
CE;410.0
CE;
AL;543.2
SE;378.5
GO;424.2
SE;495.4
PA;558.5
PR;603.1
SP;
SP;468.3
BA;471.1
SP;713.5
MG;776.4
SP;533.5
PI;435.3
CE;471.6
MA;538.7
PB;440.6
PE;586.6
RJ;528.9
MA;681.3
BA;
SP;
AP;372.2
ES;641.3
CE;505.2
RJ;481.9
PA;391.7
PE;650.8
PR;483.4
SP;
CE;704.8
SP;561.1
RJ;581.6
RJ;798.8
MG;747.7
CE;541.5
RJ;615.7
BA;413.9
DF;512.1
BA;415.6
ES;402.8
SP;750.3
MA;461.9
MG;694.7
SP;362.9
RJ;467.6
PR;539.5
CE;
GO;573.4
GO;527.1
AL;647.9
SP;
MG;756.0
PI;738.4
RN;466.4
GO;672.8
CE;
DF;492.2
MG;599.8
GO;597.9
BA;426.0
RJ;540.4
MA;
CE;538.7
GO;
GO;408.5
AL;435.9
BA;
PB;447.4
RS;468.8
PI;480.3
AP;441.8
PA;
PB;
ES;
MA;
MA;
GO;553.3
BA;595.5
MT;755.0
MA;
GO;
SE;
ES;
CE;511.4
GO;496.7
PA;
AP;547.0
CE;470.9
PB;546.7
PA;452.0
PR;671.3
MG;442.9
BA;656.3
MG;
SE;
BA;440.7
BA;561.3
PI;395.3
PI;441.4
BA;500.3
RS;
BA;419.5
PA;731.4
MG;465.7
PR;599.8
PA;436.1
PE;654.5
BA;
SP;
MG;
MS;
GO;541.1
BA;389.4
PE;396.0
BA;647.8
GO;
MA;
CE;
PE;
BA;394.7
MA;446.3
BA;750.1
PA;
GO;
PA;
PA;423.8
MG;793.3
PI;417.6
SP;
PR;650.0
MG;
RS;519.5
SE;599.1
RJ;476.2
PB;453.8
RJ;401.8
SP;714.8
BA;
PA;
PB;450.3
SE;
MG;484.4
PE;451.0
MG;
PR;687.9
PE;478.1
MG;425.3
PE;474.5
SC;
CE;492.7
MG;422.8
MG;
SP;
PB;412.8
MG;483.8
CE;737.9
PR;437.6
GO;553.8
BA;459.8
CE;
BA;561.4
PI;373.1
BA;420.0
MG;596.1
SE;463.0
ES;478.8
SP;562.4
PE;
SE;489.2
PA;455.7
CE;544.1
RJ;512.8
AM;542.8
GO;380.8
ES;
MG;661.0
PA;
RN;
MG;565.7
MG;
AL;446.6
CE;
PA;528.9
SP;527.7
PI;644.6
SP;807.7
BA;726.9
MG;
BA;599.9
AL;555.9
MG;703.2
RS;395.0
PR;478.2
GO;437.9
SP;661.6
MA;
DF;587.8
BA;381.1
PB;392.0
GO;445.4
GO;392.5
PI;400.3
BA;611.6
RJ;430.2
TO;426.6
PE;460.1
PA;717.5
GO;405.9
RJ;440.4
SP;660.4
ES;503.0
MT;384.1
PE;
PI;
RJ;
PI;457.9
PR;531.5
GO;467.5
PE;735.7
GO;410.1
MG;502.9
PR;485.6
PE;470.2
TO;727.1
RJ;697.9
SP;
MG;517.5
MG;443.3
MG;702.2
SP;559.8
RJ;
CE;726.8
PE;637.3
GO;768.7
PE;411.7
BA;
RS;392.3
PR;617.2
SC;475.2
PR;388.9
RS;573.2
RS;
BA;581.7
ES;
SP;
GO;597.6
GO;398.9
CE;643.8
PI;
BA;
SP;675.7
SP;782.5
PE;505.4
GO;471.6
RJ;516.4
GO;430.0
RS;515.7
MG;606.1
BA;535.8
PI;431.8
BA;588.3
CE;581.8
CE;389.5
ES;547.0
BA;506.2
MG;592.8
RJ;627.2
MA;
MG;572.4
GO;584.4
GO;578.7
PA;397.6
RN;630.0
MG;586.6
PE;805.0
PI;413.6
BA;
BA;565.7
MA;440.4
SP;
BA;469.0
CE;925.1
PB;427.9
RJ;389.9
CE;441.2
SP;530.7
SP;601.1
BA;
MG;481.8
SP;587.4
RJ;559.6
PI;410.9
PA;
AM;
RJ;451.5
PR;628.5
BA;604.9
BA;422.6
SP;
PE;447.4
CE;450.2
MA;663.0
PA;611.0
SP;490.5
CE;481.5
RJ;408.3
CE;362.0
PB;396.2
CE;741.4
MG;383.6
DF;656.6
AL;396.3
SP;
BA;540.7
CE;670.3
SP;728.5
MT;736.2
DF;728.9
GO;517.1
RS;551.4
PI;545.8
MA;518.0
SP;740.8
PE;
SP;537.6
TO;407.7
DF;
GO;420.2
ES;624.8
BA;
DF;
SP;560.6
SP;702.5
MG;
AP;470.2
RS;
MG;637.2
BA;413.5
MG;621.4
SP;447.3
RJ;478.3
RN;
RN;
SP;399.4
SP;492.9
BA;581.6
CE;
AL;485.7
PE;628.0
MA;490.0
ES;
AL;704.1
GO;422.5
CE;401.5
RJ;719.9
RS;
GO;559.5
CE;
SP;657.1
RN;615.0
SP;601.1
MG;524.3
PE;501.4
RJ;609.4
GO;
MG;589.6
GO;384.4
PI;639.7
MG;800.0
TO;470.6
BA;582.8
BA;401.5
RJ;484.5
AM;607.3
AL;483.4
PI;552.9
RS;593.8
MG;599.6
CE;
GO;473.5
SP;477.8
MT;466.0
RJ;
MG;517.3
SP;
GO;
BA;464.9
MT;886.3
GO;426.9
RJ;491.1
SP;
PR;
RJ;
RO;
RJ;451.2
GO;476.1
SP;
RJ;458.5
GO;642.1
PR;
ES;712.2
CE;450.7
SP;707.2
CE;
PA;593.6
SP;411.0
RN;362.0
GO;
CE;537.5
ES;660.7
MT;522.8
PB;588.7
CE;581.3
RJ;458.1
RJ;
GO;423.8
SP;
MG;
SP;
MG;
CE;
CE;475.1
BA;
MG;
CE;
BA;508.1
MA;
MA;385.5
BA;358.5
BA;658.2
MG;
PA;573.8
RJ;647.8
PA;380.3
CE;481.5
SP;447.0
PA;619.6
MG;552.8
BA;468.7
DF;492.8
SP;713.1
BA;
SP;783.4
CE;877.7
CE;401.5
SC;445.7
TO;369.0
GO;482.7
RJ;740.7
GO;
RS;395.5
SC;
MA;514.4
CE;469.8
MA;456.6
GO;580.3
PB;568.0
RJ;513.8
AP;749.6
RJ;643.2
AL;431.7
CE;716.9
RS;631.1
GO;731.9
PA;703.5
SE;393.5
BA;
BA;532.3
PA;524.0
BA;
SE;370.9
MA;687.5
GO;
CE;375.7
MA;
CE;534.2
CE;485.0
PA;
MG;565.3
RJ;569.0
PA;412.0
MG;485.5
PA;
PA;475.7
MG;427.7
RN;621.4
BA;553.4
PE;
RJ;
PI;668.8
BA;
PR;526.9
PE;396.8
BA;570.8
ES;
CE;701.5
RS;
GO;396.4
MG;
MG;366.5
RJ;
BA;410.6
PE;679.4
RJ;
GO;465.1
GO;
PR;454.8
PE;458.5
MG;400.5
SP;682.8
DF;413.4
ES;568.0
PB;578.5
PR;706.6
MG;
GO;402.0
CE;492.3
PA;
CE;511.2
AM;459.1
SC;448.0
CE;563.0
MG;674.5
GO;
PE;439.4
MG;
RJ;523.0
PR;698.9
MA;372.9
MG;
PA;411.6
DF;
CE;467.6
PA;
GO;516.3
SE;480.3
GO;459.0
CE;402.2
ES;504.1
MA;480.7
AL;385.6
CE;489.1
CE;
ES;723.2
AM;
CE;
CE;431.6
CE;429.7
MG;652.6
BA;
GO;603.5
PR;
AM;
RS;527.7
SC;
SP;544.6
GO;432.0
PI;610.5
BA;
MA;436.3
MS;539.0
AL;435.7
BA;
PA;682.2
ES;790.9
RJ;543.5
ES;625.5
RJ;672.0
ES;
MG;727.9
SP;801.5
RN;
BA;575.8
SP;
MT;406.0
SP;588.4
RJ;835.4
SP;
GO;500.0
MA;426.9
MG;
RJ;465.2
AL;670.3
SP;
SP;612.8
CE;449.6
SC;
RS;733.0
BA;755.7
PE;703.3
RN;459.2
SE;458.1
RJ;628.4
PI;475.7
GO;
BA;
ES;
AL;513.9
GO;402.7
PR;602.2
PB;
GO;456.8
RS;520.1
ES;700.1
DF;644.4
CE;442.8
PE;628.1
MG;587.3
BA;532.7
GO;840.7
GO;540.9
CE;509.3
MS;485.8
PI;426.5
CE;705.8
MA;428.2
PA;506.1
RS;487.6
BA;650.3
ES;393.3
SP;
BA;392.8
PA;450.5
BA;
SP;560.6
ES;602.7
MG;501.2
MG;502.4
SE;404.8
BA;456.4
CE;662.6
MG;730.7
CE;538.6
CE;547.3
SP;
PE;459.2
CE;439.3
RO;509.1
SP;421.3
MG;775.9
SE;441.2
CE;454.1
CE;454.1
BA;471.2
BA;721.6
ES;
BA;362.5
PA;449.2
CE;410.5
MG;449.5
MA;581.2
SP;794.6
SP;535.0
PB;623.4
CE;766.4
CE;538.9
MT;516.0
CE;
SP;
BA;450.2
CE;381.9
BA;468.7
ES;741.9
SP;592.6
DF;501.9
GO;
CE;
BA;607.1
SC;395.6
RJ;468.3
SP;
PE;419.2
PB;573.5
MA;598.4
RJ;
CE;433.4
MG;459.9
PE;486.6
ES;
DF;531.1
SP;577.4
GO;378.2
GO;
PE;497.3
RJ;
PE;388.6
RN;731.1
MG;436.6
PI;476.4
GO;650.7
SP;709.9
PR;
BA;513.1
BA;378.6
MG;657.8
GO;463.6
MS;
PR;529.5
RJ;482.0
RN;580.7
PE;442.7
PI;
GO;
SP;
PA;
SC;570.9
CE;594.7
BA;418.4
PE;622.4
MG;
GO;
AM;603.0
PA;547.0
GO;458.7
PE;532.5
MT;
MG;
BA;431.6
GO;631.8
PR;
MA;
BA;531.8
MA;468.6
GO;500.0
PE;553.8
GO;525.7
RJ;577.9
SP;637.3
MG;544.3
RS;453.5
GO;426.6
SP;618.8
PA;392.4
PE;607.0
BA;428.1
SP;
CE;394.6
MG;
BA;721.7
SP;387.8
AL;403.6
MG;698.5
BA;617.2
AL;383.5
MG;496.2
GO;467.3
SE;498.0
CE;462.3
SP;571.2
DF;672.9
TO;524.9
SP;547.8
GO;416.2
MS;791.2
PI;366.9
MG;385.8
RJ;455.6
GO;647.6
MG;
GO;464.3
RN;749.3
MA;693.1
SP;512.0
ES;623.3
GO;514.1
MG;714.8
MA;431.5
RJ;480.4
MG;536.9
AM;
SC;
GO;446.2
CE;508.9
MA;471.2
PE;700.7
PB;355.9
ES;
PI;401.6
AL;585.7
CE;619.2
CE;526.7
MA;642.5
GO;
SE;
GO;
RJ;431.4
CE;524.7
RN;427.8
GO;520.6
GO;502.3
PI;469.4
MG;478.5
PE;470.1
PR;437.1
GO;645.6
CE;
SP;732.9
MA;
PE;560.0
ES;444.3
GO;724.4
MG;595.8
AP;366.3
MG;
PI;
CE;414.9
PE;538.8
PB;719.5
PA;683.2
BA;556.3
GO;617.5
CE;
PI;397.1
PR;629.3
GO;472.7
GO;
BA;458.8
BA;
CE;426.3
DF;621.2
PA;386.9
RN;363.9
SE;524.9
CE;493.5
MA;
RN;
BA;500.9
BA;609.5
BA;717.1
SP;475.3
BA;465.5
PE;918.5
SP;
ES;505.1
MT;498.3
PI;701.2
RJ;
PE;424.0
BA;530.2
SC;481.8
PE;636.3
PR;574.6
CE;
MG;410.2
CE;801.5
BA;
RJ;401.9
MG;862.8
SC;
RN;493.7
BA;
SP;
PI;476.2
GO;546.6
RS;444.5
PE;434.9
CE;
PA;449.7
MG;749.6
SC;457.6
PA;491.1
SP;634.8
DF;417.2
RS;517.4
SP;671.4
CE;
RN;415.8
SP;511.1
CE;615.9
RS;619.6
RJ;425.4
MG;758.8
CE;431.8
SE;415.4
PR;618.8
GO;599.6
AM;455.5
RJ;
SP;463.4
AL;493.9
AM;444.3
PE;
RS;604.3
GO;458.2
BA;552.9
MG;
BA;523.6
CE;565.5
MG;
ES;558.2
PE;469.1
BA;678.4
CE;362.0
MT;637.5
SC;722.4
GO;412.1
PA;754.2
GO;765.7
GO;
MG;598.6
RS;665.0
SP;558.1
RJ;412.9
RN;467.2
PA;665.1
MG;584.9
MA;455.5
PA;559.1
PE;
RN;
MG;599.9
PA;
CE;
PA;628.1
MT;779.7
SP;512.9
RJ;421.0
PA;509.1
GO;419.6
BA;394.8
PB;406.2
PE;468.5
PR;489.6
CE;474.0
RS;
PA;621.3
RN;762.6
BA;612.4
GO;612.5
RJ;382.3
CE;422.0
SP;689.2
GO;554.3
GO;452.1
CE;721.8
CE;
PA;544.5
MG;
PR;550.6
PA;
GO;387.9
MG;420.2
ES;394.0
PB;460.9
MG;474.9
CE;419.1
PB;
BA;
SP;803.8
CE;421.6
MG;833.3
BA;722.7
SP;
SP;381.0
MA;411.1
RS;492.1
ES;434.9
PI;368.7
ES;686.1
PI;445.5
MG;
BA;410.2
BA;
GO;509.7
BA;464.1
CE;496.5
PA;429.3
CE;524.4
SP;487.3
PR;530.5
CE;492.5
MG;675.4
SC;653.7
MA;536.5
MS;505.1
ES;625.2
MG;
PA;
RJ;453.6
SP;619.8
CE;489.8
CE;650.4
AL;
DF;509.9
SP;
MA;433.9
BA;415.5
RN;419.4
SE;569.3
BA;
MG;
BA;451.9
SP;
CE;
MG;752.4
MA;673.5
SP;
MG;650.4
MG;
PI;415.3
PB;698.0
RS;
AL;569.5
MA;514.1
SP;457.0
RS;704.6
TO;373.1
GO;473.8
MA;591.6
MA;548.9
MT;429.5
GO;409.8
BA;
PI;430.7
TO;482.7
CE;667.7
SP;407.0
ES;647.1
SP;755.0
MS;670.2
BA;504.2
SP;680.0
SP;743.0
SP;617.1
PR;412.9
GO;
BA;
SP;427.2
PI;762.4
CE;682.2
BA;617.8
MG;809.5
SP;
MA;499.3
GO;
GO;439.9
GO;440.6
CE;722.8
PB;
CE;808.0
BA;630.8
RJ;417.0
BA;491.7
PA;439.8
SC;408.2
MG;
RJ;407.6
MG;541.6
RJ;
AL;421.0
CE;436.5
BA;525.8
CE;593.1
BA;599.5
SE;546.1
RN;505.3
MT;473.5
CE;543.9
GO;481.7
SP;392.3
SP;663.1
MG;714.4
CE;510.3
SP;542.5
CE;531.5
PE;534.5
GO;439.7
SP;625.7
MG;449.7
PE;460.7
SP;473.3
PE;754.9
CE;528.3
DF;490.2
MT;687.4
PE;470.3
SP;533.8
SP;489.6
CE;447.0
RS;718.4
RJ;618.4
SP;451.4
CE;734.1
BA;443.4
BA;515.2
PA;535.8
DF;486.6
CE;488.8
GO;471.7
GO;449.4
BA;402.8
ES;
MG;512.8
DF;
RJ;480.4
PI;453.1
MA;535.9
CE;394.3
SP;569.4
GO;
PA;
AL;398.0
SP;396.2
MG;
PB;429.3
SP;588.7
RJ;527.0
RJ;697.2
SP;660.6
RJ;447.1
GO;553.9
GO;415.2
BA;
PR;469.5
RS;580.8
GO;435.8
CE;444.5
MA;484.9
SP;452.2
PA;436.0
MG;761.5
CE;428.7
CE;526.8
PI;429.7
SP;722.2
MG;
SC;474.6
RN;423.9
RS;
ES;
SP;679.8
SP;667.6
RN;476.7
PE;444.4
MG;592.6
BA;553.2
PE;679.3
SP;517.5
RS;587.7
MG;835.3
PR;427.7
SP;693.1
CE;419.5
PA;
SP;415.6
GO;444.5
MG;463.2
RS;409.7
SP;
AM;370.2
CE;542.5
SP;466.0
TO;
MG;613.3
SP;
GO;
GO;691.1
SP;559.8
DF;546.9
RJ;703.4
PE;
SP;
MG;428.2
RJ;430.5
DF;480.6
MA;
PI;
BA;416.6
MG;407.1
GO;
DF;443.1
SP;535.4
AM;
RJ;
PA;481.9
AL;431.4
PA;409.6
GO;491.9
PE;448.7
PA;439.6
PI;504.9
GO;
ES;562.0
SP;530.5
RJ;598.6
CE;640.4
SP;740.7
PB;491.7
AL;661.1
PB;394.1
RJ;357.3
MG;755.2
PI;519.5
CE;390.9
SP;429.5
ES;
BA;488.1
BA;655.0
PR;537.8
MA;529.6
MG;420.5
PR;426.2
SE;462.8
PI;
CE;
RN;681.2
RJ;
SP;
SP;
AM;571.4
MG;498.9
PA;496.9
MG;523.9
MS;
GO;
MT;410.1
RO;726.0
PE;635.3
PR;415.5
SE;457.2
RS;553.8
PB;
CE;433.7
PI;
GO;412.9
SC;
BA;449.9
PI;775.9
BA;614.7
DF;596.2
PA;541.7
SP;435.3
SP;
SP;
AL;
GO;408.4
RJ;534.7
MG;672.5
RN;604.0
PA;
RO;557.0
PE;514.2
MG;
RN;470.7
CE;424.7
MG;
ES;598.9
CE;362.7
MG;472.6
DF;
CE;403.4
GO;441.9
PA;449.6
SP;455.8
PA;752.1
PA;430.7
PA;685.1
GO;524.9
BA;493.3
GO;611.0
PE;
RO;422.1
PA;712.9
MA;
BA;437.5
GO;
TO;
DF;435.8
MG;
MG;599.2
MG;670.0
SE;548.4
PR;722.6
MA;
RN;386.9
MG;447.0
MG;720.4
CE;
RN;622.1
CE;404.0
BA;
RJ;404.2
MG;718.5
ES;603.8
PA;478.1
CE;492.1
MT;512.3
MA;489.3
RJ;421.0
BA;620.3
GO;402.7
MG;598.1
PB;509.4
CE;505.3
PR;506.9
CE;380.5
RJ;537.1
BA;437.1
RS;426.9
MA;400.3
BA;434.2
MG;687.2
MT;483.8
BA;648.9
RO;
ES;778.3
BA;420.6
PE;675.3
PE;393.0
PE;551.1
AM;618.2
PE;
RJ;780.9
PA;419.5
PA;
MA;591.5
RJ;649.5
PI;687.1
BA;403.5
PR;603.0
PI;484.6
CE;483.3
CE;399.9
CE;380.5
GO;423.7
BA;462.8
SE;564.2
BA;497.1
PR;
BA;
PB;
PE;625.2
PA;
SP;
AL;631.5
AP;475.4
MG;
MG;738.5
GO;372.0
PI;619.2
SC;613.4
RJ;
SP;690.4
RJ;470.6
SE;
MG;387.1
DF;732.8
RJ;456.9
SP;453.3
RN;554.2
PE;861.6
ES;506.9
SP;519.2
BA;444.4
AP;565.3
SC;436.6
GO;459.0
BA;489.2
RO;
ES;465.3
SP;
CE;716.4
PE;511.1
SP;691.8
PR;674.3
MG;
RS;503.5
MA;567.4
SE;471.6
RJ;820.5
RN;540.1
PE;
GO;578.0
MG;
MG;754.6
SP;499.9
SP;476.8
PE;415.7
MG;507.5
SP;585.9
BA;
CE;
CE;427.1
BA;584.2
PI;541.5
DF;
MG;682.2
BA;585.4
AP;416.0
MG;766.9
PE;734.3
GO;565.9
BA;
RS;659.5
SE;429.4
RJ;531.7
GO;735.0
RS;425.3
MG;560.6
PA;668.1
PI;492.5
AM;515.2
BA;
PI;382.7
RJ;435.7
SP;591.7
SP;394.1
CE;587.6
MG;
PE;
MT;
SP;473.7
ES;
TO;487.8
SP;766.4
RS;
PB;757.0
SP;530.9
PB;
PE;711.9
CE;
GO;531.4
ES;515.2
SC;517.1
SP;667.9
CE;453.2
MG;665.8
CE;572.3
RJ;609.9
MA;459.2
RJ;485.7
CE;784.2
GO;462.0
MG;485.7
CE;478.1
CE;
BA;
SP;640.1
BA;517.7
MA;571.2
MG;413.5
GO;693.5
RJ;
MA;370.9
MG;
SP;402.9
MG;756.0
PR;426.5
SP;557.8
PE;428.4
MG;537.8
PI;428.5
RR;755.4
CE;399.5
ES;674.1
CE;606.8
RR;378.0
CE;490.9
CE;687.7
MA;612.2
BA;524.3
RN;692.2
BA;719.5
DF;442.8
PA;
PA;
MG;
CE;550.5
SP;532.1
SP;447.0
PA;565.9
MT;437.3
SP;
ES;741.0
RJ;
SP;423.5
CE;622.2
MG;669.8
SP;
MG;
BA;714.5
SP;522.9
SC;530.8
PR;665.4
DF;
SP;612.1
MA;
CE;
SE;408.2
RN;408.4
RJ;511.5
PE;525.0
SP;464.9
PB;391.6
TO;456.0
PI;459.2
GO;456.5
ES;429.7
PR;
CE;424.6
GO;408.1
RJ;
MG;725.1
PB;398.0
PE;594.3
SP;520.0
MT;562.1
RO;621.8
SP;447.8
PE;487.4
SP;541.8
CE;524.4
SP;524.5
SP;629.0
PB;
SP;669.2
MG;828.8
AC;
ES;464.8
MG;624.5
MG;686.7
PA;627.6
MG;
SC;447.1
MG;
AM;
RN;444.5
SP;
PI;
CE;373.9
AL;419.0
CE;
BA;617.0
PA;475.3
PI;507.0
SP;637.5
BA;527.7
GO;647.6
MG;763.3
BA;461.2
DF;418.9
GO;466.7
MA;620.6
MS;
MG;511.5
RJ;
SP;636.7
MG;451.4
CE;688.1
BA;
DF;492.9
MG;413.3
BA;
SP;493.0
PI;648.9
ES;
BA;492.1
BA;461.5
PA;400.3
PE;668.1
CE;717.4
PB;421.7
MG;
RJ;525.6
CE;535.5
BA;382.9
BA;586.3
SP;528.6
MG;415.4
PE;685.2
CE;
CE;493.2
CE;520.4
BA;
CE;436.5
SP;696.4
MG;591.2
GO;499.0
ES;413.7
MG;
RS;379.0
PR;
RS;
GO;528.8
MG;454.6
SP;
SE;
PA;515.6
CE;696.3
BA;
PE;578.4
MG;504.5
RS;657.2
MS;460.9
AL;405.5
MG;
MA;
BA;429.6
MA;478.2
MA;
PE;
GO;628.2
GO;428.9
BA;619.7
SP;
CE;634.6
PR;676.9
RS;660.1
PB;518.3
BA;
GO;
RJ;522.1
PA;539.5
MA;403.1
MG;459.8
SP;520.4
MG;518.4
RJ;413.9
SE;463.2
RJ;586.2
SP;506.5
BA;665.2
SE;
GO;527.6
PB;
CE;
MG;595.8
PE;366.3
PA;
DF;
GO;384.2
CE;645.0
PI;450.7
SP;842.3
RS;672.4
PA;642.4
AL;684.8
BA;496.3
MG;406.1
RN;605.0
PA;491.3
PE;
MG;711.9
BA;437.0
RJ;440.9
RJ;427.3
GO;429.3
BA;
CE;409.0
PB;499.2
MT;701.5
BA;
SP;804.1
CE;453.2
PA;548.2
PI;449.9
GO;
SE;404.4
RJ;
BA;643.6
SP;654.8
RN;674.2
GO;
ES;435.1
RS;
MA;613.7
RS;
PR;539.6
RN;
MA;455.1
BA;
MG;
ES;434.1
GO;629.6
BA;460.1
PA;405.4
BA;495.8
GO;557.9
TO;
ES;431.4
CE;619.1
PI;466.0
PE;491.6
PI;482.7
BA;458.9
RS;654.2
BA;477.5
BA;456.1
PE;532.2
RJ;454.7
PB;472.1
MG;468.3
TO;402.5
PB;459.2
SP;602.2
CE;
PI;
PE;
PR;455.7
PR;625.4
CE;437.8
SP;495.9
RJ;461.5
SE;445.6
RR;467.1
SP;
MG;467.8
MA;391.3
RS;509.1
RS;765.5
BA;403.4
BA;728.1
RJ;379.1
CE;434.9
BA;
SP;494.4
AL;466.1
SP;
BA;417.8
MS;472.0
SE;
PA;570.7
BA;604.4
CE;638.0
RN;741.0
AM;
CE;629.8
BA;532.5
MG;626.8
DF;652.1
SP;443.0
SP;509.2
AL;571.5
MG;
CE;436.9
BA;487.1
SP;488.9
MA;466.9
MT;779.0
CE;807.3
RJ;
CE;
RJ;492.0
BA;498.2
PR;403.4
MG;440.6
PE;
DF;677.2
GO;511.9
RN;749.1
PI;429.6
SE;453.3
BA;
MG;607.7
CE;382.8
CE;439.7
MG;663.7
SP;443.4
BA;505.7
DF;397.3
GO;
GO;
MG;469.2
AL;469.3
BA;
CE;392.7
RS;730.1
PA;591.4
PI;451.7
CE;643.1
CE;409.1
BA;437.5
RS;526.8
PA;724.7
RJ;
BA;532.0
MG;617.6
GO;463.4
GO;
BA;454.1
BA;523.8
MA;512.5
BA;
SP;553.4
PI;486.9
PA;393.5
RN;481.6
RJ;668.7
PA;
PR;735.5
MG;632.1
RJ;487.9
SP;
DF;779.9
PB;465.6
BA;763.3
PE;635.8
DF;378.6
CE;369.1
RS;
BA;
SE;
AL;618.2
BA;
MG;404.8
AL;515.7
PB;425.7
DF;649.5
CE;554.1
PE;386.7
BA;598.2
ES;
BA;600.6
SE;428.4
TO;
GO;
BA;471.5
DF;
CE;470.4
MA;512.9
SP;568.4
RJ;422.3
RJ;762.1
PE;492.1
DF;442.3
GO;576.0
RS;507.9
RS;746.7
PR;
BA;575.2
BA;440.0
CE;
MA;421.1
PE;431.2
PE;492.8
BA;
BA;494.7
PA;439.1
RN;523.7
PB;
PE;
RJ;769.5
BA;435.2
RN;678.1
SP;
SP;453.7
MG;616.3
MS;
MA;
MG;420.7
RS;497.6
MS;534.5
AM;
CE;452.1
GO;430.8
GO;775.7
CE;611.5
CE;585.2
PE;478.1
PR;438.5
RJ;
GO;580.3
PR;592.1
BA;460.4
PE;465.5
SP;
SP;570.8
PI;
PA;
MG;501.8
RN;706.8
GO;403.6
DF;646.5
PI;405.0
PB;488.5
RN;369.1
AM;420.2
RJ;570.1
SE;
PA;482.5
CE;395.7
PA;
SP;
SP;440.1
CE;448.7
MG;570.0
RJ;552.7
SC;397.7
MG;567.6
MG;586.1
GO;407.1
MT;615.6
CE;445.6
AM;
RJ;429.1
DF;414.4
GO;489.4
MT;387.6
CE;
RS;551.0
SP;568.3
MG;657.0
CE;
GO;713.2
MG;696.7
RS;
PA;375.6
MA;
SP;
PB;505.8
MG;726.2
GO;436.2
RS;549.5
PE;413.5
MG;510.8
PE;724.9
MA;562.9
PE;
BA;577.4
PE;447.9
PA;634.6
RS;662.2
SP;432.0
SP;615.3
MG;527.0
MG;427.9
GO;563.7
SP;566.2
RS;518.4
RN;665.7
MG;667.9
CE;
CE;
AC;770.2
CE;608.7
RS;553.8
RJ;660.5
MG;654.5
GO;
RN;517.8
RS;457.7
CE;681.0
SC;560.8
SP;755.9
DF;462.3
PB;714.8
SP;428.7
PA;546.3
AP;590.6
RJ;588.6
SP;564.2
ES;727.7
PA;472.2
SP;636.3
PI;371.1
BA;820.2
RJ;561.0
PI;380.4
CE;
PI;440.9
MA;694.3
SC;512.8
MG;533.6
BA;479.4
CE;476.3
PR;485.0
TO;574.8
MG;498.0
MG;838.9
BA;506.1
PE;522.0
RS;469.5
PE;625.1
MG;447.5
RJ;673.5
SP;
AL;484.1
BA;476.0
MA;
PA;531.5
RJ;685.5
CE;454.2
SE;487.7
SP;581.2
RJ;
PI;529.9
PB;499.3
BA;512.4
RS;529.1
RN;833.5
BA;445.8
RJ;
RS;687.0
PI;679.5
PA;473.9
BA;453.3
PR;372.5
RJ;595.6
RN;
PB;761.4
SC;893.0
RN;417.7
GO;386.3
CE;671.2
GO;
GO;414.8
BA;593.8
GO;617.1
RJ;430.7
BA;
GO;
SP;426.3
PI;621.2
ES;506.1
RJ;
PA;442.7
MG;646.3
RS;501.1
PA;661.2
MG;750.3
ES;
CE;671.0
GO;453.6
CE;445.8
MG;416.3
MG;556.8
PA;
PA;396.4
SP;533.3
PI;436.4
MA;609.0
MG;
PB;460.9
SC;447.5
MG;477.0
GO;488.6
BA;
MA;542.8
SC;573.8
CE;416.0
RS;
MA;587.4
MG;719.5
DF;353.8
MG;822.7
ES;521.2
SP;563.7
BA;510.1
CE;623.5
ES;711.9
MG;575.4
PE;523.7
PR;
RJ;664.4
GO;
MA;
PI;560.0
PR;406.4
PR;
BA;377.9
MG;648.7
BA;477.4
BA;438.6
MG;443.7
PE;
MG;486.1
ES;421.7
ES;651.9
RJ;630.8
PE;592.2
SE;625.9
RJ;547.5
BA;
MG;810.4
RS;456.7
BA;410.4
SP;513.5
SP;542.6
RJ;428.1
BA;437.4
PA;446.7
GO;597.4
PB;530.4
CE;
RS;
MG;438.6
PB;700.0
RS;390.5
AM;
CE;466.6
RJ;586.9
ES;378.1
MA;576.7
SP;534.1
GO;503.5
SP;466.9
PR;
RS;687.2
SP;581.3
RN;421.2
BA;541.4
MG;739.4
PE;515.1
PB;634.4
GO;438.2
BA;477.9
MG;390.3
CE;450.3
SP;777.6
MG;570.4
SP;517.7
PE;488.4
SP;
MS;
RJ;719.3
CE;
PE;
MA;413.8
RJ;811.0
PE;673.4
PB;489.5
CE;566.5
BA;590.0
SE;407.7
BA;418.5
BA;391.0
MA;362.9
BA;443.4
PR;410.2
PR;474.6
RN;415.2
CE;418.3
PI;461.7
SP;494.3
GO;516.4
SP;556.6
CE;499.2
SE;490.1
SP;795.4
MG;
BA;391.7
PI;504.2
SE;439.5
MG;559.8
MG;
MG;457.6
SP;570.9
PR;
SP;535.5
GO;
MA;
SP;571.7
BA;441.6
MA;517.3
GO;609.6
BA;719.4
SP;436.2
PB;786.7
CE;614.7
RS;
MG;
GO;
SP;721.4
PA;
GO;
ES;508.4
RN;597.7
RJ;373.0
GO;379.9
PA;483.8
BA;
SP;
BA;469.4
PA;541.3
RJ;441.0
ES;394.8
BA;436.3
RS;454.1
MS;
SC;551.4
PE;474.3
PB;582.0
GO;439.6
GO;495.9
ES;545.8
RJ;619.1
GO;453.3
MG;733.5
CE;
BA;479.2
RS;
RJ;846.3
RS;857.0
TO;485.3
SP;509.8
MG;486.7
SP;741.1
GO;606.3
MT;458.8
CE;714.6
PA;390.8
SP;389.3
BA;538.3
CE;478.2
RJ;
BA;
TO;408.7
AL;396.7
BA;
SC;685.3
PE;385.1
SP;494.1
PB;445.5
CE;665.9
GO;739.3
BA;556.0
SE;623.9
RJ;581.4
PR;453.1
GO;432.6
MG;639.0
GO;
SE;468.3
PI;448.8
ES;499.3
SP;490.8
GO;604.2
MA;
SP;408.4
PE;
MS;511.2
GO;617.2
PR;501.5
PI;439.0
SP;
MA;389.6
SP;626.3
SC;591.2
RO;754.9
BA;429.7
SP;504.5
RO;418.1
TO;419.8
MG;636.5
BA;643.3
PI;
MG;382.6
MA;685.3
BA;380.5
CE;578.2
CE;409.9
PA;
GO;
AL;577.1
SP;688.8
PR;586.3
BA;419.6
MG;471.0
PI;
CE;455.0
PA;383.6
CE;
PA;461.7
RJ;635.7
PR;533.4
PE;824.1
BA;419.0
BA;416.7
BA;456.3
GO;473.1
PR;638.3
CE;
MS;433.5
PA;506.6
RJ;550.7
MG;427.5
CE;644.0
RN;
GO;414.0
RS;468.9
RN;
CE;585.5
PA;607.7
RJ;407.7
ES;
AM;464.5
PR;466.3
PE;429.1
PR;700.1
PB;437.4
PE;364.5
MG;649.2
GO;496.9
AP;405.3
SP;550.9
SC;699.8
MA;455.7
PR;841.5
MG;735.4
RS;691.4
RJ;
PE;541.8
PB;
CE;643.9
RN;759.8
PE;451.9
GO;591.0
MG;567.6
AL;841.1
SE;375.0
GO;533.7
GO;
MG;567.5
RS;
PB;566.0
MG;667.5
PB;
PR;511.6
RJ;415.7
CE;438.7
MG;750.7
SP;511.4
BA;470.4
RJ;632.4
PI;505.8
ES;468.7
SP;659.1
PA;370.4
RJ;521.6
BA;549.6
DF;450.9
SP;417.3
BA;447.8
MA;448.6
RJ;623.5
RO;481.3
SC;432.0
SC;514.4
SP;594.9
MT;
BA;491.4
BA;567.4
PB;464.0
PI;450.5
CE;387.6
PE;414.6
BA;598.0
AL;456.0
SP;738.4
RO;474.9
BA;
AL;507.1
RS;645.2
BA;472.2
RS;550.8
PR;466.1
TO;
RJ;
MG;626.2
BA;429.5
PR;454.5
AL;662.2
GO;532.2
PR;
RS;685.6
SE;653.5
SP;
BA;399.8
PE;381.0
BA;544.5
BA;587.1
GO;428.4
CE;484.3
RJ;374.0
BA;416.4
PR;395.0
RJ;
BA;464.8
MG;577.2
GO;
GO;378.0
SP;468.0
ES;669.9
RN;
PA;506.7
PE;794.3
AL;404.2
RJ;
SP;405.6
AL;577.9
SP;458.5
SE;
RJ;419.0
BA;447.0
BA;552.1
PR;642.9
PB;
PR;
BA;442.0
BA;
MG;662.9
BA;477.5
SC;414.8
ES;566.9
MA;467.9
PA;
GO;
CE;431.3
PB;466.7
GO;435.3
SP;662.4
PR;496.8
SP;480.8
TO;403.5
CE;512.2
PE;
RJ;807.5
DF;559.9
MS;623.0
PI;424.6
PE;514.0
AL;831.5
RN;562.1
SE;394.1
PA;565.2
BA;508.1
SP;556.3
BA;753.4
GO;408.0
RJ;
MG;
BA;
BA;658.2
GO;410.0
GO;617.0
PE;377.2
RJ;522.7
AM;400.7
RN;441.3
BA;509.1
MG;648.7
SE;526.1
RN;763.5
SP;
BA;430.2
PR;426.4
PB;569.0
SP;502.5
CE;467.1
RJ;
PE;535.5
PR;453.0
MA;
AL;527.3
BA;581.0
RJ;
SP;
MG;
AM;
MG;494.7
PE;832.3
PA;
CE;437.0
CE;544.0
AP;504.1
SP;644.9
SC;
MT;423.2
SE;834.0
SC;482.0
RS;515.1
BA;556.0
RN;
GO;506.6
BA;521.9
BA;569.6
CE;475.3
SP;700.1
BA;
TO;591.6
SP;523.3
SP;539.7
AL;
PB;666.9
RJ;582.6
SP;471.1
RN;474.6
BA;435.9
CE;436.5
PA;
PA;490.5
MA;534.4
BA;442.3
CE;519.5
TO;456.7
PE;361.3
TO;438.9
SP;
AL;468.6
GO;626.9
PA;541.8
RS;
CE;
GO;
MG;662.2
SP;805.8
RJ;539.3
SP;731.9
RN;577.6
SP;
PE;412.0
SP;904.5
RS;
CE;422.1
RJ;595.7
DF;
CE;
SE;702.5
PE;
PI;364.0
CE;603.9
GO;724.7
PR;503.1
MG;
MG;647.1
AL;497.4
MA;
BA;529.5
SP;650.8
GO;612.8
MG;
SP;
AM;395.0
GO;392.0
ES;394.9
CE;703.7
SC;532.9
PE;500.9
PE;422.0
CE;
AM;
PE;457.5
MG;767.5
BA;644.3
PA;
MG;736.6
MA;685.6
DF;541.9
RN;618.2
SP;
RJ;625.2
BA;430.7
PE;599.7
BA;408.1
TO;428.4
CE;430.1
TO;
GO;602.8
AP;483.1
PE;616.6
RJ;544.8
MG;633.0
RN;671.4
SP;622.4
RJ;563.0
PI;619.5
BA;
PE;429.1
BA;635.5
MG;547.9
BA;603.7
GO;507.2
MG;
CE;837.7
SP;667.2
PR;682.5
RJ;
SP;508.4
PA;
RJ;695.9
AM;462.7
MG;
CE;434.5
MG;658.9
GO;463.9
TO;562.3
RN;408.5
GO;575.2
RJ;633.8
DF;
BA;414.5
CE;379.0
GO;469.7
GO;420.3
PI;374.7
PI;670.9
PI;421.0
PR;468.4
GO;594.9
MT;520.3
MS;500.2
GO;398.4
CE;
CE;
SE;537.8
BA;489.7
AM;437.7
PI;727.1
MG;580.4
RN;437.6
PE;627.5
BA;531.6
SP;555.5
GO;477.9
PI;
MG;635.1
CE;628.5
PR;547.3
PE;
RJ;591.0
SP;648.4
PA;446.2
GO;592.5
PI;403.6
RS;628.7
PA;412.3
GO;647.9
SE;
RJ;627.9
BA;
PA;
SE;
GO;
MG;582.7
SP;459.5
AL;
MA;545.2
GO;367.4
GO;539.0
CE;477.1
PR;
MG;593.8
BA;
CE;487.2
PR;720.2
TO;722.2
PA;
SP;
MG;417.0
CE;421.5
GO;454.1
CE;384.0
GO;
PI;
RS;429.2
RJ;736.7
CE;389.4
PR;
SP;518.8
CE;632.6
DF;460.2
GO;609.1
GO;414.2
PI;
BA;591.8
PR;771.0
SC;620.6
BA;736.3
RS;706.1
CE;526.5
DF;533.3
MA;454.9
RS;518.2
PR;389.5
PR;583.4
AM;414.8
BA;436.5
RJ;582.1
CE;540.9
MG;570.4
GO;
BA;459.3
PI;481.1
MG;
CE;379.8
SP;409.3
CE;465.8
SP;538.1
PA;375.6
RJ;
AL;
SP;534.3
RJ;417.2
SP;
GO;
PE;464.0
AL;376.7
MG;613.1
GO;438.6
RS;617.3
PE;414.8
MT;
PB;416.0
SP;476.2
CE;454.6
GO;453.8
GO;
PB;536.4
SC;682.4
CE;574.8
MG;
PE;470.4
BA;491.9
CE;492.0
PE;765.3
PE;469.1
BA;
MG;451.1
RS;
GO;531.6
TO;
PI;612.2
RJ;492.0
MA;
PB;
DF;390.7
GO;403.7
GO;546.6
RJ;
BA;
MA;578.9
RJ;438.4
SP;707.6
MT;682.0
PA;558.2
RJ;409.8
RJ;622.9
MT;659.3
PR;477.5
CE;442.7
PE;429.4
PA;547.5
MG;379.1
DF;
RJ;544.2
MG;622.5
ES;
RN;394.0
PA;539.6
PE;374.7
SP;557.6
RJ;432.3
MG;449.3
SP;848.6
SP;459.0
PB;496.1
MG;680.5
CE;451.8
RN;583.0
CE;421.1
CE;493.6
GO;
SC;584.4
SP;535.7
PI;402.4
ES;602.1
CE;486.1
SP;
MS;429.4
GO;381.5
SP;435.1
CE;374.8
PB;592.9
GO;622.2
SP;633.1
BA;500.7
MG;515.0
MG;482.3
AM;
PA;
MG;454.0
RN;675.7
GO;384.1
TO;
RJ;445.3
RS;
PE;441.9
MG;641.2
GO;547.2
RJ;619.3
CE;
CE;
PI;468.9
RS;386.4
MG;414.3
GO;564.7
RJ;
GO;
MG;502.7
MG;
PE;359.9
SP;
ES;541.6
PB;611.1
PA;599.8
MG;512.6
TO;570.6
PR;
PE;498.1
CE;513.9
SP;589.8
PI;
CE;
MG;449.0
SP;508.7
SC;566.1
ES;
PA;691.3
GO;455.2
MG;602.7
GO;
PI;747.3
PR;537.0
DF;690.4
MG;624.3
RJ;523.5
GO;492.4
MG;426.3
RJ;
RJ;447.6
SP;
RS;670.4
RJ;422.0
CE;373.9
RS;625.1
PE;726.6
RS;445.2
MG;692.8
BA;464.3
RS;463.5
PA;
BA;593.4
RJ;
SP;424.1
CE;467.9
CE;
MG;719.1
MA;426.8
GO;511.1
GO;
GO;620.6
PA;
RJ;876.5
ES;747.4
MG;769.2
SP;
SP;535.8
PR;742.4
RJ;598.8
MA;766.7
RN;510.7
CE;497.6
RJ;503.0
MG;655.3
CE;
BA;380.6
BA;420.9
GO;516.0
RJ;414.0
CE;376.6
PE;535.9
RN;526.4
ES;388.9
MG;372.2
GO;472.7
BA;461.0
SC;
PA;
CE;
MG;442.5
GO;
CE;456.5
RJ;702.0
CE;616.8
MG;445.6
SP;383.9
PR;428.9
GO;
SP;
RN;660.2
MA;579.5
PE;589.2
RJ;
CE;629.1
GO;533.3
PR;491.7
PI;463.2
CE;713.2
PB;
PI;401.0
PA;463.4
PA;430.5
SP;553.8
RN;580.4
PI;543.2
MG;
ES;498.5
BA;
PI;434.1
SP;
MG;
GO;647.0
CE;680.2
BA;399.6
MT;597.3
PB;450.9
AP;460.1
RJ;
MG;636.0
GO;
BA;457.7
PA;514.9
GO;
MT;
BA;649.8
AL;406.6
PI;529.2
RJ;431.8
MA;381.3
MG;393.5
MT;474.1
SP;515.2
CE;381.9
RJ;
RS;698.8
AM;
PB;432.4
MA;389.3
CE;583.6
MT;
PA;500.9
MG;721.9
CE;
CE;
CE;448.8
CE;563.6
RJ;360.5
SP;398.1
PA;462.6
CE;614.0
MG;440.5
AL;
SE;479.0
CE;415.7
GO;496.9
RN;404.4
PB;582.8
AL;
PA;382.9
CE;617.8
SP;620.0
MA;689.1
PA;399.9
PE;410.3
CE;
PI;558.5
SP;459.0
SP;644.5
PE;399.9
PE;762.3
MG;
RS;420.9
RS;393.3
PA;464.3
SE;451.0
PA;707.8
MG;
SP;778.8
CE;
SC;460.0
BA;631.9
PI;737.7
ES;451.1
PE;533.9
BA;599.3
RJ;524.4
MG;422.4
RJ;434.1
PA;453.1
CE;552.2
BA;564.1
MG;452.9
GO;416.3
MG;439.5
SP;656.6
BA;628.2
PE;405.3
PE;433.4
MG;
PE;447.3
CE;670.4
MG;
PI;
MG;375.4
CE;644.8
MG;447.5
CE;
MG;528.0
CE;
MG;689.6
SP;
PB;564.6
DF;378.7
PB;509.5
PI;511.5
BA;449.7
SE;492.3
RJ;711.5
AL;621.0
MG;
MG;
SP;669.6
GO;607.0
PE;433.5
PE;760.6
GO;
RN;488.0
MG;508.2
RR;503.4
RS;509.7
RN;393.4
SP;754.5
BA;810.6
CE;537.9
MA;738.2
CE;377.0
MG;395.9
MG;486.7
RN;490.0
SP;764.8
PA;489.8
GO;498.6
MT;
MA;538.3
PI;628.5
BA;
PE;416.1
RJ;697.3
BA;415.3
PB;628.0
PA;567.8
RJ;
TO;680.3
GO;597.2
RO;447.1
DF;423.3
MT;583.2
PI;514.9
AL;388.0
MG;753.8
AM;424.5
PE;473.1
BA;407.4
PI;422.5
SE;464.1
MG;578.6
MA;458.6
BA;669.4
SP;
MG;622.3
MA;577.1
MG;557.6
BA;739.4
SP;776.8
RS;
CE;
PB;433.4
PA;649.2
BA;620.2
BA;436.4
DF;627.5
MG;878.3
SP;630.0
RN;567.5
SP;589.7
CE;
SP;670.6
MG;424.7
DF;461.9
SE;376.7
MG;713.7
PI;
SP;517.1
RJ;512.3
PE;429.5
SP;752.6
PR;733.0
RJ;604.3
GO;481.5
SE;529.0
CE;727.5
MS;439.9
MA;468.4
SP;571.5
RJ;
SC;
SP;725.2
MG;486.9
MA;467.1
GO;
CE;
MG;
MT;387.1
SP;
PR;441.0
AM;441.3
BA;433.7
GO;
SP;
GO;656.6
PE;625.7
PA;377.4
PB;403.2
MG;707.4
MA;393.9
GO;688.9
MA;
MA;588.6
PI;406.1
CE;522.7
RN;530.2
PR;593.9
CE;399.4
MA;558.7
MA;489.4
ES;
AP;377.6
BA;424.6
CE;474.7
CE;481.9
MG;547.1
SE;425.2
SP;
CE;608.9
CE;687.1
BA;
MG;672.1
CE;
BA;737.7
PI;645.4
BA;441.2
PE;426.7
GO;
AM;580.7
PE;561.2
PR;469.2
MG;
BA;504.1
SP;564.7
PA;
CE;390.5
CE;
CE;376.1
RN;652.5
MA;387.2
PB;426.0
GO;723.6
CE;433.2
PR;393.6
SP;409.0
BA;500.3
CE;420.9
PB;426.4
CE;606.8
PA;557.2
MA;403.7
SP;453.7
SE;410.9
GO;484.8
SP;408.0
RS;502.1
MG;
RS;611.1
MG;455.3
SC;
CE;522.6
BA;704.7
PA;369.9
MG;475.1
GO;404.7
RN;810.5
CE;576.4
SP;633.4
GO;
CE;482.5
TO;501.0
CE;466.9
CE;454.3
CE;488.6
SC;719.9
PE;501.8
BA;485.1
BA;407.4
CE;587.9
SC;494.3
SE;875.3
PI;464.0
PE;546.0
MG;459.4
PR;
GO;464.1
RJ;471.9
CE;586.8
CE;
PB;685.0
AL;
PI;
PE;653.1
BA;490.2
GO;359.0
MG;
MA;458.2
SP;
PE;481.3
CE;399.0
GO;508.2
GO;500.2
PB;480.2
SP;685.5
CE;655.4
PA;
CE;485.3
SP;
RJ;510.1
MS;515.7
RJ;393.3
MG;722.8
PR;811.3
RO;390.1
PA;493.6
MT;
BA;457.8
GO;727.7
ES;517.7
PR;
GO;408.1
BA;542.9
BA;519.7
PA;
PB;511.0
BA;453.9
CE;
PI;411.2
SE;639.5
MG;738.5
SP;633.3
PR;626.0
GO;476.7
CE;458.2
TO;435.9
RN;589.5
GO;432.8
PI;
MG;630.7
PI;410.6
MT;434.5
PA;
RJ;
MG;
RJ;446.1
MA;576.2
GO;427.2
MG;375.7
CE;444.9
BA;744.5
RJ;545.9
GO;582.8
GO;
BA;561.7
GO;629.2
RR;494.2
SP;471.1
CE;539.8
RS;
PB;524.4
PA;427.6
MA;
CE;601.1
PE;484.8
SP;
BA;532.6
SE;407.6
PA;414.2
PE;707.7
CE;611.8
SC;
RS;602.2
PB;483.7
PR;450.4
GO;473.7
AL;433.1
PR;604.0
GO;416.8
PB;591.7
MG;599.6
ES;439.1
RJ;685.5
MT;550.3
RJ;474.8
MG;767.9
RS;658.1
GO;580.9
PA;514.9
CE;418.0
MG;557.0
MA;500.6
RJ;
GO;
GO;461.4
GO;629.3
PE;524.6
RS;452.2
CE;435.8
MG;414.7
MG;620.6
CE;
SP;774.9
GO;479.5
PA;618.3
RN;535.8
PE;729.7
SP;426.0
CE;425.4
GO;389.4
SC;678.2
BA;
PB;463.8
MG;553.9
CE;449.9
SP;
RJ;
MG;633.4
PA;399.1
MT;
MA;490.5
BA;634.9
GO;653.2
AP;
PR;631.7
MG;
RJ;388.7
MG;
RS;657.6
BA;458.7
GO;416.1
MG;577.9
CE;454.8
AL;502.9
BA;484.0
CE;
PR;641.1
RJ;593.9
SC;684.6
PB;534.5
AM;
RJ;638.7
PR;428.9
GO;410.5
BA;
MT;401.7
MG;
SP;524.9
MG;613.2
PI;556.4
RN;731.5
PA;
GO;662.9
SP;377.2
MG;607.7
BA;
RJ;730.8
PA;555.6
SP;861.8
BA;594.2
PA;
BA;438.8
CE;573.2
PB;762.1
PA;376.3
PA;407.8
SP;
RN;386.8
BA;
MG;760.5
PR;438.9
RJ;
CE;463.3
SP;679.3
PI;508.8
SP;656.0
RJ;473.4
CE;757.5
CE;401.6
MG;412.3
RN;589.1
MG;396.5
ES;
SP;600.6
MG;585.1
CE;435.6
CE;551.8
PA;421.6
SC;392.4
RN;665.9
AL;492.0
GO;511.6
BA;
MA;468.2
GO;539.5
MG;716.2
PR;487.7
MG;575.6
GO;
BA;
CE;425.8
GO;632.3
MG;762.7
RN;582.1
CE;483.3
MG;485.2
SP;519.6
CE;370.6
PB;
BA;603.6
PA;407.3
PE;767.0
PA;504.0
MG;826.5
RS;473.7
AP;488.4
BA;532.4
GO;387.0
PA;467.1
TO;368.2
CE;542.4
PA;435.8
MA;619.3
CE;
CE;418.6
PE;657.5
ES;579.4
GO;482.1
RJ;658.7
PE;565.5
RJ;438.9
GO;449.9
SC;518.5
PE;471.2
MG;683.7
MT;533.6
BA;378.5
RN;568.2
CE;462.6
SP;
BA;
PA;422.9
SP;433.1
GO;444.5
BA;743.3
MG;697.3
MS;
CE;443.1
PB;480.7
BA;458.4
PA;504.2
PA;465.8
GO;701.4
PB;370.3
BA;
MA;
MT;
SE;487.3
BA;557.7
BA;461.0
MG;484.6
AL;454.0
PA;421.0
SE;
DF;619.9
SE;
ES;651.5
SP;
ES;
BA;428.7
RS;453.9
CE;378.0
SP;804.8
MA;841.5
CE;669.7
PR;661.1
BA;498.7
GO;442.9
AC;425.2
RS;709.9
SP;444.5
PB;
RJ;
RJ;
GO;498.7
CE;510.6
BA;603.4
CE;
MA;623.3
GO;
PR;563.0
ES;729.2
BA;437.3
PB;538.6
GO;
GO;624.4
ES;407.1
MA;439.3
MG;599.0
MG;433.8
MG;
RS;743.7
SP;569.2
BA;438.4
MA;472.5
GO;
TO;425.4
BA;594.0
RS;559.9
GO;
BA;378.7
CE;395.6
PE;453.0
RJ;495.0
MG;479.7
PI;361.5
GO;
PA;603.0
BA;612.5
BA;819.9
MG;
PE;655.9
SC;633.9
PB;445.9
MG;397.1
MA;469.9
PR;710.9
CE;406.2
RS;640.9
MG;599.3
RN;417.1
PB;441.9
BA;495.0
GO;486.6
MT;469.5
GO;610.7
PA;
BA;
RJ;469.8
MG;559.3
PE;657.9
GO;
CE;555.5
PA;437.1
MG;507.7
PB;452.6
MG;722.4
MG;602.7
SP;619.8
SE;424.1
PE;545.9
SP;732.2
RO;523.2
PB;612.9
MG;
MG;546.1
MT;389.9
CE;518.9
RS;419.4
PE;416.3
BA;766.6
PE;386.3
RS;567.0
MA;409.0
BA;467.3
PA;459.0
PE;657.0
MG;520.0
MG;698.5
MG;387.3
RJ;688.9
GO;434.2
BA;552.7
CE;403.3
GO;466.4
BA;
RJ;415.9
MG;436.2
RJ;
GO;413.4
GO;504.4
MA;619.0
CE;
SP;
RJ;534.6
CE;406.9
PB;511.6
RS;462.3
PA;
MG;473.4
PB;451.3
MA;778.8
CE;444.2
MT;
GO;454.3
BA;372.2
GO;555.4
GO;408.1
SE;587.1
TO;462.8
RJ;469.0
TO;388.3
GO;484.7
CE;677.7
ES;511.6
SP;
CE;501.0
RN;677.6
PI;406.3
PB;451.2
BA;421.0
PA;
SP;591.5
RN;560.0
PI;491.8
SP;
PA;551.5
ES;604.2
GO;588.3
PA;527.5
RJ;653.2
BA;665.2
BA;420.9
MA;530.9
PI;509.6
MT;610.8
PB;
MG;579.7
PB;551.1
RR;553.7
MG;681.7
RJ;424.3
GO;
RJ;
SC;523.2
GO;623.1
PA;390.9
GO;508.9
CE;447.1
BA;
RN;482.1
CE;540.8
MG;440.9
RJ;
MG;553.8
PI;539.1
MG;661.9
MG;638.0
GO;450.1
PE;633.3
PE;469.8
GO;636.7
GO;427.4
BA;392.9
MA;359.5
GO;
PR;
GO;428.3
SE;709.9
AL;573.5
CE;
DF;
PA;381.9
BA;711.3
SP;552.7
MG;647.0
RN;598.9
PE;625.2
PI;432.3
SC;722.6
BA;544.7
CE;552.5
SE;399.5
DF;
PI;659.3
RJ;
SP;675.8
TO;470.4
MG;668.8
MG;
SP;521.0
RN;668.3
BA;397.7
RN;
SC;669.2
RN;409.7
CE;438.2
PR;
CE;467.5
SE;755.6
PR;709.5
PA;502.6
SP;
SC;443.1
CE;596.4
CE;607.0
ES;815.6
MA;
CE;631.7
GO;
SP;792.1
MA;392.4
BA;472.7
RN;438.2
MS;
SP;534.7
GO;625.1
CE;
PR;549.6
AL;449.7
RJ;
BA;458.2
PB;464.6
BA;590.1
SC;406.9
PE;
PE;420.0
PE;524.3
RJ;411.7
GO;492.3
SP;
SP;696.8
MA;560.0
MA;422.3
RJ;709.7
PI;422.1
MA;533.2
PR;403.7
SE;542.7
DF;713.3
CE;
PB;483.9
PA;465.6
RJ;
PA;541.4
SP;398.9
SE;431.7
PR;772.7
RN;
SP;656.0
CE;
BA;
RJ;469.2
MG;464.9
BA;440.5
BA;465.6
MG;480.8
SP;369.5
MG;447.9
SP;
PB;636.8
MG;460.6
PA;484.5
SP;
GO;400.4
MG;
BA;
GO;672.1
PA;
RN;442.9
MS;733.7
PB;582.2
ES;718.3
PE;369.1
PI;394.9
PR;609.7
MA;445.4
BA;416.7
RJ;454.5
GO;549.4
SP;
PB;588.7
PR;495.4
PA;433.8
MA;
RJ;580.2
SP;525.2
BA;458.2
GO;432.2
BA;
BA;551.0
SP;413.1
RJ;628.5
CE;625.1
PE;546.2
AL;552.7
CE;461.3
PB;487.4
BA;521.4
GO;561.3
MG;
PA;576.3
MG;470.6
MS;567.8
SP;661.6
MA;788.4
BA;394.0
RS;457.8
RN;588.0
SP;638.7
SC;481.6
PB;
PE;554.9
PR;599.9
PI;
SE;687.9
PR;690.9
SP;628.1
MS;480.0
PE;542.4
BA;395.6
BA;
SP;
GO;406.1
GO;382.8
BA;548.3
CE;
CE;441.0
SP;557.2
RJ;
CE;664.7
BA;671.0
RJ;559.7
PR;370.1
MA;
SP;480.1
RJ;512.4
RJ;435.9
MG;579.7
PB;
PE;502.6
PA;610.2
BA;
BA;
MA;490.5
GO;
PE;477.7
GO;393.3
PI;
RJ;
MG;804.7
CE;
MG;608.8
SP;647.7
BA;473.5
PB;371.6
TO;649.1
MS;
CE;
CE;492.8
MT;
TO;463.9
PA;466.3
MG;
RN;
SE;368.7
GO;682.3
SP;650.3
PE;580.7
CE;491.8
RN;643.7
SP;
MG;778.5
MG;528.0
SP;
PA;
RO;
RJ;
GO;825.1
BA;692.6
CE;586.5
SC;
SP;490.1
BA;428.1
MS;443.1
SP;566.6
SC;448.9
BA;696.1
AL;
CE;705.7
PE;457.9
RS;619.1
GO;412.5
BA;471.6
RJ;391.1
CE;508.0
SP;588.1
CE;
SC;482.4
BA;440.9
RS;462.9
GO;449.1
PA;
AP;
GO;438.5
MT;
MT;434.8
PE;491.8
PA;670.8
GO;653.6
MA;681.7
PB;845.7
RJ;518.0
CE;521.7
PE;494.9
SP;449.5
BA;452.6
PR;
MG;401.4
PB;415.3
RJ;438.9
CE;
SP;485.2
SP;404.7
GO;
PB;482.8
RS;479.7
BA;456.6
PE;522.2
SP;
SP;507.8
GO;463.3
MG;618.3
SP;574.2
RJ;605.6
BA;513.0
DF;491.8
SP;585.0
MS;
RO;409.4
PI;554.7
MG;575.6
CE;605.1
RJ;453.9
AL;400.3
CE;504.5
CE;
MG;
RN;463.9
PR;
GO;430.8
PE;421.5
PA;417.1
PE;502.4
MA;417.3
SP;508.1
MA;
RJ;662.0
RN;
PA;438.3
MG;764.8
GO;694.1
BA;712.0
PR;477.6
GO;
BA;522.3
RS;730.1
PE;411.2
MG;450.0
BA;531.3
GO;625.7
CE;373.4
CE;596.5
SP;655.5
MG;682.2
AL;601.8
PE;487.4
PA;467.3
RS;
RJ;677.2
SP;
PA;403.7
PI;578.9
CE;444.3
RS;587.6
PE;555.8
PE;417.9
GO;420.4
CE;703.6
AL;427.5
MG;573.5
CE;
MT;536.8
RS;
PI;628.5
PA;392.7
GO;
CE;375.7
TO;686.3
MG;
MG;705.1
SP;
MA;443.2
CE;715.4
SP;822.4
PI;
CE;595.4
CE;484.0
SP;506.0
RJ;719.1
PB;414.2
SP;
SP;405.7
BA;493.7
CE;488.2
PR;
RS;742.7
PR;456.3
SP;576.4
RN;519.0
ES;665.9
MG;786.6
SE;567.0
PB;506.3
MG;
CE;
AM;
GO;596.2
BA;409.3
PR;
MG;461.6
BA;533.0
GO;508.4
BA;432.8
PA;677.1
MG;573.3
RS;
MG;439.4
ES;447.3
PR;465.4
SP;472.1
CE;416.1
PA;364.0
PR;517.3
SC;397.3
MA;489.5
RJ;754.1
CE;508.8
MG;519.6
PE;533.1
RN;597.3
MG;520.7
CE;437.2
PB;467.6
MG;505.5
RJ;440.4
MG;452.1
RJ;
GO;578.3
SP;598.5
CE;411.4
SC;536.1
CE;506.0
DF;
PR;492.6
CE;475.0
RS;653.7
MG;685.1
PA;420.0
CE;
GO;366.1
MA;
MG;596.6
GO;516.0
PB;
BA;478.9
SP;419.6
SP;473.0
MT;
PI;566.1
PE;435.6
SE;
BA;586.1
BA;426.3
CE;
CE;
PB;529.8
MA;
MA;
PE;443.1
ES;538.1
MG;720.9
ES;459.6
MG;589.0
MA;642.9
SP;548.6
BA;
MG;
MG;430.6
ES;
PA;508.3
AL;452.1
PA;374.1
CE;497.7
MG;447.4
DF;440.3
PR;576.0
PE;685.5
MG;583.7
ES;685.3
BA;368.7
MA;516.4
PI;
MG;748.1
RJ;453.1
GO;428.8
GO;426.3
MG;548.7
GO;701.6
RJ;415.9
GO;552.6
SP;435.3
PI;551.9
RS;482.3
MG;578.8
SP;763.1
BA;448.8
MA;421.2
BA;550.0
RJ;506.6
GO;485.5
AC;642.4
BA;679.0
BA;
RJ;442.8
RJ;471.2
MG;
SE;429.3
SP;417.0
PI;468.8
AM;412.5
SP;735.0
PR;523.4
CE;464.4
SP;385.5
AM;370.4
BA;418.2
PA;481.1
PI;
SP;548.4
PR;734.7
PA;447.2
BA;
SP;499.3
MG;
BA;452.1
PI;573.8
BA;457.8
SE;508.0
BA;543.7
GO;462.5
CE;556.9
CE;500.1
AM;
MG;419.2
GO;641.8
MA;
PA;564.2
GO;744.1
GO;446.2
BA;683.6
BA;458.6
SP;489.4
CE;576.9
MT;754.8
BA;553.3
PR;482.8
RN;486.7
MG;800.7
GO;494.5
BA;461.5
SC;450.8
CE;411.4
AL;764.7
RJ;
PA;459.2
SP;632.3
SE;400.2
MS;
GO;
RJ;443.5
DF;568.0
GO;446.2
PB;687.9
AL;488.6
RJ;706.6
PA;371.7
PA;
CE;
TO;472.4
CE;779.8
BA;462.3
CE;558.0
PA;416.2
GO;650.0
GO;
PI;421.8
DF;
RJ;618.2
SE;727.1
PI;867.6
PE;405.1
MG;788.1
GO;417.3
RS;
GO;568.9
DF;571.8
MA;711.3
GO;433.1
BA;548.5
PA;397.8
RJ;452.0
BA;380.3
RS;698.0
CE;598.8
RS;513.9
PA;482.1
PE;382.9
PA;390.1
SE;408.9
MA;
PB;369.2
RJ;367.4
MG;408.7
MG;520.1
BA;464.0
PI;451.5
GO;489.6
RJ;531.2
DF;553.8
CE;622.7
AM;484.4
SP;
CE;462.9
AL;438.2
CE;427.6
RJ;
PB;496.5
GO;636.5
SC;699.0
RS;
RS;
PA;361.0
GO;427.9
PB;
MA;531.2
RJ;559.9
RJ;
MG;495.4
RN;690.5
GO;560.9
MG;
MG;644.5
SP;747.4
RS;777.0
CE;675.9
BA;363.4
SP;459.1
MG;
PB;370.4
BA;610.8
MG;770.8
SP;600.0
RN;
BA;821.0
MG;
RJ;556.4
SP;486.4
AL;
MT;527.8
CE;568.0
SP;
MG;892.6
BA;410.0
BA;
PB;362.8
PA;445.9
GO;434.0
MA;722.4
SC;490.2
SP;384.3
RN;438.4
RO;458.0
MG;663.0
GO;
BA;633.6
SP;437.6
BA;
CE;587.1
MA;454.2
BA;498.4
SP;459.7
CE;393.4
SP;411.9
BA;423.2
BA;495.5
PI;
SC;738.4
RO;452.8
PE;417.5
PA;
GO;376.6
RJ;839.9
CE;426.4
PI;454.6
MG;
CE;495.6
PR;
SP;
PE;647.3
PE;
SP;604.7
PA;
PE;673.1
MA;515.0
PE;625.6
SP;496.8
RS;463.2
AM;
MG;698.7
PI;
MA;547.6
SP;499.1
MS;
RJ;598.4
GO;840.4
MG;545.8
PA;503.3
SP;
RJ;597.7
RJ;
SP;413.5
MT;573.6
BA;561.1
SC;414.2
PA;372.7
GO;435.7
GO;601.6
RS;529.6
PE;
MG;598.4
DF;482.1
PA;554.3
AP;404.2
RJ;656.7
BA;
CE;459.6
SC;593.0
PR;617.5
MS;420.9
PA;478.8
RS;626.4
SP;682.9
SP;404.2
MA;401.1
GO;
RO;384.7
SP;705.2
MG;427.6
MA;492.6
SC;450.7
CE;628.9
BA;
SE;592.8
SP;529.2
GO;
GO;635.4
SP;598.9
CE;431.0
GO;531.1
PR;589.2
CE;463.4
SP;
PA;804.5
MG;469.7
PE;530.2
MG;633.9
PI;468.6
BA;510.0
SP;455.8
RJ;450.3
SP;510.8
RN;
SP;380.7
BA;548.1
CE;461.2
RJ;460.4
MG;411.8
MG;
PI;722.0
CE;603.5
MA;
PR;661.1
CE;509.3
SC;
PR;431.6
GO;810.0
DF;421.1
SP;
AM;562.3
PB;
PA;371.1
SP;600.5
BA;514.7
RS;676.5
SP;656.1
RJ;394.5
PB;
PR;578.7
CE;516.9
RS;636.1
SP;467.7
PE;480.1
PI;482.6
TO;563.3
BA;530.1
RS;568.4
AL;
CE;
CE;558.8
RJ;636.5
GO;469.7
PA;444.0
SP;589.9
GO;
SC;
CE;381.6
CE;505.0
RJ;
MA;438.5
PI;593.3
GO;
AM;575.3
CE;475.8
PA;
AL;576.9
MA;578.1
MG;705.2
RJ;446.1
MG;
BA;
CE;457.1
MA;756.9
PA;392.9
DF;
GO;590.3
PR;828.2
SP;436.4
RN;628.7
RN;
CE;759.2
MG;534.7
SP;757.3
MG;466.7
MA;390.0
PE;418.2
PI;
BA;409.2
PE;449.8
BA;430.4
PB;
PA;367.5
PR;638.6
RJ;
MG;553.0
SE;484.0
PE;433.1
SE;495.7
BA;
BA;503.0
RN;441.3
PA;605.7
CE;696.1
CE;617.7
SP;683.8
RN;435.3
PA;635.2
PE;447.3
MG;576.4
BA;472.8
RJ;443.3
PI;460.4
MT;525.4
MG;648.8
AL;
PB;459.1
GO;650.1
SP;540.9
PI;
CE;688.5
GO;386.0
GO;
MG;444.7
SC;
MG;757.1
RJ;
SP;618.9
SP;509.5
CE;623.5
MG;594.7
BA;510.7
CE;469.7
GO;464.8
MG;360.0
PB;446.9
SC;382.4
PA;550.8
CE;452.5
MG;517.1
BA;384.9
AC;
CE;
BA;427.1
MG;598.9
SP;515.5
ES;462.3
RS;
PI;563.9
BA;
CE;419.2
AM;403.3
PI;603.4
RJ;591.8
TO;
SP;460.4
MG;591.9
SP;386.3
BA;481.1
MG;523.2
PR;409.2
PA;598.7
MG;573.3
SC;403.8
GO;509.0
RN;434.5
BA;383.6
GO;645.9
SC;459.7
SP;696.3
MT;611.7
SP;678.3
DF;429.9
CE;657.4
DF;569.8
RJ;645.6
BA;415.2
BA;567.1
PI;521.8
MS;449.8
GO;446.5
MG;702.5
CE;514.2
PE;490.3
PA;
PB;
BA;
SP;584.8
CE;
RJ;595.1
PE;485.7
PE;720.1
MG;
BA;
PA;
ES;448.1
DF;395.7
MT;801.2
CE;474.3
MG;647.8
PA;582.0
PE;554.7
PR;406.3
RN;490.2
GO;
PE;
PB;440.6
MG;550.0
CE;456.5
MS;778.1
PB;722.4
CE;439.7
RN;460.1
PE;416.7
AL;413.2
GO;
TO;494.6
SP;555.8
CE;488.8
MG;712.4
SP;553.6
DF;459.4
SE;436.8
PB;
PI;547.0
RN;453.1
MT;664.3
SP;
PE;503.0
RJ;
MS;
CE;562.1
MG;614.3
BA;508.8
ES;539.6
GO;629.3
MA;
MA;493.3
CE;654.7
MG;
AC;416.1
PI;518.7
SP;
MG;
SE;449.6
SP;
CE;379.2
CE;439.4
GO;663.3
PI;
PB;502.9
BA;
MG;
PI;399.5
BA;468.4
CE;421.4
BA;
PR;
PA;583.3
BA;451.3
TO;647.3
AL;471.2
CE;736.2
RN;468.2
SP;665.4
CE;
SP;
BA;503.5
RS;411.2
SP;603.7
GO;510.4
SP;501.8
MG;828.2
BA;
ES;553.4
SP;626.0
SC;
PE;429.7
MG;724.9
PR;400.8
BA;626.8
BA;480.6
GO;529.9
RJ;408.8
MG;
SC;391.4
PE;
CE;625.5
RN;
RS;809.2
MG;457.2
MG;771.0
SC;557.1
SP;632.7
CE;493.2
BA;479.8
BA;397.4
RJ;721.8
PE;494.3
MG;463.1
SP;
CE;
SP;
PR;723.2
PA;540.0
PE;420.6
MG;700.9
AM;
RJ;
CE;
PE;604.7
TO;499.0
BA;486.1
GO;542.4
RJ;
PE;
BA;513.9
ES;545.7
GO;427.8
MA;404.1
MA;683.0
MT;720.5
RJ;511.7
SP;
GO;449.3
CE;628.0
CE;
DF;
SP;
AP;
SE;576.3
CE;463.1
PB;361.1
CE;
MG;405.9
CE;
MA;429.8
CE;
AP;685.8
GO;577.6
SE;631.9
MG;427.4
SP;
SE;536.4
RS;393.4
BA;607.5
MG;671.9
BA;451.8
PB;596.2
CE;513.1
SP;719.5
GO;380.1
PB;809.2
GO;476.4
GO;528.1
GO;
BA;435.8
RS;500.8
AM;415.4
MG;706.5
CE;
GO;
PE;437.4
PE;466.8
SP;
PA;498.9
AM;
RS;491.6
PE;464.6
PB;758.9
SP;453.3
SP;755.1
MG;
MA;386.2
PA;610.4
BA;
PE;443.9
BA;390.4
CE;600.9
AL;488.8
RJ;492.3
BA;
SC;644.4
BA;420.6
MG;399.2
SP;739.1
CE;427.9
PE;
DF;
RJ;438.1
GO;471.3
PB;
MA;
CE;541.2
CE;554.7
SP;557.4
MG;546.4
SP;447.1
CE;
PB;403.7
PE;
MG;464.8
ES;571.4
PR;632.7
PB;413.1
CE;459.4
MA;
PE;502.9
CE;436.5
CE;443.4
PR;524.2
BA;469.9
SC;690.4
MG;442.7
BA;517.3
PE;461.3
RJ;619.0
SP;
PE;510.2
RJ;447.2
SP;
BA;470.4
RJ;
SP;444.5
SC;615.7
AP;426.3
GO;651.5
MG;592.7
MA;
CE;648.5
MA;420.0
PA;497.6
SP;478.5
PR;
MA;
RJ;597.8
BA;398.8
BA;
RJ;421.1
RN;719.6
MA;644.5
GO;
RS;543.5
BA;498.8
BA;742.0
MS;437.0
MG;510.0
RJ;603.4
GO;
PR;
GO;533.6
BA;
MS;
PA;524.3
MG;
CE;
GO;578.9
AL;424.0
CE;
PA;423.6
MG;732.8
BA;484.9
GO;
RN;585.9
RS;629.5
CE;492.5
PR;424.0
AL;571.7
BA;552.5
SP;
PE;429.5
MG;
ES;544.8
PE;
BA;771.8
MT;506.5
AL;473.2
PE;565.5
GO;562.8
RS;438.1
SP;
MG;601.3
SP;591.4
PB;391.0
RJ;370.5
PA;547.3
PB;
RJ;643.4
MG;468.0
RJ;603.8
PE;421.8
SC;623.9
CE;544.5
GO;392.6
PE;552.4
MA;416.0
MG;514.2
CE;456.8
RJ;707.8
SC;394.9
PR;527.8
SE;400.1
MG;
CE;432.8
RJ;512.3
PI;408.6
PA;547.9
PI;490.2
MG;740.0
PI;574.8
PR;414.8
GO;491.7
PA;672.6
BA;547.4
PB;592.5
RN;419.6
MG;599.0
MG;
RJ;532.2
MA;
SC;431.2
PR;387.8
MA;630.4
PI;473.6
MA;412.5
SP;431.1
TO;504.0
SP;532.3
PE;480.6
CE;
PR;722.0
BA;
MG;510.5
MA;427.8
SP;875.9
MS;487.4
PE;
BA;413.1
SP;771.7
PA;448.0
GO;505.2
SC;761.5
GO;
PR;386.1
GO;534.9
BA;588.7
BA;702.3
RS;483.7
RJ;428.6
RS;
PA;391.3
SC;671.5
RN;611.8
BA;493.4
MA;659.4
SP;453.5
CE;
SE;389.4
PA;454.9
BA;376.5
MG;889.4
CE;
CE;519.0
CE;
PB;647.4
BA;419.4
CE;398.0
PE;
RN;679.8
TO;464.6
SE;470.5
BA;
PA;427.8
CE;531.8
BA;476.3
MG;623.3
RJ;
PA;598.0
PB;413.1
RJ;
SE;428.1
GO;464.7
CE;404.2
MA;
MG;523.9
SP;642.0
DF;465.0
PB;434.4
SP;478.3
PB;
SP;438.4
AM;583.2
MG;
SP;
PI;
SP;546.1
SP;581.7
ES;486.0
CE;738.9
PR;479.6
GO;413.8
BA;635.7
BA;648.1
PA;425.3
SP;
RJ;521.0
MT;543.9
BA;475.9
PE;456.5
BA;530.3
SE;451.9
CE;
GO;432.4
PB;
MA;
PE;533.3
PI;517.5
SC;
MG;377.8
BA;581.9
BA;
ES;602.3
RJ;525.9
CE;667.9
PA;404.2
SE;420.0
CE;576.0
CE;420.1
PB;426.3
BA;542.0
RS;
SP;612.8
GO;526.5
PA;480.9
GO;572.4
CE;418.6
BA;508.5
RS;549.8
MG;449.8
SP;739.2
RS;554.8
SP;639.4
RJ;451.4
BA;523.4
PE;544.2
GO;416.4
GO;
AP;620.4
ES;
SP;
RJ;
MG;
CE;440.0
CE;686.0
PI;479.0
GO;495.3
CE;552.0
SE;
RN;
SP;803.1
RN;442.5
BA;428.5
AL;610.8
CE;536.2
GO;490.1
GO;385.5
AL;581.2
PB;420.4
RJ;695.6
PE;659.0
PE;523.2
CE;543.4
RJ;701.0
MG;419.8
BA;
PE;
MA;518.3
CE;447.7
CE;590.2
PB;424.1
MS;701.3
BA;601.7
PI;
MG;686.4
CE;483.4
PR;390.1
MG;407.5
GO;456.2
MA;609.5
CE;606.5
PA;369.3
AL;524.6
CE;709.1
MG;660.8
GO;426.6
SP;493.2
GO;451.2
GO;667.0
CE;
CE;726.5
MG;864.2
BA;621.2
BA;358.1
PE;640.1
MT;356.7
SP;483.5
CE;705.1
PB;
PA;
MG;
PI;435.3
RO;657.6
MG;420.0
GO;
PI;552.3
MA;459.2
PR;422.3
PR;484.8
PE;445.1
PE;708.8
MT;
PR;638.1
CE;759.1
MG;468.9
GO;669.3
RS;573.2
AL;424.7
CE;447.7
SP;674.4
MG;464.2
SP;
AP;
BA;433.4
RS;
AC;464.2
PB;
AM;
RS;510.9
AP;416.5
RS;460.9
SC;759.9
PI;639.1
CE;520.5
TO;709.3
PB;451.7
PE;504.7
SC;703.9
PI;
SP;700.3
GO;
BA;434.1
MG;753.6
RN;567.3
MG;465.1
SE;694.4
MT;
RS;675.6
SP;
PE;512.9
BA;457.8
BA;441.0
CE;415.5
PI;470.8
MG;410.0
GO;757.1
SP;499.1
PA;409.0
GO;599.9
CE;467.5
MA;674.9
GO;653.0
PR;
AM;417.2
RS;
MG;364.7
PE;615.4
PE;612.0
GO;375.9
SC;604.5
PA;668.0
SP;421.1
MA;448.0
CE;597.1
AL;585.9
MG;626.1
PE;540.1
PR;
MG;
SP;449.2
PA;473.4
CE;737.4
BA;434.4
BA;499.7
GO;
PA;653.3
GO;494.1
PA;442.6
BA;585.3
PE;689.6
AL;599.4
RJ;638.9
SC;401.8
BA;416.2
PR;
GO;425.7
PB;391.1
MG;
DF;520.8
PA;
MA;547.6
CE;
ES;
SP;
PI;624.5
PR;850.5
MT;531.7
ES;418.8
GO;552.9
RS;645.1
SP;704.7
PE;434.3
BA;559.7
MG;668.9
MG;
CE;369.1
DF;525.4
PI;
RJ;
BA;533.4
CE;546.8
CE;622.3
MA;494.7
BA;593.1
MG;422.5
CE;
GO;482.4
PE;573.1
RJ;437.3
PR;714.5
CE;
RJ;
GO;385.4
PE;
MA;396.1
PA;594.8
SP;510.4
PE;453.9
CE;
SP;
CE;598.6
BA;417.3
MT;579.8
MA;438.7
SE;431.8
MG;719.6
MG;634.7
AP;399.1
MG;
RJ;416.7
GO;465.2
PE;
GO;390.1
GO;550.0
CE;517.9
PB;420.8
MG;647.5
PA;
BA;681.0
BA;388.7
PI;428.5
SP;387.7
PR;525.5
RS;469.5
BA;
MS;595.7
GO;548.2
SP;
PA;407.7
BA;383.3
BA;588.3
RN;674.4
SE;
CE;387.1
PE;633.1
MA;418.1
GO;449.8
CE;
CE;582.5
BA;
MG;645.2
CE;
RS;703.1
GO;
SE;442.4
PR;590.7
RS;585.5
RJ;639.9
PR;545.9
RN;
PB;561.5
MT;542.4
PR;833.4
SP;
BA;523.3
CE;440.5
MS;727.3
PE;431.4
PR;652.9
PI;414.4
PB;738.4
BA;
BA;550.2
SP;428.9
GO;511.8
BA;409.5
PI;644.9
PA;
PE;
PB;416.5
CE;593.2
GO;479.9
GO;450.0
GO;507.0
PE;660.7
RJ;552.4
SE;
GO;751.5
PE;431.5
SP;689.4
PR;456.2
PA;400.4
MG;625.0
PR;654.3
CE;453.3
RN;419.4
RJ;409.8
CE;
SC;847.5
MA;540.2
RJ;587.6
MT;572.1
MG;753.8
PA;
SP;636.1
SE;531.3
SP;582.2
SP;
CE;
CE;465.7
MT;513.8
SP;
SP;607.0
SP;675.3
MG;
BA;565.5
GO;
CE;
RS;659.9
PA;
PA;459.5
CE;621.9
PE;580.2
SP;625.2
ES;
CE;682.2
PA;412.9
PE;546.8
PR;525.7
RS;452.2
ES;481.1
PA;
CE;531.4
BA;475.1
RJ;571.2
MA;408.5
BA;485.9
MG;
PB;804.1
MG;452.0
PR;
PR;476.9
PI;590.0
SP;
SP;600.0
RN;
BA;683.4
RN;455.3
PA;383.3
PE;659.4
MA;491.9
BA;
CE;403.6
SP;
MG;401.7
RN;770.1
MA;
GO;446.6
PR;430.5
BA;552.7
MT;
SP;673.1
CE;
MG;474.7
ES;600.8
BA;607.5
BA;466.9
MG;665.8
MA;560.3
PR;788.3
PA;672.7
AL;543.1
PA;496.8
RS;
RS;
GO;
MG;
BA;
BA;
MG;736.4
SP;477.8
MA;513.0
SC;
MA;697.8
RS;639.9
SE;493.5
PE;456.4
BA;468.1
SP;440.6
MG;
PA;471.1
RS;385.7
GO;
GO;505.5
SP;520.8
MA;
SP;685.1
RS;
PI;
GO;
CE;600.6
BA;472.5
BA;615.9
SP;838.4
MG;713.9
SP;661.2
RN;
PR;479.9
PE;634.2
MT;427.6
SP;679.2
RN;817.8
GO;
PI;555.2
MG;625.0
GO;622.8
RJ;
GO;411.2
PA;617.2
SP;647.5
MG;401.0
PR;593.3
CE;817.4
MS;
RJ;458.3
SE;418.7
MG;423.3
AM;622.3
MS;549.0
RJ;
TO;
RS;388.9
MG;
SP;389.8
PA;652.0
BA;
AL;685.3
RJ;410.8
CE;425.2
SP;472.0
GO;383.1
TO;409.7
GO;463.5
SP;
BA;
PA;
MS;473.4
PR;788.0
PA;466.7
SP;596.0
PA;361.4
CE;406.4
PI;
CE;552.8
SP;715.0
GO;472.8
TO;501.4
MA;406.5
GO;524.7
SP;591.4
SC;557.1
ES;412.2
RN;489.1
PA;465.4
RJ;695.4
BA;
CE;
PR;708.9
RS;
PR;526.5
PR;399.5
SP;443.5
RS;417.0
MT;506.5
BA;589.6
PR;
BA;372.2
PB;402.0
PR;606.8
GO;
BA;723.1
MA;573.7
MG;498.0
MA;
RJ;
BA;
PB;425.4
RS;
MG;526.4
MT;428.3
BA;428.6
SC;443.5
RJ;501.7
SP;625.8
MG;
MG;473.4
GO;435.7
RS;443.1
PE;553.5
SP;665.0
RS;792.3
RJ;405.1
RN;606.1
SP;624.6
PI;573.9
BA;665.0
RJ;785.1
MG;365.9
MG;
PE;446.7
RJ;499.5
MG;474.1
MG;457.8
RN;545.1
SP;473.5
SP;
MS;433.1
PB;472.5
PB;953.1
PE;703.6
BA;467.5
RN;430.8
GO;562.1
RJ;497.1
RS;
SP;457.2
PE;555.2
GO;
SE;762.4
MG;689.5
BA;390.3
MG;
SP;
PE;409.4
SE;
BA;587.1
PI;587.1
PA;441.3
DF;435.7
PI;514.9
SP;712.4
PR;475.8
PR;
RJ;
PA;397.8
RJ;524.5
PA;539.6
PA;491.0
MA;411.5
CE;446.5
RN;
GO;540.7
SP;394.4
BA;545.2
PE;
AL;
PB;476.6
MG;588.9
SP;453.5
RS;589.2
SP;812.8
GO;448.7
PE;654.8
CE;473.7
MG;447.9
CE;514.8
MA;587.8
CE;372.2
SE;
MA;
AM;734.3
MG;484.9
BA;558.5
BA;366.5
MG;
RJ;393.0
MG;
MG;777.2
PE;
PA;414.2
GO;544.8
MG;733.7
BA;
PE;675.6
BA;515.4
BA;569.9
GO;481.3
MG;447.4
RJ;543.6
RS;629.4
MG;783.8
TO;507.8
SP;461.1
PI;
GO;497.1
PE;525.5
DF;504.6
SC;
ES;532.6
MG;821.1
BA;
MA;
PE;375.7
AP;
PE;
PR;
PA;521.7
MA;530.5
MA;
MG;377.2
RJ;
CE;
RJ;437.4
CE;678.4
PA;535.0
GO;440.1
SP;497.0
BA;427.4
SP;766.6
GO;399.5
MG;474.9
GO;572.4
MG;624.8
GO;496.8
CE;409.0
SP;669.6
PI;
MA;616.0
MA;412.3
BA;406.6
MS;574.1
CE;900.3
TO;457.2
GO;
BA;
BA;
CE;
SP;467.4
MG;687.1
SE;395.8
PE;474.8
PA;692.0
MG;
RJ;459.1
MA;517.2
PE;422.4
BA;
TO;446.9
PA;
BA;492.7
GO;
SE;
PE;427.4
PE;359.5
MG;737.4
RJ;516.4
CE;383.8
BA;401.2
PI;399.4
MG;370.8
PI;
DF;427.8
BA;720.8
SE;431.6
PA;370.6
GO;528.4
ES;
DF;
CE;
RJ;367.6
BA;428.5
GO;381.8
MG;554.2
MG;471.6
MG;643.1
PB;
PE;
CE;583.1
RJ;
CE;390.1
RN;644.2
SC;663.0
PB;493.7
PE;766.8
AL;
PA;452.7
CE;484.0
PA;423.9
GO;411.2
PE;478.6
RN;502.2
PR;689.9
SC;
PA;393.4
RJ;
MG;577.6
RN;443.2
BA;411.6
MG;502.2
AM;557.2
BA;
RN;739.2
BA;439.0
GO;
BA;
PI;492.9
PE;497.0
AC;
PB;486.2
PA;396.4
SP;792.8
RN;856.6
MA;408.4
RN;583.4
PA;483.9
GO;
RJ;
RJ;
TO;456.3
ES;580.1
PE;749.8
SP;800.0
BA;431.6
AL;
PE;470.0
BA;
PA;
SP;596.8
SP;
CE;
SC;471.1
MT;637.2
MG;742.2
PA;769.4
MA;452.8
BA;421.0
MG;499.5
BA;
CE;520.2
PB;590.3
PI;504.3
SE;642.9
GO;
BA;
PB;518.1
SP;661.9
CE;725.9
SP;565.0
PE;582.1
CE;496.3
RJ;418.5
MA;666.2
SE;431.9
MG;476.4
DF;462.6
RN;578.8
PI;418.6
MG;493.6
BA;429.6
MG;622.5
PA;480.4
BA;370.2
CE;
MA;
RS;
GO;392.0
RN;406.0
CE;389.4
PR;442.7
PE;425.5
GO;517.9
MG;669.6
DF;458.6
ES;479.3
TO;482.7
PA;441.5
SP;685.9
BA;639.7
PI;620.6
MA;
PR;506.6
PA;551.4
AM;453.8
MG;455.3
BA;699.6
PE;417.9
AM;
ES;
CE;720.3
SC;703.5
MA;475.9
RJ;418.6
AM;480.6
RJ;
CE;
MG;465.9
AL;594.9
MG;495.4
RJ;503.3
PE;
CE;461.1
SC;
MG;492.2
PA;
SE;
SP;532.6
PE;410.2
PB;424.5
SP;
RJ;412.8
PE;635.0
BA;465.8
SC;465.9
MG;
GO;455.8
SC;632.2
GO;
PE;666.3
CE;
GO;418.4
MA;460.3
MG;508.1
AM;
SP;703.0
MG;732.0
MA;457.6
PI;382.2
RJ;
CE;559.3
BA;439.8
PA;541.6
SP;584.9
RJ;619.5
GO;711.6
RS;678.9
SE;
MG;533.6
SP;777.7
PR;548.4
SP;660.7
BA;
SP;736.3
RS;733.0
CE;523.9
PE;537.0
BA;598.4
BA;668.5
MG;430.1
PB;465.3
MA;410.9
CE;461.0
CE;
RJ;
SP;584.5
PE;489.8
PI;558.1
BA;403.5
MG;531.6
CE;503.3
RJ;579.2
AL;
GO;509.2
RJ;632.6
PR;691.7
PA;611.8
PR;470.5
SP;419.8
CE;440.1
RO;478.9
MG;536.4
PA;390.6
GO;489.0
MA;492.9
RJ;
CE;
PI;411.0
MA;415.1
RJ;464.3
SP;667.1
BA;439.0
RO;672.6
BA;442.3
CE;
PA;468.2
PA;
RJ;
BA;
BA;467.1
PR;445.8
MG;631.3
PE;
MA;398.6
BA;657.8
CE;
RJ;386.3
PR;
PA;469.7
BA;465.9
SC;591.2
RS;
RS;575.3
GO;
MG;611.5
MG;526.3
MS;624.7
MG;
BA;474.5
GO;595.8
PA;547.9
SP;619.5
SP;721.1
GO;402.9
PE;568.6
GO;514.9
RN;656.5
BA;452.4
AL;606.0
BA;373.8
BA;460.1
PE;422.7
PE;441.1
BA;442.4
GO;604.7
MA;576.1
RJ;393.0
MA;389.0
CE;380.9
MG;644.6
SP;505.4
SP;453.8
AM;
MG;598.0
CE;661.6
PI;639.0
MT;666.3
RJ;
MG;534.8
BA;593.5
PR;
MG;518.1
PI;432.9
GO;
PI;634.1
GO;
SP;715.8
SP;
GO;439.5
RN;585.8
CE;595.1
SE;432.6
MA;426.2
BA;455.3
BA;423.3
MG;654.8
PA;488.3
BA;402.7
CE;
SP;499.5
GO;480.8
CE;619.1
SP;654.6
MA;737.7
GO;546.2
GO;
CE;
CE;375.9
PA;456.3
SC;
BA;575.5
CE;439.0
BA;478.3
RO;388.1
PB;623.9
CE;375.1
RS;
CE;558.8
BA;
PA;400.6
BA;462.0
PE;454.7
CE;
SP;673.5
ES;624.9
PB;426.3
AM;424.4
GO;638.9
AP;
MG;690.6
RN;664.0
MG;435.7
SE;
PE;611.4
AL;420.5
PA;596.4
SC;787.4
BA;447.5
GO;431.8
PA;520.0
PB;
PB;
BA;395.0
GO;492.6
BA;477.8
CE;391.7
PA;468.8
PE;475.3
RJ;470.9
SC;
PE;522.6
SP;488.6
RJ;555.5
PB;520.6
CE;626.1
SC;548.3
CE;655.2
MG;623.7
GO;540.5
BA;616.4
RN;513.0
SP;417.9
RJ;462.0
MG;712.7
PA;631.4
PI;411.3
SC;459.4
MG;575.5
CE;542.0
SP;493.0
PE;404.1
GO;423.0
PA;490.8
MG;527.4
BA;605.8
CE;392.5
PA;
PE;639.1
PB;
CE;422.3
BA;853.8
CE;519.3
BA;686.4
SP;517.6
ES;
GO;
PA;527.0
PR;643.6
SE;770.3
DF;409.9
DF;673.3
CE;
RJ;
DF;
PE;586.7
PA;514.3
GO;418.2
MG;738.6
CE;471.3
CE;408.3
MA;432.8
GO;
MG;440.7
RJ;743.5
RJ;695.6
RJ;384.6
PB;419.8
MG;545.0
AL;
MA;584.9
PI;668.9
PA;427.4
CE;548.8
PA;668.8
MG;413.3
MG;397.3
BA;441.0
BA;
MA;436.0
BA;486.2
PR;545.6
DF;
MG;762.5
BA;504.4
CE;551.3
AL;
MG;463.8
PI;561.4
SP;582.5
PR;654.2
BA;445.4
BA;559.5
MA;386.9
CE;470.6
GO;470.2
MG;
RJ;483.7
SC;
MA;
MT;491.3
RS;
BA;463.0
MG;750.7
MA;428.2
PR;473.4
MA;
GO;629.6
BA;529.0
CE;
MG;537.7
MG;398.8
ES;492.8
MG;
SP;383.9
BA;
SE;569.0
BA;455.6
AL;534.2
MG;638.1
CE;440.6
MG;484.2
PE;
PB;462.0
MG;501.5
PR;552.7
CE;596.4
PA;412.0
CE;
MG;791.9
CE;443.2
GO;490.4
BA;615.4
PA;
MA;367.9
PA;380.6
MG;643.9
SP;466.2
BA;
RN;425.0
AM;489.1
MS;
MG;407.3
BA;494.9
ES;609.1
RN;
ES;403.5
GO;501.8
BA;795.5
MG;506.3
TO;452.1
PB;737.4
PI;432.2
CE;595.8
PR;362.2
GO;456.5
PI;489.5
RS;688.0
RN;736.3
MT;556.2
RS;663.7
RJ;440.4
PA;427.4
RJ;373.4
AM;
SP;704.6
PB;410.0
BA;485.2
BA;
MG;664.8
AL;755.0
SP;767.9
RO;475.0
BA;
PI;
PE;430.5
SP;495.9
RS;628.6
MG;672.8
MG;516.1
RJ;489.4
AM;780.1
RJ;797.4
RJ;429.0
AM;438.3
ES;667.1
MG;422.2
MG;758.2
PI;692.6
PA;396.1
MS;
CE;412.0
SP;620.0
BA;415.0
CE;557.4
RS;557.9
MG;480.1
PB;507.2
BA;413.7
PE;586.5
RN;555.1
PR;485.5
RS;790.6
BA;485.8
CE;
CE;528.0
PA;
PE;393.8
RJ;511.0
GO;487.1
RJ;537.3
MG;574.9
GO;
CE;609.1
GO;
SP;652.9
CE;596.9
RJ;431.3
MA;607.3
MS;675.3
SP;608.6
CE;547.1
SP;461.0
MG;456.9
SP;561.6
DF;728.0
BA;605.3
BA;582.4
PE;610.5
BA;800.0
CE;
PA;493.6
BA;388.7
SP;586.6
SP;
PA;
RN;455.4
MG;463.5
BA;530.1
SP;450.6
MA;375.0
MA;488.6
SC;667.2
BA;
GO;391.3
MG;382.1
PI;533.6
AM;
CE;359.5
BA;444.3
RJ;632.8
CE;394.7
PI;446.5
CE;551.9
PR;407.1
BA;
MG;
BA;432.8
SP;703.1
CE;
RJ;466.3
MG;485.9
SP;393.6
GO;
CE;
MS;611.7
SP;494.5
MG;621.9
TO;477.4
SP;453.7
MG;681.3
GO;361.6
BA;402.8
MG;
SP;435.6
MT;480.7
PA;
PR;582.6
PE;452.3
PI;629.0
GO;452.5
BA;615.0
BA;633.7
SC;
MA;500.1
CE;759.4
BA;
PI;697.2
MG;692.7
SC;498.0
CE;587.9
PB;819.0
GO;
SP;579.8
PA;446.3
PR;384.5
BA;538.3
RJ;
BA;476.8
PA;432.6
MG;623.7
MG;735.6
SP;558.6
SP;674.6
PA;405.8
RN;510.9
DF;757.5
RS;430.4
BA;582.8
PB;
SP;495.2
BA;
RJ;528.4
MT;580.1
RJ;
MG;515.3
MG;516.2
GO;782.1
PB;443.4
RJ;621.0
MG;589.7
SP;430.0
CE;
PI;561.0
SP;
GO;
PB;428.6
PA;
MG;391.0
PE;554.7
SP;
PR;
MA;764.8
PI;428.0
BA;
PI;639.4
SP;689.7
SP;632.9
CE;
CE;
MG;550.1
SP;459.4
MA;
GO;377.8
MG;659.4
SE;491.8
PB;434.7
SP;
PR;433.9
CE;405.7
GO;428.8
ES;382.3
GO;495.5
MG;626.4
PI;591.4
MA;501.2
CE;618.4
PA;
RS;812.6
MG;369.0
RJ;447.4
SE;586.9
MG;704.6
MG;
SP;465.6
CE;564.2
BA;
PE;823.3
SP;694.1
RN;
GO;764.4
SP;397.8
SC;
MG;471.1
PR;747.7
SP;649.4
CE;436.0
MG;786.1
BA;642.8
CE;447.5
MG;707.1
PI;
CE;434.3
SP;
MG;760.7
RS;657.5
RJ;695.9
PB;409.2
SP;530.4
RJ;362.5
CE;504.4
BA;651.2
RJ;657.4
BA;394.0
GO;
PE;381.2
GO;536.0
RS;745.6
MG;649.4
PI;525.2
RJ;
CE;
RJ;
MA;386.4
PA;430.3
PA;470.2
BA;406.9
CE;489.7
GO;499.4
RJ;558.6
AM;525.0
PE;614.2
AM;505.3
SP;
PA;488.7
PB;384.5
RS;548.3
CE;
AL;584.1
GO;
RN;425.4
GO;631.3
PE;
GO;372.6
BA;393.4
MG;
AP;
RS;597.9
ES;506.8
AM;417.2
BA;511.7
PB;
GO;457.4
RS;633.8
MG;612.1
CE;469.0
DF;
PA;
CE;484.6
PE;464.1
GO;411.1
TO;446.6
MG;723.7
CE;461.6
SP;
SP;537.4
PE;409.1
MA;541.3
PR;460.6
RN;482.5
PA;423.6
RN;544.3
ES;842.5
AL;416.3
PI;411.4
SP;440.7
SC;780.8
RJ;610.0
MG;803.5
RJ;375.9
MG;765.5
CE;461.5
RJ;754.3
MG;510.9
MA;496.9
SP;
CE;
MG;626.9
PE;518.8
GO;420.5
SE;
CE;426.1
RJ;533.3
BA;393.0
RJ;541.9
AL;516.8
PA;397.2
PA;
SP;549.3
GO;425.8
SE;681.4
CE;
SP;415.8
CE;467.8
BA;412.0
MG;560.2
CE;649.8
CE;571.4
PI;
BA;445.6
BA;480.9
PR;623.5
SP;672.6
CE;
RN;573.7
CE;492.8
BA;632.5
SP;504.1
BA;688.9
RN;462.6
PR;479.9
SP;
PE;657.4
MG;458.9
SP;749.6
GO;549.9
GO;613.7
MG;612.1
PR;
MG;534.7
PI;646.8
SP;
MG;640.1
PA;
AL;432.8
DF;
RJ;
MT;417.5
DF;359.4
BA;437.5
MA;427.9
PI;524.3
SC;639.6
GO;546.8
MT;417.7
CE;450.8
SP;709.1
PR;521.3
PB;922.3
GO;529.0
SE;
PA;
MT;621.4
BA;
MG;705.7
PR;537.2
GO;642.8
MG;415.5
MG;589.9
PR;457.4
MT;454.7
RN;594.8
RJ;404.9
SP;669.7
BA;389.2
RJ;609.1
ES;745.8
SP;541.2
MA;
CE;
ES;409.2
PR;498.3
PE;618.8
SC;
PE;458.5
CE;453.4
SP;624.4
ES;676.4
GO;619.8
SE;
MA;566.6
SE;
CE;592.0
BA;559.4
PI;562.0
CE;
AL;646.7
SP;426.0
MA;425.3
PA;534.8
ES;428.2
RJ;621.1
CE;541.6
MG;793.6
MG;586.2
RJ;564.8
AP;408.1
RJ;554.3
GO;537.8
SP;371.1
CE;506.9
MA;398.6
GO;503.4
MS;568.0
SP;
ES;
RN;
AM;379.2
CE;567.7
SP;436.6
SP;557.1
RS;
BA;786.2
PA;386.9
ES;631.0
MG;
BA;517.3
CE;
SP;512.4
PA;500.5
PB;644.4
RJ;
PE;415.4
ES;512.2
PB;445.4
RJ;432.5
SC;490.8
BA;
RN;733.4
GO;393.9
BA;670.3
PA;516.8
RJ;
SC;533.2
BA;464.0
CE;
GO;
RN;405.0
SC;450.4
MA;
MG;473.9
MA;
BA;680.3
GO;
SP;657.8
MG;730.7
BA;464.7
GO;
CE;628.8
RJ;478.4
PB;628.6
SP;428.3
SP;363.5
CE;600.6
PI;533.8
PB;585.9
GO;415.2
DF;606.2
RJ;548.3
CE;533.7
CE;418.5
SP;397.3
CE;515.9
BA;742.8
SP;570.4
CE;582.0
GO;602.1
MG;
PE;400.6
PA;523.1
PR;429.7
CE;445.9
MT;535.1
MA;
BA;628.0
PE;
SP;513.8
PA;439.8
PE;450.8
GO;461.0
CE;676.6
SP;480.4
RN;399.3
PB;482.2
BA;
CE;763.9
BA;547.1
PE;742.5
CE;
MG;631.9
CE;469.5
ES;
PA;455.2
RJ;401.9
CE;461.8
MT;
RJ;604.4
SC;427.2
SP;697.7
GO;503.5
CE;434.9
MG;633.8
PA;448.0
BA;630.8
MG;578.9
PA;
SP;528.5
SP;634.2
SP;387.1
RS;431.5
PB;383.7
SP;624.2
PE;485.9
PR;522.0
MG;669.3
PB;552.5
RJ;
PR;
SP;494.7
MG;521.4
RJ;
SC;655.6
RJ;737.6
GO;525.0
CE;479.8
SP;420.6
SP;600.5
CE;475.2
RJ;
AL;433.3
RS;543.3
MA;569.6
MG;356.9
PA;434.1
BA;571.2
CE;490.3
PA;
DF;385.3
BA;436.2
RS;436.3
SC;
CE;436.7
RN;477.8
MA;420.1
SP;431.3
SE;405.3
PB;704.1
PE;395.5
SC;538.6
PI;432.0
RJ;388.7
AL;528.4
SP;646.3
SP;
CE;757.9
RO;679.8
MA;421.4
RJ;437.3
PE;530.1
BA;411.3
PI;474.2
RJ;521.5
PA;372.6
BA;437.6
BA;376.4
PR;505.2
MS;444.0
RJ;525.3
PA;532.0
BA;411.7
BA;
BA;375.9
RS;442.7
RN;490.5
BA;703.4
PA;435.6
PE;424.1
AL;624.5
CE;618.6
PE;370.2
BA;394.5
PE;511.4
BA;576.2
PA;451.8
AM;399.8
GO;362.9
RN;
CE;604.9
SP;
GO;535.0
AM;
GO;673.8
DF;530.9
PB;474.2
ES;576.6
RS;382.4
RS;
DF;
MG;441.3
DF;853.3
BA;628.4
BA;
ES;499.8
RJ;479.3
SP;361.6
MG;702.7
SE;
SP;426.9
BA;556.6
MA;430.5
RJ;440.0
PE;
PE;770.7
MG;
RJ;686.6
RO;
DF;
CE;499.8
PE;448.6
AL;449.8
SE;
CE;541.8
AM;493.3
BA;
BA;
CE;363.9
MT;
CE;557.8
PA;509.5
BA;674.3
RN;632.1
RJ;476.9
DF;426.6
AP;439.9
PB;709.8
BA;457.7
CE;832.2
PE;501.7
BA;
MG;422.8
RO;670.7
DF;567.4
MG;
BA;400.9
PA;552.2
GO;
GO;
CE;610.8
BA;609.9
AM;
BA;505.1
CE;540.8
PB;
GO;640.0
MG;570.3
CE;674.6
BA;
RS;607.0
PR;584.8
RN;589.7
PB;
PI;386.6
SP;446.3
MG;
SE;430.5
PE;524.8
PA;444.7
BA;484.5
RJ;450.6
PI;474.6
BA;526.0
PI;410.8
BA;498.7
CE;554.1
PR;632.1
RN;514.4
CE;383.8
BA;539.5
BA;733.6
GO;412.1
MA;
PI;424.9
CE;458.8
SP;
SE;367.4
RJ;
MA;533.1
CE;426.0
PA;429.3
AL;440.3
PB;730.0
BA;434.8
RJ;781.6
BA;
PA;
SP;634.6
MT;
BA;433.8
GO;
BA;528.0
MG;562.8
PE;
MG;540.2
CE;389.9
MT;
BA;
CE;457.3
ES;375.9
MG;533.7
GO;475.2
MA;458.7
BA;437.8
PB;605.7
RO;
MT;674.3
PA;709.3
MG;549.1
CE;490.6
BA;
SC;
MG;455.8
SP;416.7
DF;603.7
BA;461.8
SP;597.5
RJ;465.7
MG;429.5
BA;354.5
RS;603.0
SP;480.7
AC;
MG;644.0
PI;498.9
BA;504.7
PB;487.8
GO;454.6
MT;
RJ;380.9
BA;426.4
PI;513.6
CE;
TO;731.9
MG;
AL;535.2
CE;460.6
GO;490.1
BA;478.9
BA;399.9
SE;423.9
BA;
AP;557.1
SE;537.6
CE;
BA;399.5
BA;528.2
BA;
PB;456.1
SP;
RJ;431.5
RS;
GO;512.5
RJ;
CE;643.0
GO;464.2
SC;667.7
PA;509.7
RN;434.2
TO;445.4
MG;
CE;471.8
PR;452.6
MG;792.0
GO;587.2
BA;520.2
CE;427.9
RS;444.0
PB;374.6
CE;621.3
PE;814.8
CE;
MG;588.9
PB;420.1
RJ;
RJ;
BA;553.9
BA;584.1
SP;633.5
CE;581.8
PA;478.0
CE;
PE;489.1
GO;574.3
MG;458.1
SC;599.4
GO;504.7
CE;443.0
PE;437.2
SC;
PB;394.3
RJ;479.7
MG;705.5
BA;433.5
AL;431.7
MA;542.2
BA;
BA;712.4
CE;396.6
MA;495.2
RJ;461.1
BA;762.2
GO;
SP;643.5
SE;484.4
DF;542.4
PE;405.8
MG;
MA;415.7
RJ;567.6
SP;
MG;
PE;473.5
RS;479.1
PE;389.2
AM;
BA;555.2
MG;654.9
RN;556.5
MG;544.9
SP;
ES;712.8
CE;450.2
PE;506.4
SC;
MG;734.1
BA;422.2
MT;589.7
BA;456.0
BA;504.6
MA;552.8
SE;442.4
RS;452.6
GO;412.1
SP;618.2
SE;578.3
CE;514.7
PB;451.1
BA;579.0
PB;371.8
DF;
MG;560.0
RN;445.7
SP;691.5
RO;404.6
CE;679.3
CE;539.7
RJ;569.9
AM;543.1
PA;
CE;
SP;614.4
SP;396.5
MS;720.4
CE;409.7
SP;647.0
SP;669.6
BA;
BA;
PB;455.1
CE;526.0
GO;682.1
RJ;533.8
PE;
BA;
MG;
CE;630.3
SP;
BA;
CE;698.5
CE;650.6
PI;380.9
CE;
PR;429.0
GO;398.6
BA;468.4
RJ;573.6
RS;431.0
BA;458.9
PE;513.2
TO;493.8
PE;638.6
PR;389.7
SP;633.8
MG;809.3
MA;466.8
PE;695.5
MS;
CE;525.0
CE;473.6
PR;583.3
SP;480.5
ES;
BA;408.1
PB;
PI;554.8
GO;571.5
SP;
MA;462.6
CE;784.5
GO;624.4
MT;489.0
SP;448.0
PR;643.0
BA;488.1
PI;385.1
MG;599.8
GO;
MG;412.5
RN;465.5
MA;383.8
BA;498.8
SP;439.3
RS;624.8
BA;649.0
SE;447.9
CE;562.6
BA;558.4
PB;
PI;366.4
BA;475.1
PA;
GO;
PA;603.1
PB;650.6
BA;430.1
CE;601.4
MG;460.8
SP;629.5
CE;
MG;454.5
PI;422.8
CE;562.4
MG;704.7
MA;607.8
GO;
ES;452.4
BA;492.1
SC;374.9
MG;
BA;
MA;405.2
RJ;443.7
MA;
CE;
SP;656.8
CE;485.1
CE;584.3
TO;490.2
BA;470.0
MG;551.4
CE;787.6
ES;
MA;
SP;588.7
PB;685.3
DF;578.8
SE;
MG;
RJ;545.1
DF;
MA;386.7
CE;
MG;683.7
CE;
CE;469.4
SP;895.4
PE;517.7
RS;736.3
MG;531.9
SP;434.9
SC;606.7
PA;442.1
GO;582.8
MA;
MA;527.8
RJ;482.9
CE;584.7
PE;
SC;602.6
BA;552.9
BA;731.7
PI;670.7
MG;583.1
GO;479.1
PB;535.0
CE;572.7
RN;
AL;528.8
PI;540.4
SP;584.3
PA;466.6
SP;452.9
PE;425.1
CE;512.9
CE;403.3
MT;
PA;438.5
PI;396.2
SP;611.8
PA;399.4
ES;463.6
BA;453.6
MG;
PE;
RS;
BA;455.2
PI;559.3
PA;502.3
SC;708.0
RJ;504.8
SE;504.6
SE;551.3
PE;425.8
GO;355.8
RJ;
SE;499.0
BA;
SE;724.3
RN;
MG;626.0
PA;446.6
CE;513.9
SP;616.5
CE;445.9
DF;621.8
CE;559.3
MA;524.6
SP;804.6
GO;367.7
RJ;594.7
SP;728.6
MG;659.4
CE;
SP;497.1
SP;659.1
MA;435.9
PA;606.5
GO;408.1
CE;522.6
SP;574.0
GO;611.3
GO;367.4
GO;
SP;841.2
SP;816.3
RS;719.4
GO;477.8
PA;403.5
MG;473.1
BA;
PR;565.3
SE;572.1
PE;655.7
RN;
PA;435.0
PA;
CE;449.7
BA;395.9
SP;462.2
PR;626.7
RJ;508.4
SP;762.8
BA;422.2
CE;418.3
PE;525.6
PA;424.7
AM;
CE;453.0
MG;782.6
BA;694.6
AM;388.8
RS;750.0
CE;558.2
BA;646.0
RJ;424.8
RJ;546.1
GO;426.6
BA;437.0
RS;
PI;
DF;
SP;452.5
TO;556.5
PE;418.5
CE;424.6
CE;459.0
PA;
BA;589.3
PE;
MT;515.3
BA;
BA;433.8
ES;
CE;554.4
RN;851.9
MG;559.7
SP;495.7
MG;
SC;592.1
SP;
MG;500.4
RJ;568.1
RJ;639.5
SP;664.4
PA;
PE;659.0
CE;388.1
SP;426.6
MG;631.2
DF;
CE;
CE;520.5
PA;650.8
SP;568.0
SP;427.7
PB;408.8
MA;
DF;654.7
BA;475.3
SP;
CE;393.4
PE;383.1
CE;582.7
PA;697.7
MG;709.0
PA;
BA;432.3
SC;484.1
TO;494.6
CE;
SP;
PA;481.7
PA;
TO;390.0
AP;
SC;475.8
CE;436.4
RS;446.5
BA;415.3
RJ;
PR;611.9
CE;456.8
MG;650.4
GO;432.9
SC;
MA;436.9
RJ;
CE;789.3
SP;701.1
MS;720.9
CE;
PA;
MG;
CE;431.1
SE;
RS;436.9
PA;501.9
CE;385.1
PA;
PI;555.4
MG;767.5
RN;427.4
SP;593.3
DF;487.2
BA;550.6
MA;520.3
PE;
SP;482.8
MG;535.9
PB;
SP;589.8
PE;561.0
PR;459.2
DF;
BA;
GO;
CE;439.4
CE;666.2
GO;499.9
RN;366.7
CE;490.4
BA;410.0
BA;413.3
PR;581.1
SP;649.0
SP;
AL;
MG;730.9
SP;419.0
ES;487.3
SE;558.5
SP;473.4
RN;420.9
PA;
MG;473.7
MS;667.2
RR;627.0
MG;415.3
GO;382.1
SP;712.6
RJ;
MG;632.5
PE;
PB;512.1
PE;668.7
RN;565.0
PR;513.7
RN;399.8
PB;579.0
BA;
CE;542.0
GO;399.6
PB;363.6
SP;507.4
BA;501.5
BA;
GO;490.5
MS;501.4
PB;390.4
BA;563.6
BA;457.0
MG;825.6
MT;
RJ;406.0
PB;404.4
PR;401.8
PI;606.3
GO;
MG;
PE;516.5
MT;386.6
DF;560.8
CE;522.2
CE;386.9
SP;
SP;500.7
SP;516.9
PE;456.9
MA;448.5
AL;438.3
SE;570.0
GO;639.1
PA;385.5
MG;854.2
GO;402.1
DF;
MG;
SP;713.5
DF;607.9
RJ;457.7
PI;543.9
SP;578.1
CE;503.7
PI;379.6
PE;360.7
SP;407.6
MG;
CE;645.6
BA;633.1
CE;444.7
GO;464.7
PR;777.2
AP;
MA;474.2
BA;370.0
CE;389.7
SP;789.1
BA;406.3
PI;563.1
GO;432.0
PE;
CE;644.9
TO;
BA;
PB;
MS;573.1
MG;533.5
PA;481.4
RJ;456.6
RN;555.1
PA;755.7
TO;513.1
DF;740.9
PE;555.9
RJ;575.0
MA;598.0
DF;655.4
PA;718.0
PB;461.5
PA;
RJ;720.2
BA;454.3
MG;625.1
CE;635.9
ES;
SP;774.2
MG;458.1
DF;
MT;608.9
PA;
SC;732.5
RN;425.9
MA;0.0
MA;485.5
SP;741.0
DF;580.5
SE;549.6
SP;620.9
GO;436.1
RJ;
PB;
MG;470.6
MG;407.3
MG;519.8
DF;
PA;518.5
CE;424.6
CE;383.9
BA;582.2
MA;488.0
PR;534.3
CE;
CE;486.6
SP;546.9
ES;420.6
GO;460.9
SP;848.9
PA;408.2
MA;371.8
MG;428.1
BA;635.5
GO;
RS;710.4
PA;467.4
PB;393.9
BA;593.8
SC;
GO;508.2
SE;439.4
SE;
PR;
RO;555.3
RJ;752.6
RJ;529.4
PI;
SP;395.0
PE;612.4
PE;592.7
MG;442.6
SP;624.0
DF;452.9
BA;398.3
PB;653.5
CE;
CE;470.0
BA;468.6
PA;493.2
BA;357.1
RJ;394.6
ES;509.4
GO;545.0
CE;634.0
RS;
TO;394.2
CE;
SP;611.7
SP;
BA;459.2
MG;732.3
MG;401.8
GO;448.5
RS;672.0
PA;684.8
AM;451.3
SP;627.0
BA;419.8
SE;412.4
PB;594.7
RN;635.4
SP;625.0
CE;516.7
DF;781.3
GO;407.9
RN;450.5
SE;580.5
MG;485.0
CE;430.8
MA;402.2
PR;605.0
CE;440.1
SP;658.2
SP;443.2
SP;
SP;397.5
AL;442.1
AL;539.7
RO;519.5
GO;
RN;605.4
PA;461.0
RN;570.3
BA;
RJ;517.4
PE;508.2
GO;667.8
BA;362.7
PI;647.8
MA;432.5
RS;
AL;533.3
PR;593.8
BA;429.6
RJ;584.6
GO;487.4
RN;539.5
SP;612.0
BA;465.5
CE;
SC;
SP;424.2
CE;399.7
PR;467.3
BA;496.6
RN;509.9
CE;470.1
BA;707.9
BA;411.0
SE;504.1
PE;549.8
MA;444.1
CE;
GO;533.9
GO;483.6
PE;636.8
GO;408.4
SP;781.1
PE;585.6
CE;718.4
PI;847.3
MS;404.4
MG;655.2
RN;443.0
CE;561.7
DF;545.6
MA;428.2
PB;492.3
MG;668.3
BA;450.2
PR;734.6
MG;
GO;
PR;452.7
PB;403.2
DF;488.4
SP;560.7
CE;
CE;520.1
GO;436.0
SP;492.9
MG;609.2
CE;466.7
CE;486.9
CE;511.8
MA;470.4
PA;
PB;712.1
MT;
BA;504.1
MG;546.0
ES;
CE;
BA;
MG;462.7
RN;507.3
PE;624.3
CE;428.4
GO;504.6
RS;877.3
PR;476.7
GO;437.3
MG;557.1
MG;724.7
BA;537.4
PI;499.9
PR;622.0
RS;669.4
SE;473.5
GO;
CE;452.3
PE;596.5
PA;578.3
CE;698.9
GO;382.6
PB;740.1
PE;481.1
BA;396.8
PE;
RN;407.3
BA;497.2
PI;572.4
PA;667.8
MA;664.4
PE;433.8
AM;548.9
BA;468.3
DF;533.2
MT;500.8
BA;
RN;432.6
RJ;557.9
RS;637.9
GO;
PB;434.1
BA;634.7
PA;
PB;
RJ;528.6
TO;452.9
AL;
ES;490.1
PA;
SP;424.7
MG;458.5
BA;378.4
PA;434.2
PB;
CE;
CE;712.0
RS;719.1
SP;452.2
RO;
CE;409.0
GO;585.4
GO;467.5
RN;380.1
BA;477.3
MT;562.4
CE;385.6
RN;452.6
PE;457.1
RJ;
SE;537.3
PE;658.6
SP;488.4
BA;439.7
SE;468.6
BA;432.7
MG;541.5
BA;469.5
MG;714.7
BA;686.8
PR;695.1
BA;
RJ;
PI;481.2
MS;
MG;704.0
PA;448.1
MS;634.6
PE;697.3
AL;
CE;380.6
SE;
PR;626.1
RJ;
RJ;
SP;626.5
BA;540.9
SC;554.9
MA;450.3
PA;432.7
MG;503.8
MT;
PA;
GO;453.3
BA;529.3
PB;
CE;663.9
MG;644.7
BA;568.7
GO;367.4
SP;682.2
PE;458.5
MG;442.7
RJ;
CE;559.6
RS;
BA;
MG;
MA;
GO;625.8
BA;420.8
CE;427.4
GO;396.5
GO;508.6
CE;422.5
MG;486.0
MG;464.5
MA;376.1
MT;412.0
CE;677.0
RO;497.3
MA;605.5
CE;496.9
PA;
CE;387.3
CE;475.0
PA;539.6
SP;573.3
BA;383.1
SP;521.9
GO;466.8
CE;
CE;476.5
MG;660.7
PA;414.3
PB;
BA;566.7
BA;
RJ;469.7
PA;427.8
SP;424.0
PI;523.7
RJ;
GO;419.1
BA;
MG;694.5
SP;
CE;419.1
CE;412.9
RJ;478.8
RJ;411.0
BA;610.0
SE;499.6
RN;396.6
SP;734.1
PR;704.4
CE;633.9
SP;805.1
MG;760.5
AC;
SP;621.6
PR;716.0
RJ;508.4
RS;
MG;432.4
PB;605.7
MG;703.2
MG;502.4
MA;421.3
MG;438.3
MG;521.3
SE;
CE;533.4
CE;739.5
PE;
BA;405.7
PA;
BA;
MG;503.7
CE;
GO;526.8
MA;416.2
PI;573.8
MG;
SP;
GO;465.5
PA;453.0
MA;
GO;
PE;567.4
RN;
RS;443.1
CE;
PI;628.4
RJ;703.5
BA;417.1
SP;684.1
PI;391.3
MG;539.4
SC;
SC;557.5
PR;
PB;746.7
PR;370.6
RO;614.1
GO;627.9
GO;
AL;506.4
MT;
BA;627.8
RS;473.0
PA;
MG;
CE;383.4
MG;715.6
PE;520.7
DF;
GO;411.4
SP;
PR;572.3
MA;568.4
GO;459.7
GO;685.9
RR;448.9
GO;
PB;371.1
SP;461.2
RJ;458.5
BA;450.6
RJ;557.0
BA;630.3
GO;494.7
PE;
MG;419.1
AL;499.9
RS;623.6
PR;580.6
RS;
BA;616.0
AM;457.3
BA;503.9
MG;815.2
SP;711.0
RS;446.5
MG;608.3
SC;581.8
BA;
PE;581.3
SP;637.6
PE;449.6
BA;
PE;
SP;709.6
MA;744.5
RS;605.4
ES;598.3
MG;618.2
RN;749.1
SP;714.9
BA;585.2
PI;
MA;393.5
RN;515.3
SE;618.6
GO;
MG;443.0
CE;
CE;572.3
PR;765.8
PA;692.5
BA;
CE;579.2
PE;534.7
PR;552.9
GO;604.6
CE;543.1
GO;490.5
CE;504.6
PE;
RJ;
RJ;397.4
ES;474.7
BA;527.9
CE;580.1
MA;534.5
PI;445.7
MA;561.9
ES;782.8
PI;390.4
MS;
BA;544.2
SP;
PA;
MG;697.0
BA;538.3
RN;449.9
PR;480.5
MG;
RS;534.9
SP;458.0
PB;407.5
PE;378.7
PA;
BA;647.5
RJ;651.2
PA;428.9
MG;
MG;525.7
ES;
MA;429.9
MG;414.7
MG;
ES;699.1
MT;377.9
CE;438.6
RJ;646.3
MG;538.4
SP;429.3
SP;498.4
PE;627.9
PE;515.0
CE;573.8
CE;534.7
MT;498.2
MS;698.3
MG;440.3
BA;475.2
CE;403.4
AM;462.8
MG;475.1
PI;501.0
SP;
MG;
MG;
SP;638.3
SC;
BA;600.6
RJ;368.1
PE;513.3
SP;
AL;
RN;550.3
GO;
RN;525.2
MS;
GO;
MA;455.3
MA;
PA;379.8
MA;450.3
BA;577.5
CE;
DF;618.8
CE;471.0
PI;
SE;413.9
GO;433.8
DF;496.2
ES;
PA;399.8
PB;452.5
SP;
MG;448.1
RS;581.7
CE;437.3
PE;414.2
PA;425.4
GO;431.8
RJ;
PA;519.3
CE;520.0
PI;
MA;401.3
BA;436.2
DF;497.7
PI;596.0
MG;458.5
SP;755.2
RJ;636.9
PB;412.4
BA;367.3
PR;693.5
CE;
SP;710.6
CE;444.5
SE;515.7
CE;590.7
RJ;366.3
RJ;
PI;649.9
BA;460.2
SP;598.4
PA;518.2
SP;436.8
PB;447.0
SP;
PE;
CE;447.1
RS;496.4
CE;467.7
CE;533.5
ES;390.3
PA;719.1
SC;
PR;680.7
PR;500.0
CE;
AL;535.0
MG;411.3
ES;
GO;423.8
CE;401.5
BA;578.3
BA;733.9
RJ;
CE;421.3
MG;421.9
CE;
PA;478.5
RN;480.4
SP;
SP;463.6
BA;486.5
MG;582.2
RJ;693.3
MA;432.4
RJ;403.3
RJ;
AL;485.3
PE;647.2
GO;
CE;
CE;
BA;
CE;405.1
MT;
ES;
CE;
RJ;662.1
CE;553.7
PE;403.4
RJ;586.2
MG;758.6
CE;364.0
MG;
PE;780.3
CE;
MG;585.4
CE;604.8
SP;445.5
GO;552.4
PE;625.9
RJ;635.5
ES;
MG;548.2
GO;467.7
BA;460.4
PE;
SC;640.3
BA;452.5
SP;557.7
MG;584.4
BA;481.9
PA;506.3
PE;668.6
RN;571.1
CE;550.5
GO;599.8
CE;
BA;398.6
MA;473.7
SE;581.0
PE;511.6
PI;473.7
RJ;580.3
AM;603.7
PB;421.5
SP;568.3
MG;
BA;
MG;807.8
PE;
CE;366.6
DF;434.4
RJ;421.9
DF;570.5
MG;564.3
CE;
SP;534.4
MT;811.1
BA;
SP;757.2
ES;652.3
CE;
RJ;
SP;506.9
ES;
PI;457.3
PB;740.5
MG;477.6
RS;655.3
PB;450.2
GO;
MG;532.8
CE;403.5
CE;
BA;
ES;484.6
CE;638.9
BA;587.3
PR;730.2
RJ;684.2
CE;656.1
PI;
PB;447.4
MA;
CE;652.4
DF;379.3
SP;585.9
GO;606.6
RN;526.5
GO;563.7
RS;556.8
ES;727.2
RN;517.1
PE;677.2
SC;
SE;
PA;659.7
PI;
PA;467.0
CE;583.8
PI;575.1
RO;510.1
PR;442.4
MG;
SP;
SP;
MA;571.1
CE;581.2
RS;503.1
SC;
BA;473.6
CE;438.4
MG;689.3
SE;506.7
RN;468.4
BA;417.9
GO;531.8
GO;642.4
ES;
PE;638.1
SP;680.2
CE;532.7
SE;540.6
MA;495.4
RJ;451.3
BA;561.8
PE;499.6
SP;444.0
PB;
BA;547.9
SP;505.4
BA;395.9
RN;
PI;595.9
GO;512.2
AL;554.8
BA;
SP;441.0
PA;430.0
BA;437.5
BA;533.3
SP;431.9
CE;726.6
PB;625.9
BA;497.9
PA;610.1
MG;573.4
RJ;580.4
BA;416.3
PI;596.9
BA;
MG;
PB;409.4
PI;719.7
CE;534.0
MG;
PI;433.4
CE;
CE;
PR;535.8
CE;477.4
PA;411.2
PE;
MA;465.0
PE;565.8
MG;664.5
SP;497.7
GO;596.3
GO;556.5
PA;547.7
RO;437.8
PA;422.5
RS;795.6
AL;
MG;731.9
GO;537.0
AM;413.9
PE;470.0
MS;450.6
SP;754.5
MG;813.1
CE;
CE;
CE;
MG;
ES;531.4
PB;
CE;560.0
PA;407.3
GO;
CE;457.0
PR;589.8
PB;382.6
PB;492.4
BA;516.2
PE;383.9
SP;690.8
MA;412.1
BA;795.1
BA;477.5
MG;
SP;506.5
PE;566.8
ES;948.8
BA;439.1
SC;523.0
CE;420.8
PR;
MT;480.8
PR;755.9
MG;747.4
SP;540.0
CE;
PA;417.4
BA;
PB;
MA;411.6
PR;462.9
MA;477.7
DF;715.9
GO;
MA;589.7
GO;
DF;
SP;557.9
GO;
RJ;
BA;554.0
CE;399.1
SP;
MG;669.8
GO;444.7
GO;397.4
GO;461.5
SP;
PE;449.1
MG;
PR;448.6
CE;539.6
AL;
PE;373.8
MG;810.3
PI;483.6
MG;708.5
GO;680.0
MA;501.3
CE;
MG;
AP;
RJ;788.7
PB;686.7
SP;653.6
GO;
MA;537.7
MG;653.1
RJ;540.1
PE;
MG;697.5
MG;
PB;524.7
MG;420.5
GO;504.9
PE;381.1
PB;423.7
BA;423.6
PB;627.0
RJ;
SP;
SC;392.1
PA;398.9
MT;
DF;457.3
MT;560.8
BA;
RN;433.5
RN;383.0
GO;431.3
GO;595.4
PE;
SP;631.8
SP;744.0
PE;767.5
CE;590.4
RJ;607.6
RJ;451.7
PA;482.3
MG;479.5
BA;452.3
RJ;457.6
MG;508.1
BA;683.9
MA;593.4
PA;
MG;552.0
RS;460.8
MA;457.3
PR;634.3
SP;371.0
PB;863.4
CE;454.1
SP;774.2
SP;
BA;460.6
BA;374.4
CE;521.6
GO;577.6
RJ;
GO;580.5
MS;
SP;670.4
MG;401.6
PA;
PE;
RJ;621.0
CE;565.2
CE;
MG;625.9
RJ;686.9
CE;389.0
SP;
AM;433.0
GO;392.6
MG;638.8
AL;533.6
SE;479.9
RJ;721.7
SP;440.2
SC;566.1
DF;
PA;628.9
GO;
CE;434.1
BA;
TO;501.4
RS;617.6
SP;649.1
SP;
AL;431.9
CE;651.7
RJ;586.4
AP;
PA;390.6
MG;550.5
RS;523.6
MG;487.1
MA;598.1
PB;
MG;771.9
BA;490.1
MA;664.6
CE;743.7
MG;
RO;802.3
MT;
SP;736.4
RS;417.5
PR;511.4
CE;613.4
PA;472.9
GO;598.6
CE;
ES;
BA;
BA;
RO;733.3
RJ;
CE;444.8
CE;621.1
PI;409.4
CE;467.9
SP;544.5
SP;
DF;
CE;477.5
DF;712.3
BA;500.4
SP;
BA;375.4
CE;455.1
MA;562.1
RJ;
PB;558.9
BA;707.2
BA;
CE;
PA;
SP;400.5
CE;521.9
PA;410.5
GO;442.4
AP;
BA;398.4
SP;829.7
SP;774.1
SP;564.4
SP;
CE;400.8
PE;578.0
CE;605.1
PB;505.5
PA;610.0
GO;436.0
BA;
BA;467.2
MA;512.9
SP;
SP;
BA;803.8
RJ;669.2
RJ;636.8
SP;708.3
BA;693.1
CE;365.8
BA;700.8
CE;627.3
MS;
MA;426.6
BA;390.0
GO;
SP;599.6
PI;365.7
MG;785.8
PA;
BA;374.4
RJ;491.0
AP;478.4
RJ;481.1
RJ;
SP;471.4
MG;512.1
GO;483.2
SP;459.5
CE;575.6
GO;498.3
RJ;673.8
BA;704.8
ES;671.1
PE;
PR;539.5
SP;630.2
MG;432.1
MG;489.9
DF;920.8
RJ;832.0
MG;
MA;422.5
BA;
SE;735.5
CE;446.2
RJ;713.8
GO;
PR;495.0
PI;430.4
RS;532.9
PB;421.4
PA;
SP;399.5
MG;444.9
DF;576.1
AM;466.2
CE;803.4
PR;
BA;520.5
MA;539.2
MA;432.8
MG;441.3
PR;513.5
SP;654.0
MG;639.4
RJ;
ES;636.0
BA;404.5
CE;724.4
PE;478.2
GO;
DF;546.6
CE;460.9
PI;635.2
BA;466.6
MA;533.9
SE;409.6
CE;
CE;691.2
RJ;
RS;509.6
GO;508.4
CE;561.4
RO;
GO;537.8
BA;472.7
SE;467.8
AP;446.4
RN;739.8
BA;444.8
RJ;662.7
PR;572.5
RJ;724.2
MA;419.4
CE;529.5
MA;655.0
SE;600.3
SP;794.1
CE;
MA;570.5
SP;
RJ;585.4
CE;392.1
BA;551.5
MG;769.3
CE;361.6
ES;584.5
PI;509.1
SP;710.2
PE;523.4
DF;663.7
CE;420.9
PE;
RN;929.1
PB;487.2
RJ;
GO;576.7
MA;614.8
RJ;
DF;
CE;654.5
PE;468.6
RO;570.7
BA;688.9
RJ;659.3
CE;463.3
GO;
SP;643.6
BA;
SP;625.9
RJ;597.7
PB;431.4
PE;
SP;
SP;623.5
SP;558.6
BA;
PI;
GO;439.4
BA;462.7
MA;524.7
PR;769.5
CE;490.3
RJ;705.8
CE;483.3
BA;407.9
MA;
PB;518.7
DF;438.1
GO;560.4
CE;707.2
PA;645.0
BA;557.1
PR;557.5
PA;591.8
GO;450.5
BA;
BA;517.7
RJ;531.6
BA;473.1
RN;401.1
SP;
SP;684.7
MG;607.1
PE;494.8
MG;441.4
ES;398.5
BA;408.0
RJ;723.3
AM;
RJ;
RS;657.8
SP;467.8
TO;621.5
SP;579.3
SP;456.0
RJ;571.8
SP;
SP;461.9
CE;
MA;552.3
PR;381.5
PR;
RN;
SC;526.8
SE;622.0
MG;636.4
SP;456.5
DF;597.4
PA;479.6
MA;408.1
PA;
SP;495.6
DF;555.0
CE;562.9
CE;664.3
MG;
CE;552.0
SC;580.5
GO;
CE;544.9
CE;455.7
BA;
PA;393.3
MG;542.7
RS;542.8
GO;
MG;431.0
SP;719.8
BA;404.9
GO;397.2
SC;504.3
BA;715.2
RJ;
CE;650.6
GO;
MG;368.6
PA;617.8
GO;488.4
DF;661.7
PB;462.6
PI;572.2
MT;426.9
MG;
SP;
BA;428.3
AL;428.5
MG;497.8
BA;407.4
PB;512.5
CE;396.7
BA;445.9
RS;487.9
MG;
PB;571.7
CE;399.9
BA;422.5
PR;385.1
PB;580.6
MG;
MG;
PI;394.8
AM;452.0
RJ;387.2
SE;577.3
RJ;505.7
RN;598.8
ES;
SE;573.0
PR;524.0
MA;632.5
GO;644.1
GO;756.8
MG;475.1
MA;422.2
MG;
MG;679.0
CE;426.9
DF;485.9
CE;470.8
GO;521.9
AM;380.8
BA;731.6
RN;576.5
SP;712.1
SP;
MG;
PI;508.1
SP;
GO;466.3
MS;687.0
PI;
GO;472.4
MA;538.0
PA;438.2
PA;423.0
MT;
MG;522.7
PE;495.3
GO;586.5
GO;623.5
CE;471.1
SP;
MS;722.9
RS;
TO;533.7
BA;487.0
MG;438.3
MG;
PA;432.3
PB;542.0
PB;517.0
MA;488.7
MS;408.3
RN;491.6
RJ;
SC;
CE;
CE;633.2
CE;547.5
GO;
RJ;622.2
SP;582.0
GO;
PE;549.2
MA;
PE;
PI;455.1
SC;
SC;
AP;
CE;
MT;
MG;601.5
SE;573.4
CE;512.8
PE;419.3
PB;594.0
MG;705.5
PI;
GO;588.4
CE;395.6
PR;476.4
MA;433.5
PA;375.6
SC;421.8
MG;
DF;397.5
MG;525.1
MG;410.4
SP;475.7
PR;744.5
RS;533.4
RN;593.7
MG;724.2
CE;576.7
GO;
SP;
GO;483.8
CE;707.9
PE;
PA;573.4
SP;543.1
SC;
AL;503.1
PE;572.4
CE;640.6
PE;655.8
PA;409.5
SP;482.5
BA;597.0
CE;472.6
GO;482.8
PA;408.8
RO;392.6
SE;534.1
RJ;610.7
CE;778.8
MG;524.1
SE;
GO;
MA;408.4
CE;462.1
MG;824.2
BA;
PE;540.4
PE;557.2
SP;
CE;443.9
PE;383.8
BA;638.9
RS;552.6
MA;495.2
SE;527.4
CE;
PB;475.6
CE;466.5
MA;398.2
SP;
MA;
PA;446.4
PE;488.5
MA;724.4
AM;370.0
PB;502.2
MA;467.6
SP;414.4
SP;782.0
SP;
AM;475.0
CE;638.4
MG;
RS;807.7
RN;515.6
PE;378.7
SP;611.8
CE;567.3
BA;481.3
RN;
MS;434.2
RJ;
RS;473.7
SE;
SP;
PA;423.3
BA;
PE;535.8
PB;733.0
PR;552.0
PA;483.6
PE;513.9
AM;
RJ;
PA;402.5
MG;419.0
MG;504.1
SP;487.4
PR;
GO;449.1
MG;596.3
DF;
RJ;422.5
SE;534.7
DF;486.8
SE;481.6
ES;509.8
RJ;596.1
MA;486.1
RJ;573.4
MA;565.6
PA;400.7
GO;489.6
PA;
PE;481.5
AM;449.9
SP;396.2
CE;513.1
PR;387.2
BA;
MA;422.3
CE;416.2
BA;650.3
BA;740.6
ES;570.4
CE;
GO;552.0
BA;
MG;572.6
MG;465.2
MG;662.2
MA;
CE;563.1
RJ;
BA;653.1
PA;
GO;
PR;550.3
SP;502.1
RJ;607.6
BA;472.7
MG;
MG;
PA;
BA;508.7
CE;373.7
BA;483.7
PE;420.2
SE;
CE;439.3
BA;435.1
CE;
RJ;
SP;451.1
CE;569.1
PA;501.4
BA;575.4
MA;552.4
RJ;608.1
MA;469.8
BA;452.4
BA;672.2
GO;
BA;661.4
MG;372.6
MG;616.2
CE;456.9
PB;
SP;
BA;
BA;425.2
PE;581.5
BA;729.6
SE;472.6
GO;
PA;584.7
MA;514.4
PE;616.8
BA;
SP;388.0
GO;
AM;440.4
AL;433.1
RJ;427.0
PR;556.4
PA;459.8
CE;
TO;526.8
MG;718.7
BA;483.1
PI;608.7
SP;420.6
PB;413.0
RJ;642.8
MG;823.6
AM;414.0
PE;
RJ;609.2
PR;657.4
RJ;412.7
BA;546.1
RS;632.0
RJ;401.6
CE;719.3
PB;381.0
SE;721.3
RS;465.2
MG;574.0
CE;379.1
BA;
PI;385.6
GO;398.6
BA;524.3
CE;403.4
SP;445.3
PA;399.4
MG;554.5
TO;434.7
PB;384.6
CE;398.2
SP;372.4
RS;604.6
ES;534.6
GO;369.6
RJ;460.9
BA;557.5
RS;551.1
RN;477.3
MA;
CE;427.0
MA;394.4
RJ;528.8
BA;563.6
ES;453.2
PE;565.8
RJ;690.3
CE;413.7
SP;562.7
MG;
SP;492.9
BA;618.3
SP;712.1
PA;403.6
CE;455.0
RJ;432.1
PB;402.6
MA;367.6
CE;422.8
MG;
PA;452.0
BA;740.1
PE;493.6
TO;551.5
SC;
SC;
AM;484.4
TO;784.0
MG;791.0
RJ;658.7
MG;504.3
SP;575.6
GO;672.8
PE;
BA;433.3
SP;667.9
SP;468.3
PR;
SE;
GO;506.3
BA;626.3
GO;494.0
MG;573.9
RN;635.0
RN;
SP;490.0
MG;830.0
RN;
PR;696.0
DF;684.7
PR;
SP;660.2
SP;591.6
AL;488.3
GO;704.4
GO;546.9
RN;678.2
RS;427.6
GO;378.4
RO;368.0
MG;771.7
RS;734.1
BA;667.1
CE;
MG;638.8
PE;661.7
BA;483.3
TO;586.0
RJ;
PE;
RS;534.1
MG;
GO;
GO;762.1
MG;721.9
MG;566.3
DF;655.3
MG;603.9
DF;
CE;415.4
MG;789.8
PR;
PA;385.3
SP;447.8
CE;409.5
SP;
MA;371.9
SP;683.1
ES;
PA;660.6
GO;
SP;459.9
SP;705.0
TO;527.5
PI;417.0
AL;
ES;
RS;740.3
PR;
RJ;
PB;438.5
PB;569.9
PE;534.7
RJ;398.8
SC;780.4
PB;657.4
SC;
GO;394.6
GO;518.2
CE;
SP;
BA;549.2
MA;
PB;489.8
SP;
PR;414.8
MA;498.0
AM;
RJ;629.6
PR;426.9
SP;423.9
AM;
MG;562.5
RS;
GO;
PI;438.7
PI;420.9
SP;470.5
AL;861.4
RN;545.8
CE;385.7
RJ;408.8
PB;
PA;447.9
PA;484.3
RN;726.4
MG;
SE;408.2
MG;
RS;551.7
GO;616.2
CE;664.0
PE;582.5
MS;598.6
GO;
PR;711.6
AL;431.7
CE;587.3
BA;509.7
BA;621.4
CE;
MG;420.3
BA;
SP;584.2
PA;504.0
PB;
SP;439.6
SP;
SP;688.6
CE;398.8
RJ;467.1
AL;
PA;
RS;
AL;497.7
PA;
GO;379.8
PB;639.7
PA;429.0
BA;418.9
GO;408.7
PE;620.4
MG;757.6
SP;
CE;531.4
CE;465.1
MG;781.1
MG;465.6
CE;454.4
PA;
GO;
SE;418.8
BA;422.1
SC;
GO;
PR;460.8
BA;484.8
SC;629.1
ES;
MA;689.0
BA;440.7
MT;
PB;399.1
SP;613.2
MG;
RS;448.5
RR;
CE;546.3
SP;592.5
RJ;407.7
BA;463.4
RJ;525.9
BA;
GO;513.9
SP;629.4
PE;762.0
BA;622.2
PB;455.1
MG;591.4
BA;477.8
RJ;665.9
MT;
PE;785.9
RJ;455.6
TO;506.2
MG;592.0
RJ;467.4
CE;589.9
RS;610.9
ES;
RJ;688.6
GO;394.2
SC;380.7
MG;717.0
RJ;
PA;454.7
RJ;446.9
MG;602.6
CE;475.4
SP;469.0
SP;
CE;440.2
CE;
BA;513.6
PE;713.1
RS;548.5
BA;
RS;438.3
GO;465.1
SP;468.3
RS;504.6
MG;719.5
BA;612.2
PB;441.3
MG;
PI;568.2
MT;
GO;424.0
GO;500.3
RN;435.0
PA;482.6
PA;600.4
RO;810.3
RJ;481.5
CE;586.9
BA;
BA;
GO;435.6
CE;481.4
CE;427.7
SC;617.1
PR;527.5
PE;475.8
ES;522.6
AL;
BA;401.4
SC;615.8
PA;409.7
BA;432.5
RO;564.2
CE;407.3
RJ;432.3
RN;400.3
SP;
GO;
SP;396.6
BA;553.1
CE;
SP;666.0
MG;675.7
PE;471.5
GO;640.9
MG;676.1
PI;660.5
GO;443.7
BA;
CE;591.8
PA;432.9
RJ;
SP;744.7
BA;428.7
GO;694.1
RS;524.6
TO;392.1
CE;426.1
BA;497.8
BA;417.1
PI;460.0
MA;
CE;
CE;482.7
MG;
RJ;622.7
RN;
BA;
MG;485.8
CE;443.9
GO;484.9
CE;363.9
RN;528.6
MA;488.6
MA;542.0
PI;427.4
AL;496.9
SP;615.1
PE;553.5
CE;784.4
CE;678.7
BA;520.1
CE;459.2
PB;480.8
MG;687.0
BA;501.2
PE;567.6
MA;423.7
GO;632.2
PB;801.4
BA;514.4
MA;586.2
RO;446.2
SP;436.0
PA;439.1
PE;527.7
BA;395.3
ES;635.0
BA;407.4
SP;655.9
CE;565.9
PA;491.5
MA;616.4
MG;468.9
GO;
BA;661.1
CE;465.1
BA;388.1
BA;481.2
CE;692.3
MA;
SC;466.8
BA;647.2
CE;431.4
RJ;391.9
RJ;674.5
MA;
BA;452.3
MT;433.7
RJ;432.7
CE;537.4
MG;566.2
PA;512.8
MG;775.1
SP;480.6
MG;483.2
GO;530.6
GO;481.0
AL;399.9
CE;606.8
BA;627.3
PA;467.3
MT;518.2
RJ;487.3
GO;
SP;664.9
RO;486.9
SP;729.5
BA;404.8
PE;
AL;
TO;392.3
RS;648.3
MG;416.0
BA;
MG;581.0
RN;412.9
PA;558.6
SP;649.0
BA;461.3
CE;
MG;623.6
MG;595.0
SP;
BA;613.1
BA;
CE;
PE;429.6
SP;
RJ;697.8
CE;
SE;
MA;
RS;747.0
PA;
GO;507.5
MG;621.7
MG;626.4
SC;521.5
MG;663.6
BA;452.8
PI;507.6
PE;469.6
AL;458.6
PE;397.2
ES;
BA;422.7
PE;434.6
MA;461.2
BA;469.9
BA;524.3
BA;
RS;598.8
RN;869.9
PE;609.1
GO;697.0
CE;372.6
BA;449.5
SE;582.7
GO;526.5
GO;369.0
PE;534.0
MG;494.7
MG;402.0
PB;582.7
ES;813.5
SP;
AP;481.4
MG;
MG;497.2
MG;649.7
CE;421.2
PI;510.9
DF;
SP;637.0
RN;
SP;523.0
PR;613.7
MT;504.9
SP;609.9
RN;691.7
SP;392.9
ES;712.3
RS;586.5
CE;762.8
MG;716.2
SP;759.2
BA;426.7
RJ;
CE;
GO;462.9
GO;
PI;618.3
CE;
MG;668.2
PE;446.9
MT;
PA;446.3
PR;670.5
BA;733.5
SP;480.6
BA;413.3
SE;604.2
RJ;
PE;
MA;487.3
BA;484.9
MA;442.6
PE;
ES;513.9
PA;533.3
RN;533.7
RN;499.6
CE;440.9
CE;503.6
CE;448.3
CE;606.4
PA;608.7
RJ;
SP;499.7
CE;408.6
TO;499.6
RS;539.0
MG;574.3
RJ;407.3
BA;654.3
SP;534.4
MA;605.0
RJ;
PE;748.9
MG;713.7
RN;649.0
MT;408.6
MT;
AM;637.4
SP;
SC;474.8
CE;656.3
AL;440.4
MG;438.0
BA;447.6
MT;424.2
ES;537.7
SP;446.9
MG;603.8
PB;392.5
CE;602.8
RS;529.0
CE;
RN;550.3
ES;466.4
BA;537.4
MG;474.4
PB;555.3
CE;434.8
CE;573.0
PR;
CE;411.8
BA;415.8
BA;525.4
CE;626.6
PE;388.8
RJ;544.0
BA;552.9
PR;402.8
BA;513.2
PE;472.1
PA;503.8
MA;583.9
PE;679.0
GO;
PB;643.0
BA;445.2
MA;511.0
SP;697.3
BA;552.5
MG;619.5
MA;534.6
ES;662.6
CE;471.0
AP;
MG;415.4
CE;384.9
AL;492.8
MT;
PA;
SC;452.9
PE;
PB;402.1
RJ;520.4
RS;
PB;382.4
BA;540.3
PA;563.3
BA;741.6
PR;421.3
SE;398.2
PB;495.2
BA;497.0
ES;472.0
SP;676.9
CE;754.0
BA;
GO;
PB;
ES;
RS;485.6
MG;557.9
TO;473.1
MG;655.1
MG;728.9
RS;445.0
BA;483.6
PA;
MG;
RJ;580.7
PE;484.3
PE;
CE;406.3
MA;454.2
PE;
SP;
CE;604.4
BA;688.6
RJ;780.7
CE;480.4
SP;518.6
MG;441.6
MA;644.7
GO;367.4
PB;673.0
PA;553.5
AL;
PB;460.0
PR;473.1
PE;
GO;
PE;635.7
SP;508.9
BA;365.7
BA;378.3
SP;796.2
PA;670.2
RJ;856.9
MS;412.6
RJ;424.2
MG;698.2
SC;
CE;716.1
SC;742.5
PE;
PI;820.8
SP;493.6
PA;379.0
PA;392.4
GO;478.1
RS;611.1
CE;478.5
RJ;
PA;441.7
CE;376.1
SP;731.2
MG;439.5
MG;616.6
CE;440.9
RS;581.7
CE;716.5
PB;568.1
GO;555.4
SP;666.4
MG;524.3
ES;469.0
PE;515.9
AL;427.4
RS;445.5
PR;
SP;410.4
RN;458.3
CE;649.5
RO;404.1
PE;
SC;561.6
TO;737.9
PA;411.7
CE;525.9
MS;421.4
MA;522.7
GO;484.3
RS;590.4
MS;446.5
MA;
SE;763.2
MA;408.9
CE;537.5
RJ;469.3
MA;506.0
DF;820.7
MG;752.0
AM;465.6
CE;
BA;493.2
CE;496.2
RJ;433.4
PA;493.5
PE;
MG;519.5
BA;707.4
PI;
BA;
SC;490.9
BA;675.7
RJ;513.6
PE;772.8
AL;653.0
BA;475.6
BA;
BA;
MG;575.8
CE;470.0
PE;481.1
BA;550.0
BA;595.8
GO;579.7
DF;
CE;431.7
PI;
GO;637.5
DF;491.9
GO;700.4
CE;503.1
MG;
CE;457.8
PE;448.1
ES;663.0
PI;522.3
MG;565.5
GO;
PE;582.9
MA;505.8
PI;609.2
MA;444.5
MA;442.1
MG;708.0
ES;693.8
BA;430.9
SP;
PA;515.7
SP;581.7
SP;383.3
SC;577.3
BA;446.9
AM;691.9
PB;427.6
CE;692.4
SP;423.5
BA;553.0
BA;
GO;505.8
MG;766.5
PI;446.9
MG;449.6
MG;442.0
BA;607.5
SP;
SP;554.0
BA;
MA;
PB;
MA;626.7
BA;503.9
CE;588.4
BA;500.2
DF;813.9
MG;828.1
PI;443.5
GO;455.3
SP;396.5
MG;425.7
GO;
MG;
AL;
GO;563.9
RN;500.0
GO;474.4
GO;388.8
PB;487.4
PR;549.0
BA;623.1
PI;432.9
CE;441.2
SP;625.9
PE;402.3
CE;399.9
PE;609.2
SP;906.4
MG;655.7
BA;457.0
BA;463.9
SP;479.0
PA;425.2
BA;531.2
PB;
MG;582.9
GO;543.4
CE;501.0
MG;657.2
MG;
CE;
GO;457.5
PB;
RJ;627.2
BA;466.8
PA;510.8
SP;
BA;612.3
PE;587.4
RN;454.3
PB;532.7
MG;
MG;
MA;533.8
PI;427.8
CE;
GO;450.1
CE;359.2
PA;414.2
BA;419.2
RS;441.9
CE;611.2
PE;539.6
MS;547.0
MS;651.0
CE;449.0
GO;375.4
PA;495.9
PR;566.9
PA;516.6
MA;436.5
MG;598.9
MG;
CE;505.3
RJ;640.9
PI;465.8
SP;553.1
CE;462.6
AM;587.3
BA;664.9
BA;
SP;555.9
PE;633.8
PI;432.3
RJ;464.1
GO;578.2
PE;440.6
MG;
MG;
PA;584.7
RJ;424.0
RJ;504.7
GO;
CE;687.7
MG;
MA;556.4
CE;614.5
BA;484.0
SE;
RJ;560.3
RJ;638.0
PI;446.7
MG;721.0
CE;642.0
ES;621.6
SE;731.0
MG;737.9
PI;485.9
RJ;559.6
PR;
SP;617.3
SP;474.2
AL;
MG;424.7
PE;404.9
GO;383.7
BA;843.7
RJ;561.9
CE;601.8
RJ;483.2
AL;
PB;650.6
MG;434.0
PA;
BA;459.6
SC;
BA;477.6
BA;471.6
BA;572.8
GO;
PB;623.6
BA;497.2
DF;697.1
BA;644.4
PE;478.8
PI;492.0
BA;461.1
BA;397.5
SP;576.0
PA;489.2
RN;395.2
MG;590.3
SP;467.6
RJ;
DF;
PB;549.4
GO;440.0
ES;419.8
PE;495.2
CE;
MG;447.5
DF;674.4
PA;557.5
MG;
PB;557.6
PA;423.4
PE;660.1
PA;510.8
SC;396.6
MT;587.5
SP;719.0
PR;487.9
MG;646.1
MS;692.2
PE;427.4
MG;555.8
BA;419.4
BA;637.4
GO;373.6
AM;
BA;478.6
RS;636.3
BA;431.2
CE;383.2
MG;
PE;592.5
RN;406.1
MG;616.0
MG;
MG;546.2
SP;747.6
PA;
MG;742.9
SP;796.7
RS;476.9
SC;559.9
BA;550.2
SE;387.8
MA;427.5
MG;399.8
PI;399.4
RJ;
PE;588.8
SP;423.1
SP;719.8
CE;397.1
PE;
MG;
MG;638.3
RN;860.5
RJ;461.9
PE;
BA;700.4
RS;720.6
SP;515.0
PE;376.0
CE;559.5
PE;558.6
GO;456.0
PE;472.8
BA;639.6
PB;480.3
MG;665.8
SE;444.4
PA;653.0
SP;577.1
SP;550.2
MG;510.9
GO;
BA;585.7
MG;
PB;362.0
BA;603.0
BA;468.7
SP;
SP;643.6
ES;558.4
PA;
GO;382.3
BA;507.5
PI;406.3
RN;587.5
BA;641.8
SC;
RS;
PE;431.2
CE;563.2
MS;438.6
CE;582.4
BA;594.6
BA;600.9
PE;555.7
CE;916.5
DF;644.8
MG;430.6
SP;
MG;
SP;799.2
GO;548.4
GO;
MG;897.1
PE;446.4
CE;538.7
PI;
PE;431.2
RN;438.7
SC;860.8
MG;604.4
SE;644.6
BA;
RJ;525.5
RJ;657.8
AL;
CE;353.8
SP;611.1
PB;
MT;474.7
BA;372.6
PE;717.3
BA;
RN;
RJ;583.5
BA;551.3
BA;
AM;399.9
GO;720.6
BA;700.2
BA;614.9
RJ;796.6
PA;477.8
CE;773.0
SP;
AL;705.4
SE;465.7
PB;510.5
SP;387.7
MA;736.8
AL;442.7
AL;477.0
PE;545.5
ES;531.7
CE;573.8
PI;389.0
GO;596.7
SE;411.7
MG;632.7
MA;428.6
CE;
RS;
AL;557.0
MG;601.1
BA;415.3
BA;
CE;431.0
PA;546.0
CE;426.5
RS;542.1
SP;513.1
PE;404.1
BA;420.1
SP;420.2
RJ;611.5
CE;431.4
PB;602.1
CE;699.9
SC;855.7
MG;556.5
ES;545.2
BA;747.7
GO;468.3
CE;603.5
CE;
CE;493.5
PR;671.9
PE;
PA;396.1
BA;388.9
SP;
PE;384.5
CE;446.0
GO;616.7
CE;462.3
CE;399.5
SP;639.5
PI;453.8
PR;
BA;695.1
CE;
PE;701.8
SP;409.3
PR;
RJ;420.7
PE;623.7
SP;
GO;
CE;419.7
GO;
GO;
RJ;651.9
PR;
CE;450.4
CE;
CE;
MA;445.5
SP;673.5
BA;376.7
MT;478.9
AL;439.5
MG;
RO;
BA;519.7
PB;425.6
MS;535.2
RN;574.9
CE;
AM;
MG;
PR;
PE;
DF;579.6
CE;459.7
CE;
BA;504.1
SP;617.1
PR;565.3
AL;425.8
PR;437.7
CE;398.4
CE;
PR;554.6
PE;642.4
BA;562.6
BA;672.7
CE;454.2
CE;
BA;549.6
PA;555.1
PB;452.0
MT;529.6
RJ;766.0
SP;441.0
RJ;
GO;
SE;643.6
PR;423.7
MS;382.7
AL;472.3
PA;
GO;421.8
CE;
GO;502.3
PA;401.5
CE;595.7
RJ;419.8
BA;414.8
SP;624.2
PB;401.5
PR;407.1
PA;499.3
MA;
MS;493.8
MG;647.1
PI;584.8
BA;552.8
MG;651.6
SP;562.3
PA;610.5
TO;445.7
RJ;551.7
PA;366.9
PI;453.3
RJ;590.9
PI;639.7
ES;537.2
PR;459.5
AL;
MG;424.7
BA;545.9
ES;
BA;
DF;460.4
SP;510.5
GO;554.1
AL;486.6
GO;
PE;447.2
MA;471.4
PE;736.1
RJ;563.7
RJ;
MG;634.9
PB;571.3
PR;621.0
CE;638.5
MG;695.1
MA;380.4
AL;728.6
MG;615.6
MA;671.2
CE;
BA;525.0
RJ;553.4
CE;511.4
MA;394.0
CE;459.2
RJ;539.3
AP;442.0
AL;699.9
PA;552.0
SP;
PE;718.0
PA;
MG;666.8
BA;445.9
MT;735.5
GO;439.9
CE;444.6
SC;570.9
AM;422.8
GO;439.0
CE;640.3
PA;488.8
SC;429.6
MG;461.3
SC;584.3
CE;778.4
PE;581.4
PB;690.0
GO;494.4
PR;
RJ;
GO;
CE;511.2
AL;714.3
MA;588.1
BA;535.1
MG;
BA;519.6
CE;634.7
MG;443.9
CE;539.1
ES;557.0
PI;581.0
PB;582.4
PE;541.5
SP;434.1
SP;441.2
RS;466.1
CE;575.0
BA;602.6
PB;541.4
PR;
SC;552.8
MG;583.0
ES;782.7
SP;416.6
SP;
CE;458.4
RJ;730.3
BA;475.5
CE;728.5
BA;646.2
PI;418.1
GO;515.8
PE;
PI;674.6
PE;
PI;508.1
MA;428.7
MG;436.7
PE;545.1
BA;434.4
MG;487.6
PA;
RS;607.3
BA;
MA;451.1
CE;
CE;455.5
PR;496.0
CE;724.0
MT;389.6
CE;
RN;480.3
GO;
PI;734.3
PI;
MG;480.9
BA;356.0
MG;
CE;675.6
MG;624.4
CE;588.2
PA;459.4
PA;476.4
PA;
SP;669.8
RN;
RJ;
GO;471.0
PR;627.5
PI;417.7
GO;480.7
PA;685.4
RS;490.4
SP;832.4
PA;561.6
SP;575.4
SC;
RJ;
BA;500.7
RS;463.0
SP;
RJ;444.8
MG;
MG;700.3
AL;643.1
BA;744.4
CE;
MA;495.6
SP;646.8
MT;575.8
GO;473.7
DF;
SP;
AP;
CE;589.2
CE;516.7
MA;
PR;690.3
PE;485.3
CE;
MG;480.1
DF;
SP;687.0
MT;478.8
PB;
SP;538.7
RN;731.4
AP;
GO;619.2
MG;518.8
CE;497.6
DF;489.6
CE;
RJ;503.4
PE;596.4
SE;
PI;433.5
MG;
CE;419.9
BA;636.2
MG;434.3
RN;482.6
CE;559.8
PI;401.2
AL;437.7
CE;503.1
PB;416.5
PA;562.6
SE;406.6
RN;
BA;450.3
BA;549.2
AL;
MG;549.4
SP;651.3
PE;504.0
PI;
PE;424.0
RJ;655.5
MA;740.3
BA;498.0
MG;475.1
BA;604.1
GO;
SC;
SE;
RS;844.2
GO;
CE;653.7
PI;453.7
BA;452.8
RJ;
PR;576.4
MG;466.7
GO;
PA;
PB;627.4
PB;
PE;
RJ;381.8
PA;609.3
PB;524.6
GO;610.2
BA;
CE;561.5
MA;452.0
MG;513.1
SE;521.2
BA;
MG;
SP;574.9
SC;
MG;
GO;503.0
MG;618.2
BA;525.0
AL;404.6
PE;423.9
MS;480.3
CE;498.2
BA;
SP;526.0
SE;776.6
PA;516.6
CE;424.8
GO;575.2
MG;
SP;631.2
PR;565.0
SC;
BA;376.8
RS;406.2
BA;
MT;539.2
AM;
MG;599.4
MA;390.3
PE;439.6
CE;680.1
PE;
GO;595.2
SP;440.9
SP;
PA;481.4
PB;
PI;556.9
PB;508.4
SE;513.3
CE;
AP;471.9
CE;394.2
RN;553.2
RJ;475.5
MA;603.5
PR;622.1
BA;671.7
PB;410.6
PB;596.7
BA;714.2
CE;503.1
RN;747.3
CE;642.3
PR;614.3
AM;425.6
MG;
CE;
RS;
PB;432.7
TO;579.9
PB;360.1
SP;423.2
MA;703.4
MG;741.9
CE;758.1
CE;426.9
PE;
BA;
TO;499.1
BA;670.4
GO;
AM;392.6
BA;452.9
MG;
PI;
BA;405.6
PI;703.2
PA;391.0
MG;418.2
PI;592.4
RS;477.1
SP;797.1
MA;392.6
SP;510.3
GO;663.4
MG;565.2
GO;
BA;534.9
PE;448.1
SE;507.9
AM;
BA;496.5
RO;
CE;430.6
RS;623.9
RJ;
PE;
PR;617.3
PA;446.1
DF;
ES;
RN;772.8
BA;490.0
GO;551.4
SP;595.5
PA;
MA;694.2
BA;634.6
PE;539.4
BA;398.1
MA;768.5
SP;483.8
CE;587.4
RJ;
CE;
PE;426.7
MA;795.8
CE;478.6
MG;758.4
MG;461.0
RJ;722.3
AL;596.7
SP;785.8
PR;
DF;
SP;401.6
MG;638.8
PR;609.8
GO;679.1
CE;565.2
AC;
SP;
PA;766.2
BA;612.6
CE;459.6
MG;639.1
PA;401.7
RS;592.6
GO;426.8
DF;
BA;434.4
MG;648.8
BA;500.5
BA;
BA;
MG;
SP;639.0
MA;442.0
PB;713.1
MA;450.3
RJ;543.8
BA;511.3
DF;810.0
RJ;505.8
PA;441.0
MG;
CE;577.5
SE;719.5
PE;754.4
ES;423.9
PE;422.8
RS;
MA;679.2
CE;573.5
BA;431.7
TO;501.9
PI;797.0
GO;538.7
PB;634.1
MG;542.2
PB;370.7
MG;430.3
PE;
PA;672.4
MG;
ES;608.9
RN;564.2
AL;
BA;432.0
CE;453.0
RJ;549.5
DF;663.3
SC;
MG;479.3
CE;
MG;451.1
PE;
CE;434.9
DF;
PR;721.0
MG;703.1
RN;450.4
RN;647.0
MG;540.0
AL;601.8
PR;
RJ;
PR;559.0
RS;476.1
PI;474.2
PI;672.3
DF;
PA;482.5
AL;501.7
SE;415.0
PA;
RJ;
RS;463.5
CE;555.9
RN;495.0
PI;
SP;457.4
RJ;583.3
RJ;423.0
MT;457.1
PB;509.1
PB;637.0
BA;428.7
RN;436.5
PA;
PA;
MA;495.8
MG;753.7
RN;
CE;566.4
TO;
GO;
PB;428.7
PI;524.9
SP;588.1
PI;642.7
PI;614.7
SE;522.9
CE;434.3
PR;799.7
SP;402.8
RS;430.5
MA;412.7
RN;422.2
PR;677.7
BA;471.8
RJ;
RN;403.1
PB;405.5
SE;
CE;
PA;413.7
PB;441.2
AM;
MA;465.4
TO;
MG;
RJ;
GO;
RJ;479.0
MG;850.0
MT;513.9
BA;
RJ;531.5
BA;433.3
SE;607.5
SP;
BA;407.0
RS;516.1
PE;529.9
BA;
MT;407.2
MG;
SP;494.0
BA;517.7
AL;492.8
SP;745.5
RS;461.6
CE;414.7
GO;
CE;647.6
PA;488.5
CE;446.4
BA;476.8
SP;646.5
AL;659.3
MG;651.4
GO;439.6
MG;
MG;
ES;489.6
BA;
PI;586.8
CE;398.2
BA;
PE;388.4
GO;614.3
RJ;489.1
SP;511.2
MG;
PA;450.8
CE;372.0
SP;713.5
PI;396.5
PE;610.7
RO;
RJ;713.6
GO;
PI;504.3
GO;425.7
PA;436.6
MG;
GO;405.6
PR;
MG;745.2
RJ;573.0
CE;635.9
BA;485.8
BA;
BA;625.2
PB;
RJ;527.8
RJ;550.7
GO;367.0
PB;
PB;481.9
CE;
CE;443.3
SP;
CE;435.1
RJ;
SP;433.9
SP;621.6
SP;
CE;589.5
CE;665.5
SP;411.6
PI;701.7
BA;544.0
RN;446.1
RJ;689.7
BA;521.7
CE;387.6
PA;743.9
RR;488.0
BA;480.2
PA;421.5
MA;693.4
SE;408.0
BA;
RN;721.7
CE;505.2
PR;659.9
GO;
GO;486.7
MG;802.8
SC;456.1
SP;
SP;727.0
CE;539.2
CE;402.1
BA;425.2
CE;485.3
GO;479.5
GO;649.7
GO;469.4
PR;532.6
PE;
MA;581.2
PE;
MA;438.2
RJ;499.9
PE;467.5
AM;524.2
PA;498.1
GO;529.8
MS;414.5
PE;562.3
SC;667.3
PI;510.9
PB;544.5
RO;547.7
MG;444.1
CE;458.6
GO;419.0
MG;739.8
MG;441.8
PE;436.9
GO;531.4
RJ;
SP;
PA;441.5
SP;651.7
DF;756.2
CE;655.3
SP;489.8
BA;480.1
PR;462.1
PA;538.7
SP;
CE;406.2
MG;404.7
SP;657.7
SP;703.5
RN;
GO;448.4
RN;574.9
PI;384.5
SP;
CE;436.7
PB;710.3
SP;684.7
CE;
ES;820.7
PA;515.7
PB;419.2
RJ;454.5
BA;429.0
SP;485.7
AL;683.6
GO;
ES;556.7
PR;535.1
PA;482.7
PE;565.9
RJ;
MA;401.0
MG;689.0
AL;664.4
SP;579.6
PE;
GO;
DF;454.9
SP;
MA;370.9
MG;
CE;697.3
MG;483.3
BA;597.5
CE;407.2
RJ;638.4
MA;
MG;449.6
BA;419.3
PB;590.9
RS;676.4
SE;410.6
PB;637.8
RJ;
BA;577.7
PE;
TO;690.1
PB;442.0
SP;594.7
SP;447.6
BA;477.1
CE;483.8
CE;569.0
PE;524.4
AL;571.4
SP;873.7
RS;751.0
AL;450.7
RN;542.9
RJ;450.9
GO;
PR;518.5
PE;477.1
MA;534.5
SP;
MS;646.2
SP;749.7
GO;
RJ;400.9
BA;451.5
BA;588.0
SP;
CE;413.2
RS;426.7
PE;433.9
PE;425.9
RJ;593.1
SP;611.9
SP;572.1
CE;536.7
PB;763.4
MA;560.3
RJ;603.8
BA;423.7
RS;
ES;451.0
SP;
DF;718.1
MS;652.1
RJ;499.9
MG;
BA;410.5
PE;436.3
PI;610.8
RJ;492.1
PA;
MG;748.1
DF;518.3
SP;474.0
ES;
SP;483.8
BA;735.3
PA;422.9
GO;
BA;631.5
BA;567.2
PE;554.3
BA;422.1
MG;547.9
MA;497.5
PR;572.2
GO;492.5
RN;389.3
SE;
CE;425.9
PR;
CE;408.5
MG;575.8
GO;554.4
SP;633.6
PI;554.7
BA;
CE;371.3
GO;393.2
PA;432.6
CE;438.4
RN;562.5
BA;654.0
RS;582.1
PI;581.5
RS;
GO;
CE;
SP;
SP;587.8
PE;375.3
PE;490.7
RJ;723.0
PE;696.8
CE;536.5
PE;482.1
RJ;610.1
RN;377.2
PI;658.5
PA;401.2
MA;
PI;417.7
SC;436.2
MA;
SP;439.8
GO;536.6
BA;419.1
SC;605.0
MG;457.1
MG;502.3
SC;
SE;541.3
GO;621.4
PB;669.8
MG;509.6
MG;622.8
GO;405.8
PA;514.1
PE;383.5
SP;
RS;574.8
MS;639.8
AL;467.1
RN;
PA;481.3
PE;388.9
MG;645.5
MG;568.5
RJ;779.1
PA;459.7
GO;478.1
SP;466.5
SP;792.4
SP;548.6
CE;507.5
MG;
RJ;
SP;379.9
DF;663.0
SP;764.0
BA;503.8
PE;
MG;511.7
MA;626.5
RN;
MA;704.6
SP;416.3
CE;411.1
SE;
BA;440.5
BA;650.4
SP;569.3
GO;455.7
RJ;520.8
RS;422.5
GO;500.7
PB;780.9
PB;
PR;593.4
MG;419.7
ES;389.2
PI;
SP;731.7
RJ;673.2
PE;636.7
PB;473.4
PI;447.1
BA;375.1
SP;687.5
MG;759.6
MA;595.1
PI;503.1
BA;
RS;496.3
PA;794.5
MG;516.4
PE;436.5
RJ;
MT;
SP;643.3
AM;
BA;457.9
SP;
MG;653.3
PA;457.5
PB;503.3
SP;439.2
AM;500.7
PA;
SP;543.0
PI;
RN;464.4
PA;425.1
GO;466.0
SP;382.7
BA;
RN;597.0
PA;
SC;604.3
PI;
MA;627.6
SE;543.6
CE;400.4
SE;750.0
MA;478.5
PE;
GO;
CE;
MG;532.9
PA;421.6
MG;392.3
PR;624.1
CE;426.3
SP;529.0
PA;535.4
MG;691.9
MT;431.8
CE;
RN;586.9
BA;554.4
SP;
MG;743.3
RS;750.6
SE;400.4
CE;545.1
MG;
SC;733.8
MG;470.0
SP;632.8
RJ;444.3
SP;715.4
TO;553.1
RS;769.5
MA;473.5
CE;514.2
GO;478.1
PB;488.1
MG;421.0
SE;498.7
MG;634.3
SP;536.7
PE;
CE;420.0
TO;
MG;523.9
PA;
GO;
SP;
BA;478.4
MT;865.2
GO;459.8
MG;682.1
PE;445.9
CE;511.4
AP;460.6
GO;633.1
BA;
PI;494.5
CE;364.4
GO;
CE;452.4
MG;667.2
AP;
GO;473.7
PE;419.4
RS;423.9
SC;452.1
RN;416.6
PB;732.5
SP;665.6
CE;653.6
MA;421.1
GO;388.2
GO;750.9
MA;722.6
BA;481.9
CE;660.8
MA;
BA;585.7
MA;473.9
PR;
PE;662.6
RJ;
SP;557.4
PE;
PB;355.9
SP;
GO;
CE;486.3
PR;673.7
PB;445.4
CE;567.8
GO;441.8
RS;
SE;393.0
TO;431.3
RJ;847.3
BA;
PB;473.0
PA;656.8
PA;664.0
MG;689.4
BA;648.4
BA;437.6
MG;
MG;572.2
CE;699.1
MA;
RS;609.5
CE;456.6
PE;637.8
PE;
MA;428.2
PB;506.3
CE;542.7
PI;668.4
PB;
PI;760.1
PB;675.3
GO;478.7
PI;600.4
CE;
BA;
RS;516.8
AL;476.7
ES;
RJ;
CE;692.7
PB;425.9
AL;431.7
RS;
MG;
RS;496.9
SP;464.4
SP;550.2
CE;
CE;520.2
BA;
DF;367.4
PR;684.5
MT;734.7
PA;534.0
CE;510.2
AL;503.7
MG;577.4
SP;540.1
GO;418.5
RS;559.2
PE;483.4
SP;501.2
BA;482.9
BA;520.0
PE;
CE;423.3
PI;412.8
RJ;530.5
CE;473.8
RJ;
SE;669.8
PI;473.1
MG;567.3
MG;
PI;785.3
AP;505.8
PB;456.3
GO;
PE;463.4
MG;724.5
PE;434.3
CE;566.4
GO;470.0
RS;681.2
BA;
PE;456.6
SP;
BA;424.6
SP;666.2
AC;451.4
SP;620.5
PE;443.8
PI;
AP;484.7
GO;414.6
CE;394.1
MA;391.3
RS;
MG;
MG;575.1
MG;
PI;
MS;
PA;495.8
CE;692.0
MG;611.6
MG;443.8
DF;654.7
CE;401.0
BA;
SP;600.0
RN;436.6
PA;566.6
TO;469.9
TO;451.1
CE;
MG;486.4
MG;543.5
RN;618.1
BA;
RJ;731.4
SE;586.5
CE;397.3
CE;493.7
BA;562.1
RN;516.0
PR;
PA;453.3
MG;
PE;485.9
CE;676.7
BA;
CE;444.7
PR;531.1
AL;511.8
SP;571.5
SP;
PE;
RJ;
DF;425.6
AP;
BA;406.2
PA;369.2
BA;628.7
RO;
ES;767.2
BA;547.3
RS;
GO;456.3
PI;400.1
RS;475.1
SE;522.6
RJ;
CE;
BA;507.9
PE;492.6
AP;618.6
PA;390.5
CE;380.6
RJ;638.8
PE;501.1
BA;709.3
SP;
RS;505.6
ES;529.4
DF;
GO;565.3
RJ;402.7
PI;641.2
MA;745.1
PR;430.4
RJ;550.9
CE;574.1
RR;
GO;
MG;579.3
SP;
MG;
PE;514.1
MG;591.8
PA;594.2
BA;465.1
CE;398.1
CE;427.9
SP;633.9
RJ;
PA;
PA;364.4
RJ;618.4
MG;
BA;643.2
DF;449.3
CE;
SP;652.3
PA;454.4
GO;428.8
RJ;407.6
TO;675.3
SE;564.5
SE;
BA;519.3
AL;407.3
BA;644.1
SP;
BA;697.7
PB;437.2
RN;
MA;
AL;523.6
PA;456.0
GO;530.9
SC;442.5
SE;522.4
PB;476.5
SC;413.5
CE;680.0
SC;
MT;412.4
PR;457.4
AP;669.2
PR;635.1
ES;518.7
GO;442.0
SP;639.8
DF;713.1
BA;493.4
SP;410.4
GO;371.4
DF;
MT;590.5
ES;405.0
SP;504.5
PE;
PB;416.7
PE;430.1
CE;514.7
PE;
MG;423.8
MS;
RJ;
PR;469.9
AL;392.4
RJ;447.7
MA;380.9
DF;450.0
GO;650.5
PE;754.7
GO;
RS;805.1
AP;425.9
RJ;
MG;582.4
SC;600.0
PE;525.6
RJ;408.7
PA;647.3
MG;473.9
RJ;859.5
PI;636.4
PE;456.5
GO;
GO;557.9
CE;732.8
PI;
PI;
BA;420.4
GO;
RJ;470.4
SP;
BA;723.3
BA;493.2
PE;641.3
BA;
CE;739.6
MA;468.4
MS;
CE;554.3
BA;586.3
SP;
MG;
MG;563.6
MS;702.2
PR;497.3
PA;513.0
PR;544.1
RJ;532.7
RS;485.4
GO;
SP;423.9
RS;415.6
MT;549.0
GO;527.7
GO;496.3
GO;640.0
CE;599.6
MG;833.1
PA;493.5
CE;393.8
CE;421.0
PB;
PB;
MA;439.7
ES;
RN;500.9
MG;
SP;618.6
GO;695.7
MA;543.6
CE;463.8
SP;
MG;624.8
PA;462.1
PA;525.1
DF;487.2
BA;475.6
BA;477.7
RN;490.0
GO;
CE;
BA;458.6
RJ;378.0
PA;
PE;472.1
PE;534.4
PA;521.6
BA;386.5
ES;
PR;533.9
BA;395.5
AL;645.7
BA;589.7
CE;676.3
PA;469.9
GO;471.4
RO;478.7
RJ;511.6
MA;
CE;532.3
AL;768.3
RJ;591.7
RJ;771.3
MA;528.0
PE;
GO;585.7
GO;477.4
GO;591.2
GO;447.9
MG;834.2
CE;779.1
GO;417.5
PE;566.1
RS;603.9
RJ;369.3
MT;576.5
SC;687.8
MA;540.6
CE;
PB;624.6
PB;
AM;466.0
SP;735.2
PE;
GO;682.8
MA;464.9
GO;556.4
RS;
SC;456.4
RS;780.2
CE;598.9
RJ;536.5
PB;464.1
CE;505.9
SP;561.4
AL;453.7
CE;508.4
CE;568.8
ES;463.1
MG;417.9
SP;612.8
SE;542.4
GO;461.8
CE;639.9
PE;560.0
CE;
PB;810.8
RJ;654.4
PB;501.7
PB;465.5
RJ;646.0
PE;506.2
RJ;449.8
GO;768.8
SE;463.3
BA;619.9
BA;410.5
PR;678.1
CE;
BA;584.0
DF;519.2
MG;505.5
MT;
RJ;445.1
BA;
BA;553.8
CE;396.3
SC;717.9
PB;586.6
TO;524.6
PA;508.3
SP;562.1
RN;701.0
GO;
PA;509.1
GO;697.0
PA;594.6
GO;
AL;406.8
CE;372.2
GO;461.0
CE;
MG;
SP;764.6
PE;
SP;585.5
MG;680.6
RO;
MG;
CE;477.2
MG;447.1
PR;536.0
RS;458.5
RJ;542.4
BA;578.2
SP;420.6
RN;472.8
AL;433.3
MG;764.7
RJ;474.0
BA;498.2
DF;619.7
GO;436.0
GO;503.1
CE;
RS;506.7
BA;423.5
PA;691.6
PI;
GO;666.0
RN;449.8
GO;739.7
CE;452.5
SP;457.6
MG;701.2
BA;425.6
PB;553.3
CE;
GO;355.2
RJ;
PI;412.2
PA;401.3
CE;650.4
PR;
RJ;549.6
PA;403.9
MT;745.7
PR;
PA;514.3
CE;452.6
SP;
MA;372.0
GO;438.3
RJ;635.8
PR;592.8
MA;434.8
PI;538.8
MG;525.1
SP;
PB;416.1
MA;490.8
AL;806.8
CE;489.8
CE;421.1
SP;503.5
MG;357.8
PA;404.0
GO;462.2
SP;499.0
MG;771.2
SP;
MG;478.9
GO;
RN;682.8
SP;585.1
SP;470.2
PR;742.9
MA;
SP;
MG;642.9
GO;641.1
AM;
CE;516.1
GO;461.3
MA;438.3
MG;541.9
RJ;
SP;
PE;434.6
RO;460.5
CE;479.0
GO;426.6
BA;
PA;
PE;444.5
MA;400.0
AC;471.1
GO;
MG;828.1
TO;411.6
BA;685.4
SP;537.4
BA;623.2
GO;718.2
RJ;
PA;436.7
CE;406.7
SP;546.4
AL;419.3
PR;414.4
PA;
PB;406.5
RN;584.6
MG;460.1
MG;487.7
SP;577.1
ES;429.1
PE;639.1
CE;
GO;452.8
BA;421.0
CE;382.9
DF;728.3
RN;
SP;467.9
SP;439.1
RJ;
PE;514.3
RJ;435.0
RJ;563.2
MG;399.6
MA;419.9
SP;616.4
AM;399.4
MT;502.5
MG;622.0
RS;499.5
PB;511.2
SP;510.3
RJ;649.2
RJ;
BA;
BA;565.9
CE;649.2
PR;831.0
MG;914.0
ES;405.8
SP;712.4
AP;390.5
SP;658.5
PE;472.4
RN;585.6
CE;
GO;554.0
PE;421.0
MG;564.2
PE;688.7
MG;
RO;666.4
SE;595.6
BA;733.6
SP;381.3
AM;425.6
PE;624.7
GO;
PE;460.2
PR;504.2
PA;530.3
SP;454.3
GO;
PE;643.7
RN;
MG;447.2
CE;716.8
SP;
CE;415.4
CE;421.5
BA;400.6
MG;631.4
RO;496.7
CE;408.4
SC;660.8
MT;417.2
MS;
SP;684.2
CE;620.6
CE;514.7
MG;658.8
TO;419.4
BA;378.2
CE;
BA;
DF;
SP;739.9
PA;
RJ;428.8
PE;451.5
PE;552.6
SP;709.7
CE;462.9
RO;
BA;486.0
CE;509.8
PB;627.9
BA;445.2
BA;491.5
GO;
AC;
TO;
PA;413.9
SP;
SE;380.3
PB;404.3
PA;442.0
PA;458.2
SE;497.5
PR;
CE;389.7
TO;366.1
SP;737.3
PR;
MS;488.5
GO;630.4
SP;
SP;696.5
GO;464.0
MG;644.1
SC;
PE;459.0
MG;
MG;666.7
MG;705.9
CE;440.8
BA;458.8
RJ;374.3
MA;387.1
MG;476.0
RJ;460.9
MG;603.3
ES;480.5
GO;826.0
BA;420.9
SP;608.5
PE;417.4
PR;604.1
RN;398.0
PA;
MG;596.6
BA;456.0
BA;
SP;563.2
MT;405.6
CE;537.4
BA;508.5
MT;
TO;513.5
PA;549.1
GO;488.9
RN;576.7
MG;
BA;436.8
ES;506.0
AP;
MG;470.7
MG;387.1
SP;674.3
SC;782.7
MG;615.0
DF;396.8
PR;446.9
BA;485.5
SC;456.7
BA;634.0
CE;432.7
BA;475.4
MG;
SP;568.1
CE;
MG;
BA;506.9
PA;
GO;
MG;449.1
RJ;747.8
PB;547.3
MA;576.6
RJ;
SP;435.2
RN;387.5
SP;469.7
BA;
GO;597.3
CE;628.9
RS;574.4
BA;480.0
RJ;462.9
ES;452.2
RR;418.9
CE;669.8
PE;
CE;419.8
MG;592.4
PE;526.5
PA;
CE;655.6
CE;469.8
BA;485.2
BA;816.9
PR;645.7
SE;735.8
PB;
CE;
AL;377.5
AL;728.9
RJ;635.0
BA;372.7
MA;
SP;557.7
DF;
CE;646.7
RN;479.7
CE;677.3
ES;425.4
GO;398.7
SP;
SP;599.3
RS;654.8
CE;583.2
SP;
MT;
TO;529.1
PI;462.5
BA;
CE;707.8
BA;
GO;480.4
ES;793.8
SP;475.4
CE;485.6
PR;549.9
MG;471.1
BA;478.3
SP;632.5
GO;426.9
CE;420.4
BA;
MS;
GO;
RJ;528.4
BA;
CE;570.1
GO;467.7
RJ;526.1
GO;
GO;699.5
RJ;
PA;406.8
BA;
CE;359.8
CE;495.0
RN;535.1
RS;762.3
PE;408.1
AL;615.4
MG;
MA;617.8
MA;503.3
PA;447.8
SP;534.3
GO;
CE;434.3
GO;600.3
BA;567.7
GO;
SC;726.7
MG;859.7
TO;500.6
CE;392.3
PB;396.8
TO;585.4
MA;403.5
RJ;624.7
CE;569.1
PI;507.0
CE;
PE;479.4
MG;711.4
PR;597.4
SE;518.2
AL;469.3
RJ;
PA;
SP;
MG;585.5
BA;380.1
RJ;634.2
MA;
GO;511.2
MG;581.6
RN;500.0
BA;533.0
PI;695.5
GO;509.8
PE;592.2
PE;424.1
PE;544.6
RN;477.0
CE;
RS;767.2
MA;410.5
SE;458.3
AL;736.1
CE;534.8
SE;449.0
CE;530.3
BA;573.3
RN;590.1
GO;514.8
CE;408.7
PA;576.0
PE;553.7
PB;446.3
RO;434.4
BA;
RS;544.8
DF;719.0
PB;422.6
GO;409.7
SP;497.9
SP;657.7
CE;415.9
CE;381.5
PR;629.2
MG;455.2
PA;432.0
SC;560.6
SP;
CE;399.1
RS;545.4
PA;
RJ;575.6
CE;650.2
RJ;
CE;493.2
PR;637.1
MG;621.5
AM;398.2
BA;427.3
GO;572.1
SE;
CE;
RS;470.5
PB;459.2
SP;581.3
GO;384.9
MG;724.7
TO;527.8
PR;647.4
CE;405.6
PA;
CE;
BA;530.6
PB;761.2
PI;495.5
SE;586.0
DF;606.9
CE;797.3
SP;492.9
RN;576.7
BA;561.1
PE;
MG;805.5
MG;
RJ;439.3
PB;414.1
PA;454.2
RN;405.9
SP;684.8
BA;733.5
MT;
RN;456.3
RN;368.4
RJ;
PB;
PI;548.6
CE;618.9
CE;440.2
GO;601.0
MG;
BA;
RN;476.0
MG;
BA;444.1
PB;564.1
BA;609.8
MT;
BA;568.7
PE;596.2
RJ;600.8
PB;375.5
PI;517.5
GO;482.1
RS;
AL;412.5
BA;424.9
ES;
SP;666.4
MG;605.3
CE;
GO;431.6
ES;475.6
CE;431.7
RS;426.0
PI;397.7
SP;664.0
MG;
RS;435.4
PE;
CE;477.9
CE;628.9
SC;561.1
PE;800.0
RN;504.3
MA;670.2
GO;420.5
PR;
BA;467.7
RN;494.2
BA;
BA;
RN;538.0
RJ;434.6
PA;538.7
BA;498.9
RJ;911.6
GO;
RJ;629.2
RN;411.4
CE;447.9
BA;469.1
SP;
BA;
PA;429.1
MG;685.1
RN;548.4
PR;
RJ;
PA;450.9
PI;408.3
AP;551.1
MG;755.3
GO;
BA;
CE;689.1
PR;387.0
SP;610.8
PB;467.3
BA;513.7
CE;693.9
RN;544.3
CE;495.4
RS;429.0
PI;
MG;
CE;709.7
PR;
RN;417.0
GO;
BA;712.0
RS;
PE;
SP;
RS;611.3
BA;677.5
PI;492.0
SP;528.9
GO;
GO;
SP;
SP;758.0
SP;476.1
GO;392.7
PA;435.2
SP;
DF;
MG;630.4
BA;410.9
SE;590.2
BA;435.6
MG;387.5
BA;626.4
BA;637.3
MT;
BA;491.8
RJ;495.1
MA;493.7
RN;
RN;439.4
MG;535.6
RJ;424.5
MG;724.1
RJ;
PB;659.3
MG;638.6
CE;765.3
BA;
PI;445.0
SP;479.1
CE;607.7
MG;768.3
PR;
GO;403.7
GO;
CE;575.1
SP;
TO;508.8
CE;465.7
GO;
PE;468.1
SC;473.0
SP;
GO;585.7
CE;403.6
MT;411.9
PB;
MS;
ES;
SP;653.6
SC;502.9
PE;566.6
CE;370.0
ES;676.3
CE;486.3
RJ;398.4
AL;399.2
RJ;496.0
SP;665.7
CE;394.4
PE;842.8
BA;464.7
TO;463.7
PE;450.5
SC;568.8
PE;601.8
PE;727.8
SC;744.6
GO;
BA;850.3
PB;411.9
SP;586.2
PE;539.1
SP;562.9
MA;
AM;
CE;
DF;
CE;498.6
BA;376.8
SC;632.7
RN;451.4
PA;
SP;
CE;459.0
SP;508.9
CE;657.1
BA;563.0
MG;400.1
PI;501.3
BA;679.4
GO;591.6
AM;
PA;417.6
PE;
CE;444.4
PR;454.5
SP;434.4
RS;
DF;527.3
AC;
TO;569.4
CE;497.7
MG;418.9
CE;711.4
CE;701.4
BA;560.8
ES;521.7
GO;544.6
TO;471.6
RJ;450.5
MA;503.3
BA;574.1
CE;478.7
MA;689.4
PR;584.4
SE;
BA;396.6
RJ;722.5
MG;412.8
SE;548.1
PI;
ES;449.3
SP;536.4
PA;442.6
MG;
SP;
PA;447.2
SP;863.8
CE;402.5
BA;368.0
SP;
RJ;715.4
BA;725.1
GO;573.6
CE;430.4
PB;397.7
RS;535.7
GO;433.0
SP;678.4
MA;609.9
GO;440.1
BA;525.5
GO;841.2
PA;503.1
RS;539.9
RJ;539.2
GO;
MT;545.1
MG;414.8
DF;
RJ;787.3
TO;
RS;
AP;551.2
ES;657.7
RJ;751.1
SP;607.7
PE;448.7
RJ;697.6
CE;
MG;537.0
BA;452.4
RJ;475.4
PI;552.1
CE;693.0
CE;538.9
PA;371.7
SP;
MG;642.8
BA;451.1
SE;472.2
MS;473.2
MG;567.9
SE;476.9
PR;
PA;
RS;419.4
RN;390.9
BA;657.9
PA;
CE;371.8
PA;
CE;
CE;474.5
BA;439.2
PA;
BA;650.9
AP;658.2
PA;
MG;
CE;574.8
BA;525.1
GO;429.3
PE;471.1
BA;626.4
CE;502.1
SP;547.6
AL;543.5
PE;592.6
BA;620.4
PE;378.3
RJ;
MG;
BA;377.7
MG;
GO;
CE;447.8
ES;
MG;571.8
SP;595.5
BA;426.0
SP;586.3
MS;369.7
RJ;
PA;434.2
ES;
MG;625.8
PA;
RS;
CE;446.9
RS;646.0
PA;
GO;502.9
SE;0.0
PI;613.0
PA;482.6
PB;431.8
ES;
RJ;524.6
SP;502.8
MA;407.5
SP;
SP;
PB;723.0
AP;
RN;448.2
SP;673.1
MT;
SP;708.1
RJ;461.4
BA;667.8
MG;530.8
MG;753.0
CE;630.5
AL;523.0
BA;451.3
MA;778.7
PA;394.4
SC;375.2
BA;
PA;562.8
BA;
MA;442.3
BA;883.6
MA;
CE;543.9
SE;671.3
PE;462.5
SP;524.0
BA;
RS;731.3
BA;430.3
MG;399.5
SP;646.8
PE;
RJ;580.1
BA;478.3
PB;560.5
CE;
CE;635.1
PB;676.7
CE;565.4
RJ;739.2
PE;
RJ;
PE;464.5
PE;
MG;745.0
BA;413.9
MG;659.2
PR;422.5
PE;401.4
BA;385.5
PB;410.9
BA;503.7
PB;557.0
GO;517.8
MA;
CE;378.0
RJ;769.6
ES;
PE;
RJ;
BA;527.9
AM;516.4
CE;443.6
PE;490.4
BA;369.2
GO;434.3
PE;520.6
MG;469.1
SP;498.7
PA;
SP;712.8
CE;463.4
MS;417.2
GO;449.2
CE;
SP;629.9
PI;563.5
BA;397.3
SP;640.4
PE;500.6
MA;431.3
CE;688.0
MG;394.6
MG;432.8
SP;574.1
PA;394.3
RS;
CE;
PE;530.9
MA;569.1
RS;
GO;430.0
MG;425.1
AL;
BA;460.5
CE;586.8
PB;690.0
PA;445.8
BA;562.0
SP;652.9
BA;736.3
PE;549.3
CE;504.0
RJ;474.8
PI;605.3
PR;412.0
MG;546.8
PE;556.6
SP;484.5
PB;
GO;
MG;689.2
ES;766.1
MT;613.1
AL;
RJ;406.7
PR;627.1
PE;399.2
RJ;398.5
PE;703.1
MG;639.6
SP;470.4
RJ;616.9
MA;427.8
RJ;465.0
BA;513.6
PB;815.5
SE;
PE;674.3
PI;620.2
SE;398.3
PR;448.3
SP;831.0
PB;424.6
RJ;516.3
BA;510.6
MT;468.6
MA;546.9
BA;434.3
CE;486.1
RJ;453.4
AP;660.9
GO;
PR;
RJ;647.3
GO;426.0
RJ;
RJ;573.1
BA;441.9
CE;601.4
GO;454.6
GO;741.7
MG;679.6
RJ;604.3
SP;413.8
AL;453.5
BA;538.1
GO;
RJ;494.0
GO;
GO;654.6
PB;480.5
BA;409.3
DF;427.3
AP;413.1
PA;
PA;446.9
PR;
AL;389.5
MG;388.2
MG;385.7
CE;
MS;434.9
SP;
GO;
MG;703.7
PA;
SP;802.8
BA;611.2
CE;745.4
RJ;415.1
MG;791.3
ES;675.8
CE;
PB;
CE;668.4
MA;687.8
SE;433.5
TO;
PR;642.0
ES;
BA;541.2
MG;491.8
PI;495.0
MG;523.9
AL;526.2
BA;
RN;664.5
BA;
BA;490.2
RS;
BA;675.6
SP;
MG;643.1
RJ;
RJ;642.4
PE;644.7
CE;483.0
RN;420.3
GO;421.6
MA;394.9
RN;505.6
RS;
AL;558.9
PR;418.3
BA;416.7
BA;381.6
RJ;609.8
CE;480.4
PI;536.1
PI;405.1
MG;778.4
PR;
CE;493.6
CE;458.5
BA;682.1
PB;424.5
AM;
MG;606.6
GO;565.7
RJ;
SE;413.5
CE;520.1
ES;
MA;390.9
BA;473.3
MT;413.2
CE;604.9
PE;
PA;
BA;393.3
RN;798.4
PE;383.3
RJ;
MG;792.4
SE;
PR;
MG;
MG;797.0
PA;518.4
PR;708.4
PA;
SP;524.5
SP;588.1
PE;462.7
BA;534.4
ES;686.2
MA;508.4
MA;
CE;394.4
BA;445.9
MG;394.7
DF;754.2
BA;437.5
MG;651.3
MT;591.0
BA;
BA;443.0
SP;692.3
AL;419.9
MG;592.3
CE;
SP;449.4
GO;773.7
PI;443.8
SP;460.4
CE;405.6
GO;446.3
CE;466.1
RJ;
MA;605.9
SP;388.0
DF;570.2
AL;446.9
SP;
PB;
PA;
GO;498.2
BA;436.1
PR;427.8
PB;530.0
RN;524.2
PB;
RJ;621.7
PA;426.8
SP;428.6
PR;406.1
PA;497.7
RJ;576.3
PE;
BA;431.9
SP;402.1
RN;420.1
CE;427.9
PA;
BA;400.4
SP;745.1
RS;
SP;550.0
AL;371.6
SE;372.2
MG;
RS;818.2
CE;450.2
GO;
MT;914.1
PB;678.6
DF;529.0
PB;618.0
PA;
MT;396.3
MG;623.0
ES;440.0
MG;457.9
BA;473.3
SP;
AL;650.6
PE;404.2
RN;424.3
CE;454.9
MG;579.0
SC;550.4
PI;752.9
PB;578.6
PA;413.4
PB;404.8
BA;656.1
MG;457.4
MG;597.1
BA;573.8
GO;450.3
SP;
MG;479.2
RJ;531.8
CE;392.3
AL;541.6
PR;498.3
BA;549.1
AC;574.9
RJ;447.8
PI;471.5
MG;443.5
SP;
BA;518.5
SP;396.3
MA;404.2
PA;442.5
MA;
CE;622.9
MG;
SP;
CE;
BA;557.9
RS;684.8
PI;575.9
PA;392.1
BA;431.4
BA;
SP;644.3
RJ;
SP;475.9
BA;437.3
PE;743.0
RN;439.5
BA;
RJ;
MG;725.3
BA;
GO;453.0
BA;418.0
MA;472.2
AL;409.4
GO;480.3
DF;752.6
MG;506.3
GO;451.4
BA;575.2
PI;397.8
GO;746.7
RJ;685.8
GO;404.5
SP;514.2
CE;
CE;597.9
CE;433.6
GO;753.5
MA;613.7
PI;797.7
MA;
MT;
BA;387.9
RN;489.6
BA;391.3
BA;
RJ;
AL;634.6
SP;
PE;442.2
MS;498.1
GO;490.1
MG;606.5
PR;495.8
RJ;816.4
MG;749.9
MA;412.2
AL;
PI;416.4
MG;733.4
SP;698.5
ES;526.2
CE;
MG;671.7
PA;535.6
BA;
MT;407.2
SP;649.7
MG;690.3
RN;403.4
SP;622.6
AM;510.9
RJ;702.2
MG;
SP;
PB;498.3
AM;606.1
SP;573.7
PE;454.4
PB;519.8
GO;600.7
BA;374.9
RS;
SP;551.5
RJ;719.7
GO;
RS;508.2
MA;465.2
ES;439.2
BA;860.5
RJ;686.6
RN;488.5
PE;486.0
SP;629.4
SC;543.4
PI;
RJ;596.7
CE;588.4
RS;
PB;703.6
GO;
PB;
BA;517.3
PE;
MG;468.4
MA;584.6
CE;420.8
MG;615.6
MT;439.6
AM;
PE;409.3
SP;670.2
MA;555.0
SE;
SP;493.5
RJ;477.1
SP;
MG;616.0
SP;681.4
MG;
RS;452.4
PA;
GO;547.0
PE;454.6
SC;514.9
BA;426.4
BA;
PI;526.5
CE;
BA;536.0
GO;437.8
BA;568.7
PI;
MA;498.9
ES;638.4
PR;
SP;606.7
CE;537.7
RJ;627.5
RJ;549.3
CE;627.3
PB;440.8
MG;481.8
GO;541.1
BA;537.7
CE;476.6
CE;448.3
GO;538.3
GO;375.4
MG;734.2
RJ;
AL;586.0
SP;728.1
MG;656.1
BA;
ES;675.2
MS;704.0
CE;716.1
PE;443.9
AL;364.9
PE;421.2
SP;740.3
BA;445.9
PB;593.0
PB;393.6
MT;443.7
RN;425.8
RS;
RJ;392.5
AL;
SP;
PR;512.3
BA;617.3
MA;388.3
TO;397.1
BA;459.8
SP;368.6
PB;567.3
MA;406.0
GO;383.7
PB;477.8
BA;412.3
SE;436.4
MS;396.9
CE;492.9
PI;
MG;379.5
SP;601.5
PA;603.2
MA;375.3
CE;486.2
PA;
MT;468.0
RN;378.4
PA;
MG;524.7
CE;
BA;626.2
BA;
PI;458.9
PE;538.5
CE;479.0
MG;673.5
MA;533.9
CE;520.9
MG;521.1
RJ;708.9
PE;513.4
BA;625.8
MA;474.4
BA;
MG;
MG;747.5
PE;560.3
BA;
RN;796.4
PI;572.5
TO;454.1
MG;520.7
CE;
CE;554.4
CE;
DF;364.9
SP;517.1
RJ;555.1
MA;559.8
PE;
MG;448.9
GO;478.7
SP;562.3
MG;690.0
BA;410.6
RJ;467.3
TO;735.1
ES;454.5
MG;575.3
CE;390.2
MA;
BA;
RS;395.5
RN;710.9
GO;
BA;
PA;568.1
MA;457.7
PE;
MG;
RS;696.9
RJ;592.2
SP;456.3
BA;528.0
RJ;436.7
RJ;385.7
MG;368.6
RJ;429.4
BA;420.5
BA;510.7
DF;600.2
CE;453.2
MS;515.5
RN;648.8
RJ;
MG;502.1
GO;559.4
PB;484.4
CE;388.6
SP;815.2
PE;412.9
SP;408.7
SE;502.1
GO;422.7
AP;
ES;824.7
GO;
GO;383.1
BA;
PE;521.8
SC;607.1
ES;
AM;
PB;499.4
SP;795.6
DF;710.1
RJ;475.9
SP;771.6
MG;610.0
PE;541.4
MA;539.3
AM;440.1
MA;515.9
PE;437.9
BA;
CE;545.0
SP;547.6
BA;514.6
RS;556.1
CE;648.7
MG;809.8
BA;462.6
GO;
DF;586.5
GO;521.9
BA;692.4
PA;480.3
GO;480.8
MG;458.0
BA;425.8
SE;595.4
GO;660.3
CE;452.0
MG;
PE;
BA;509.7
MG;
RO;421.1
PE;526.2
DF;
PA;355.1
SP;533.8
PB;442.6
CE;414.2
CE;668.9
SP;644.2
ES;438.7
PE;449.2
PE;584.7
ES;
RJ;
GO;451.9
DF;
PA;629.4
PE;548.8
PE;463.4
MG;522.9
CE;557.2
BA;598.0
BA;419.0
PA;
TO;639.4
PA;
PI;381.3
PA;658.0
DF;682.3
RJ;466.9
CE;778.5
SP;614.7
CE;
BA;533.8
MG;725.7
PA;407.2
BA;
BA;428.1
PB;680.6
MG;
MA;
BA;
TO;465.4
BA;686.6
PB;468.1
CE;481.2
BA;443.5
CE;673.4
BA;543.0
MT;
SP;600.4
DF;531.5
BA;
GO;386.3
MT;
SP;402.3
GO;635.8
MG;472.3
RJ;494.2
SP;
MT;
RN;
PE;502.6
RS;518.4
RO;467.6
AL;463.8
SP;588.9
GO;430.2
RJ;538.0
GO;475.6
GO;
SP;407.6
MG;670.4
PI;474.1
MG;439.8
BA;516.7
PI;404.5
CE;401.9
RS;
PE;570.4
PE;564.9
SP;
SP;579.3
BA;
MG;807.2
GO;585.1
RJ;532.5
CE;539.7
CE;638.0
GO;447.6
PE;503.1
RJ;
MT;466.7
AL;487.0
PR;646.2
RJ;684.6
PB;496.2
PB;533.0
RJ;607.1
MG;626.7
PR;546.4
PE;411.1
BA;
RJ;620.6
MA;456.9
BA;491.7
MA;478.2
CE;
MG;
PB;
RJ;394.1
PR;465.9
AP;
CE;433.3
PI;520.0
TO;632.6
PA;557.7
SP;532.6
SP;
PB;722.5
PA;658.8
SP;510.1
GO;
CE;888.3
CE;378.5
RJ;
MG;806.6
SP;686.9
SE;792.1
MG;519.3
ES;447.2
BA;554.0
BA;416.2
CE;496.4
CE;538.3
MA;447.2
SP;380.2
RS;442.7
RJ;383.8
MG;670.3
SP;
CE;410.0
MG;
BA;609.1
PI;801.8
GO;
BA;654.8
CE;647.8
RN;599.2
GO;
PB;
GO;431.7
MA;386.1
PI;628.9
CE;478.4
ES;728.8
BA;
RJ;
BA;529.7
RN;555.5
PR;579.8
SP;
SP;581.7
PE;568.9
BA;
PI;400.4
TO;431.3
MA;435.8
GO;
RJ;
SP;
GO;438.5
PA;
CE;
BA;505.4
BA;
SC;614.4
RN;623.9
GO;469.4
PR;
MS;489.8
MG;418.2
PI;441.1
RJ;874.1
GO;505.3
PA;369.2
RJ;
CE;592.5
MG;411.1
PA;434.2
AM;551.6
RJ;
MG;434.3
SP;598.5
SP;400.8
PE;632.5
GO;532.2
RJ;628.7
SP;638.0
PE;369.9
RJ;561.6
CE;532.9
PA;424.6
SE;364.2
CE;
RJ;524.1
AL;483.2
TO;
CE;597.3
RJ;600.2
SP;
SP;438.9
RN;541.6
RJ;631.5
MG;
BA;
PI;620.9
MG;562.6
MG;740.1
SP;719.0
AL;581.6
BA;587.1
MG;519.9
MG;760.0
PA;426.4
PI;466.4
PB;837.3
MA;
PR;
BA;547.2
SP;575.8
BA;417.8
MG;682.0
SC;
SP;550.7
PE;502.0
MA;696.0
SE;459.5
BA;
CE;506.6
SP;
PE;630.1
PA;562.0
CE;465.3
RJ;
BA;631.1
RJ;733.9
PR;397.1
RJ;
BA;
PA;
GO;448.0
MG;
MG;
BA;
RJ;441.4
PR;457.9
RJ;
RN;
GO;403.6
RJ;428.7
SC;
BA;574.2
BA;
PE;469.7
PR;583.7
PE;501.6
SP;
PA;434.7
MG;596.4
PR;396.5
PA;469.0
RJ;513.4
GO;649.6
PE;491.6
BA;483.4
AP;541.5
SE;536.5
PB;382.0
DF;551.1
MG;424.3
MG;740.2
BA;440.1
MT;507.6
PR;500.7
PA;554.2
GO;396.3
SC;450.8
RN;682.9
PI;557.7
BA;567.6
RJ;
RJ;715.6
CE;590.4
MT;
RN;367.6
PE;631.2
MG;470.2
BA;568.3
PB;426.9
MA;440.9
CE;556.5
RJ;725.3
ES;736.2
TO;
AP;486.0
MG;582.9
RJ;464.2
SP;
BA;576.8
PR;663.1
CE;389.5
RS;521.0
BA;418.1
MG;426.4
TO;408.5
BA;
PE;516.3
BA;
RJ;653.1
RN;478.2
MG;762.2
GO;
SP;576.5
BA;691.8
RJ;468.1
MG;627.5
MS;549.6
GO;606.7
SE;400.9
DF;480.8
RJ;820.6
PE;
CE;
RJ;536.3
MA;703.3
SC;
DF;395.6
PR;
MA;396.6
SE;432.8
CE;582.1
CE;546.6
PA;504.3
BA;
PA;389.7
PR;442.3
DF;
MA;536.7
BA;457.7
RN;
BA;421.9
SP;407.4
SP;413.2
GO;420.7
GO;
AM;
PE;430.7
SP;611.5
MG;380.6
CE;374.0
BA;578.6
MG;675.5
PB;430.5
GO;437.7
PA;449.5
BA;
GO;479.6
CE;465.6
MG;542.6
SP;
RJ;681.0
CE;667.0
PE;498.9
RJ;402.8
CE;456.6
MG;
PB;569.1
SP;
GO;569.3
CE;486.4
CE;520.1
CE;525.0
PR;657.6
PI;448.4
MG;
MG;
SP;
DF;
PE;424.6
ES;615.9
GO;495.9
RJ;
SP;689.2
PB;558.5
MG;548.9
SP;735.4
PI;
PA;
PE;449.7
RJ;459.4
BA;614.3
PR;473.7
GO;433.5
RS;527.3
PE;519.5
BA;443.8
SP;517.5
MG;512.3
SP;427.7
PB;
ES;652.7
AL;480.7
CE;435.7
SP;610.5
MA;622.6
GO;566.6
GO;
BA;523.8
BA;436.6
RJ;409.7
DF;
PE;647.7
PB;454.1
TO;469.0
PA;452.9
GO;595.8
RJ;
DF;453.9
RN;632.8
PA;517.1
GO;751.1
RS;657.7
PE;580.1
GO;408.4
GO;
AM;
MA;487.7
GO;595.2
MG;631.8
MA;400.7
BA;375.8
MG;
GO;621.2
PI;581.1
BA;
MG;570.8
GO;423.6
GO;
SE;448.2
SP;
GO;628.3
PR;
CE;461.7
MA;387.3
CE;503.1
RJ;732.2
RS;642.7
MG;622.5
PE;729.6
MG;532.1
SP;506.3
RN;
PR;552.2
MG;678.6
GO;677.5
PI;
PR;506.0
BA;
MA;438.6
DF;426.1
MG;690.3
BA;387.4
PR;631.9
MS;502.4
BA;590.2
CE;384.7
RN;
PA;464.6
SP;
RJ;501.7
BA;390.3
CE;
CE;412.5
RS;
PR;401.3
MG;
SE;722.9
RJ;
ES;
BA;582.8
MG;476.5
AP;
MG;427.0
SP;651.5
PE;583.9
BA;408.2
ES;709.9
MG;522.5
PR;
SE;427.5
CE;400.6
RN;674.4
SE;580.7
SP;386.5
CE;413.4
PB;647.6
DF;
BA;
SP;539.3
CE;465.3
RN;
BA;522.0
GO;481.9
SP;477.3
SC;
PB;772.1
SP;599.5
SP;629.9
PR;405.9
BA;
RJ;416.2
AP;
MG;
PR;734.7
PE;585.6
SP;
SP;814.6
MG;731.0
AL;431.5
BA;
PR;638.9
SP;441.9
TO;507.0
SP;476.8
MT;
MG;
RN;419.4
MT;448.6
RJ;482.0
MT;667.8
SP;702.3
GO;566.7
SC;675.7
CE;449.4
GO;461.5
GO;479.7
PR;624.9
RN;726.9
PA;675.7
BA;609.3
PB;554.3
MG;462.1
RS;495.2
MG;843.2
PE;592.8
BA;443.8
MG;468.9
DF;
PR;583.8
RN;579.7
AL;460.4
SP;607.6
RN;704.4
BA;536.2
RJ;576.3
AM;377.9
MA;426.8
PE;413.1
MG;
PA;
SP;551.4
RS;536.8
MT;
PE;612.8
MS;
PI;638.5
CE;436.5
SP;492.9
GO;445.1
CE;803.5
DF;
MA;
PA;406.5
ES;
BA;483.1
BA;460.6
PE;515.7
SP;655.9
PA;
GO;573.2
SP;723.7
BA;
RS;584.6
MG;366.8
PA;379.6
CE;465.1
MA;441.4
SP;398.0
BA;668.2
CE;453.8
PA;
PE;703.8
DF;497.8
PE;
BA;525.0
SP;471.4
PE;553.3
PR;447.1
AL;
SP;510.6
GO;
MG;525.5
BA;396.3
PI;475.2
CE;704.5
BA;472.8
RJ;
AC;545.0
RS;520.3
CE;454.2
SC;
PI;392.3
BA;453.4
BA;544.2
CE;
SP;675.5
SP;465.1
PB;464.3
GO;
CE;628.3
PI;434.7
CE;617.6
MG;491.4
RN;462.3
BA;432.4
BA;477.9
MG;
BA;398.3
SP;
PR;430.3
PE;474.5
PE;651.0
CE;476.8
RJ;
BA;
AP;378.2
MA;437.1
MG;633.2
RS;
GO;554.0
CE;
SC;458.8
ES;531.7
SP;705.0
BA;445.5
CE;
PE;659.5
MG;715.4
SC;606.8
BA;644.0
MG;396.1
BA;463.7
PE;745.8
CE;660.7
RJ;
BA;504.9
CE;504.0
AL;503.2
PA;594.9
MG;562.9
CE;405.3
CE;723.5
GO;
PE;494.1
MT;640.7
TO;506.5
RS;475.5
PE;
PA;
CE;454.0
MG;
DF;
PA;592.7
BA;564.8
SP;700.5
RJ;
MT;555.8
GO;
SP;711.7
CE;415.6
RJ;
GO;
BA;512.9
DF;467.3
BA;462.5
SP;685.3
BA;441.1
MG;626.8
ES;779.0
GO;
BA;565.5
GO;409.5
PA;430.7
PA;429.0
PB;368.0
MG;
DF;
BA;696.2
CE;456.8
PE;
PE;
PE;404.7
BA;499.0
RJ;386.7
CE;455.7
CE;679.5
BA;613.0
DF;429.5
DF;501.8
GO;557.0
CE;566.7
PA;726.4
PI;483.9
PE;
BA;667.1
BA;478.8
MA;575.8
MA;424.3
MA;590.0
MA;441.8
BA;
MG;490.9
RJ;756.6
PE;531.6
CE;606.6
GO;556.8
BA;454.4
PA;455.1
AL;463.8
MG;519.3
GO;596.1
ES;468.1
SC;474.6
PE;448.2
RJ;
MG;
DF;
BA;519.2
DF;600.9
AP;
TO;439.2
BA;
BA;443.2
CE;435.6
SP;
MG;744.8
MG;
CE;616.6
PA;
PE;523.9
PA;418.1
MA;471.0
ES;
RJ;
CE;
BA;533.0
RN;579.3
PE;407.4
SP;615.6
RN;643.3
MA;779.0
MS;392.4
PE;373.9
GO;502.5
BA;419.7
PE;447.6
ES;
PA;453.9
GO;371.0
MG;
BA;445.2
DF;707.3
PA;552.3
ES;580.6
CE;374.3
AL;483.0
SC;413.8
DF;404.9
PA;817.0
MG;795.9
PR;470.5
BA;632.4
MG;407.5
PI;
SC;544.2
PR;476.3
SP;702.5
MG;738.9
GO;402.5
SE;576.5
MG;424.0
PA;408.2
MG;618.7
BA;
PI;608.1
RS;531.1
ES;641.7
CE;805.4
PB;571.4
PB;703.2
PR;731.4
MT;
SP;642.6
BA;626.7
MT;
SP;719.7
RS;487.5
CE;392.2
GO;536.9
PA;558.2
RJ;411.0
CE;685.9
CE;
BA;498.5
GO;438.9
MG;877.7
RJ;638.7
BA;
BA;494.1
MG;401.9
RS;
RJ;726.0
SC;691.8
RJ;760.9
PA;
CE;
PA;608.0
PE;423.7
PI;668.3
RS;503.8
PI;684.9
MA;
RN;600.7
SP;
AL;
GO;555.2
MG;412.4
ES;708.6
MG;558.2
MG;606.0
BA;424.7
MG;764.3
PR;503.5
SP;485.2
RN;780.5
SP;669.3
MG;668.1
PE;
GO;749.1
BA;508.6
MA;661.1
PA;434.1
DF;496.3
CE;473.5
MG;525.6
SP;565.6
PE;387.1
BA;547.0
BA;369.9
SP;620.7
SP;501.5
ES;509.1
CE;441.4
CE;
CE;615.1
MG;525.0
TO;536.4
RS;644.9
PB;374.0
CE;
CE;411.4
PI;613.5
BA;512.1
MG;662.5
RN;
MG;
PE;546.0
PI;373.0
BA;535.2
RO;
SP;485.2
PE;
BA;
PR;440.1
GO;560.9
CE;375.9
PR;630.5
GO;488.4
GO;726.0
PI;406.8
SP;
SE;417.4
SP;
CE;
GO;700.9
CE;
BA;378.2
MA;491.2
PE;518.0
BA;380.2
SP;
MS;747.3
PA;520.8
PE;429.8
ES;596.7
MG;528.2
AL;517.0
AL;
GO;
SP;
PE;784.5
RS;763.4
GO;491.6
CE;
MT;439.2
AM;395.7
PI;668.9
RN;572.5
GO;467.3
BA;
MA;760.2
PI;567.6
BA;616.7
PR;514.3
MA;
SP;394.5
GO;740.5
PE;455.2
BA;716.3
CE;
AM;418.9
PA;496.9
PB;
BA;
RN;655.5
PE;640.6
MG;455.2
PI;630.1
TO;602.7
MA;475.4
AC;559.0
PE;562.1
MG;
PA;525.9
SP;605.7
RJ;682.8
MG;841.2
SP;618.6
BA;386.7
BA;466.1
RJ;675.7
PA;564.6
PE;431.0
GO;579.6
PI;640.0
BA;
RJ;418.8
GO;491.3
CE;487.4
GO;
AM;456.9
PB;
ES;
CE;457.5
PE;398.9
BA;554.6
PR;683.1
SE;513.6
RS;573.7
GO;446.7
PI;460.5
PB;
PE;880.4
SC;492.7
TO;663.6
RN;
BA;496.8
RS;664.5
RS;615.7
DF;624.4
SP;
GO;424.2
PE;447.2
MG;523.4
PB;792.9
PI;562.6
SP;560.9
RN;538.6
PB;422.2
MG;485.4
RJ;636.2
SC;
RJ;539.6
RO;
MA;475.0
RJ;691.9
BA;486.9
RJ;609.7
SP;525.0
MG;570.8
CE;
PA;453.6
SP;545.8
BA;442.5
BA;
SP;636.4
PI;524.2
SE;466.9
PE;
SP;501.0
MG;497.5
MG;658.3
RJ;478.0
MG;686.9
RS;640.8
SE;422.8
RS;399.5
BA;392.8
RJ;443.4
BA;
GO;697.0
ES;616.1
SP;647.5
PB;428.3
MG;617.0
GO;520.1
ES;611.4
CE;471.9
RJ;
PA;703.6
SP;580.7
MA;455.5
PB;
RJ;670.0
PB;647.7
SP;
SP;665.8
MA;574.6
AP;
CE;447.2
AL;494.6
MG;
BA;389.6
TO;472.4
PE;406.0
SP;450.3
RJ;493.4
CE;369.7
SP;
BA;591.4
SP;459.0
MT;683.2
GO;405.2
CE;604.1
RJ;
BA;637.6
PI;571.8
CE;378.2
SP;490.8
RS;580.3
PA;656.6
SP;582.4
MA;
CE;427.4
MG;472.5
MA;
AM;461.6
CE;647.5
GO;829.8
MA;583.6
SP;477.1
PB;623.3
ES;
PI;403.9
CE;402.8
CE;731.0
SP;
BA;
MG;505.4
PE;713.2
GO;
SP;495.9
SP;399.7
PB;643.8
DF;
RN;401.8
SE;
PI;556.5
GO;
RJ;436.1
PB;658.9
PA;431.8
RJ;506.0
SP;627.0
MT;
RJ;429.6
GO;763.5
AM;528.0
PI;606.1
PB;367.0
BA;
SP;
MG;
GO;383.3
CE;478.0
RS;498.0
RN;459.7
BA;
PR;523.1
RJ;
SP;760.7
SC;752.3
ES;595.9
SP;644.4
PA;448.1
PB;463.5
PR;823.1
SE;514.1
PE;
PA;
AC;477.7
MA;466.2
RJ;505.0
PA;
PB;384.1
RJ;741.6
MA;742.0
BA;433.9
CE;413.8
PA;550.2
BA;472.3
MT;504.5
PR;
BA;468.1
BA;385.7
MA;402.3
RJ;717.4
CE;
BA;586.9
MA;
PA;607.3
RJ;
PE;457.6
BA;410.5
AP;373.5
PI;
SP;
GO;
GO;
MA;
MG;
GO;438.4
MG;484.5
RN;372.6
BA;597.3
CE;615.7
SE;614.0
SE;593.9
MG;521.6
GO;444.6
ES;
PB;696.0
CE;432.7
CE;
CE;377.6
MS;446.1
SP;643.4
RJ;
PE;454.2
RN;551.1
SE;447.4
RN;444.9
PA;503.0
GO;
RN;
GO;
MT;464.0
RJ;
SP;550.3
MA;434.8
MG;663.3
CE;
GO;
MG;612.4
BA;
SE;
MG;
MG;558.5
SC;
MA;616.4
MT;573.7
SP;
GO;
PE;460.1
PE;682.4
SP;396.8
MG;576.8
CE;435.8
PB;392.0
PA;622.5
BA;502.3
MA;396.8
PA;430.4
TO;406.2
BA;
RS;708.1
CE;
SP;570.3
MS;486.0
RJ;504.8
RJ;426.1
SP;397.5
MG;606.8
BA;561.3
GO;686.4
TO;
TO;395.6
SP;675.9
CE;563.9
CE;542.8
TO;488.0
PI;388.4
PE;476.5
BA;465.7
RJ;657.5
SC;520.8
MA;
CE;392.2
PA;
ES;431.5
CE;483.2
GO;515.7
PI;619.0
BA;597.5
RN;397.0
AL;733.0
MG;416.6
PI;682.6
MG;647.1
TO;
MA;474.5
SE;448.5
RJ;521.1
PB;
CE;531.7
MA;
PE;831.8
GO;493.0
SP;728.8
MG;603.5
RS;434.7
CE;480.4
SP;428.2
RS;518.2
MA;
CE;625.9
ES;442.3
CE;406.4
BA;654.8
BA;
PE;498.8
AC;447.1
PA;461.5
TO;468.7
SE;486.8
PB;
SP;
GO;462.6
SP;611.7
GO;597.6
SP;692.3
GO;
PE;
PR;490.4
MA;
GO;
BA;
MG;555.1
GO;
SE;539.1
GO;434.1
MG;542.3
SC;539.1
PR;844.3
MG;462.4
RJ;685.3
BA;418.9
AM;604.8
MG;768.6
RJ;
SC;373.5
BA;
RJ;533.6
PR;
MT;519.3
MG;664.9
SP;
SP;
BA;590.4
PB;829.2
RS;
MG;448.4
RJ;510.8
CE;545.8
RJ;400.8
RS;429.1
GO;431.3
PE;396.0
PA;
BA;
RJ;589.8
RO;
BA;515.6
PB;704.1
MG;587.4
PE;621.0
PE;562.2
RJ;535.3
BA;450.1
MG;561.0
RS;674.2
CE;
CE;629.8
SC;427.1
GO;
BA;
RN;552.0
MA;757.0
PE;374.4
AL;442.6
CE;421.6
MT;
AM;601.5
BA;439.9
PE;574.4
MG;536.9
MA;536.3
PE;562.6
PE;786.4
PE;629.6
RN;457.0
ES;421.6
SP;
MT;
MS;482.0
GO;609.3
PB;
PR;684.4
GO;
MG;621.2
RJ;541.7
RJ;640.4
SP;887.9
RS;414.3
BA;643.3
BA;
RS;822.2
MG;568.7
CE;769.4
MG;
RJ;376.8
MG;483.8
PE;802.3
PI;449.0
MG;457.1
RN;428.3
MG;620.2
SP;480.4
PA;
MA;568.1
CE;413.4
RN;
RS;651.2
AL;521.2
RJ;
PE;463.6
SP;644.9
TO;
MS;
MG;408.1
BA;562.9
RJ;
RJ;403.7
PB;472.6
MG;640.8
RO;
RN;
CE;408.1
PE;
SP;549.5
PE;444.9
RJ;537.8
RJ;
PA;687.4
TO;551.0
PB;409.6
BA;412.9
RS;
RJ;429.0
RJ;708.8
RS;756.5
GO;
PA;387.1
RS;479.6
GO;
MA;453.7
BA;420.3
GO;386.9
SP;625.5
CE;710.3
PA;530.8
GO;
PI;453.9
PR;590.5
RS;733.9
MG;
GO;504.9
PA;
BA;511.3
SE;
BA;436.0
PI;530.6
MG;610.1
BA;397.7
DF;
ES;
RO;
MG;680.9
RJ;830.4
SC;703.8
CE;
SP;659.4
PA;
PE;
BA;361.9
CE;478.2
MA;406.8
SP;513.6
SP;666.2
SP;
MT;570.0
MG;
PI;538.2
DF;
MG;
AP;424.0
GO;525.1
GO;
PE;403.3
PB;424.0
CE;657.1
MG;499.7
MG;527.7
AP;483.0
BA;615.1
AL;
CE;431.0
MA;
MG;487.7
DF;
BA;523.5
RJ;
GO;439.9
CE;437.4
MA;
PE;677.9
AL;436.3
PA;671.5
GO;557.1
PE;808.5
MT;495.5
PI;651.9
MG;650.3
GO;
PA;643.4
BA;
ES;527.2
PE;
SC;
GO;726.5
MG;499.9
BA;454.7
PB;418.4
PE;
PA;458.6
TO;
BA;652.3
AL;489.7
PA;394.1
PE;495.0
GO;510.0
BA;398.6
PI;
GO;423.8
ES;633.3
RS;738.0
SP;478.5
BA;
RJ;644.8
CE;439.2
PE;529.7
CE;381.3
PE;
GO;531.8
GO;419.1
ES;432.5
BA;675.0
SP;720.1
PA;715.4
CE;463.6
BA;561.1
GO;402.2
BA;
RJ;
RN;843.4
GO;451.2
SP;782.4
BA;
BA;464.3
SE;581.0
PB;495.7
MG;407.7
PB;636.2
PR;667.9
AP;
RN;417.9
PA;384.3
PR;586.0
MG;627.3
MG;486.8
SP;
PA;498.7
PB;457.5
MS;545.4
PA;
MS;
PR;434.2
SC;791.1
CE;665.6
MT;528.8
DF;
PB;420.3
SP;944.1
GO;465.4
MG;632.3
PE;386.9
GO;468.0
MA;730.3
AL;386.4
BA;441.7
RJ;
DF;736.1
SE;
RN;460.5
CE;760.0
SP;
GO;
BA;630.8
MG;412.5
RJ;529.0
RJ;438.3
GO;576.4
ES;866.6
RN;513.0
BA;428.5
BA;509.3
RJ;
BA;
ES;
SP;518.5
MA;485.8
PE;456.3
SC;398.4
AL;512.5
PB;464.0
RJ;485.3
MG;671.5
MT;530.4
MT;661.4
RJ;414.9
PI;857.1
MA;617.9
MS;481.1
MA;399.6
AM;
MS;457.8
ES;765.2
RJ;
MA;472.8
MG;545.8
GO;
BA;491.5
RJ;461.5
MT;703.8
SP;437.3
RS;513.8
CE;382.1
PR;530.9
SP;
CE;652.1
PA;429.7
ES;608.7
ES;434.0
PA;456.5
PE;420.3
RS;512.3
SP;768.6
SP;456.6
PI;469.6
MA;521.4
PI;452.3
BA;
RJ;
RJ;521.7
PA;467.3
PI;
AL;
RJ;
PI;603.7
BA;397.3
RJ;649.6
RN;439.1
RJ;387.2
PA;411.3
PR;761.5
BA;469.7
BA;396.8
MA;457.4
BA;
CE;416.7
CE;483.3
DF;571.7
CE;
RJ;408.9
SE;479.3
RJ;597.8
RJ;
PI;378.9
MA;444.9
DF;
DF;737.9
PB;683.3
TO;
PE;394.9
GO;435.7
PE;459.9
CE;490.1
BA;388.1
CE;
BA;546.5
RO;725.8
CE;411.1
SE;479.0
PR;389.3
RJ;573.2
SP;
PE;530.3
PE;572.1
PA;545.4
GO;
PA;483.3
CE;427.6
SP;405.8
SC;674.4
MA;380.2
PR;411.9
BA;523.7
SP;799.2
BA;437.6
RJ;410.0
CE;
BA;478.8
MA;484.1
MA;576.3
PE;425.6
AM;
RS;
SP;453.1
SP;757.7
CE;474.1
MG;665.0
MA;449.5
PA;448.5
AP;
SP;491.7
PB;538.0
GO;
PI;457.0
SP;480.3
MG;511.9
DF;381.3
PE;586.7
GO;508.7
SP;645.3
BA;
GO;492.4
BA;458.9
RS;480.1
PE;388.6
DF;504.3
GO;380.8
RJ;661.3
RO;
GO;440.1
MG;412.4
SP;756.1
SP;691.2
MG;704.7
GO;793.8
BA;494.3
MG;
BA;645.3
MG;
SC;
PI;453.3
MG;567.6
PA;
AP;548.1
MG;479.3
GO;637.2
CE;538.3
PE;
RS;388.2
PB;
RJ;
SE;493.6
MG;575.0
PE;598.2
ES;384.5
DF;
SP;672.1
SP;456.4
PE;451.0
MA;
CE;
MA;654.9
MT;
MA;584.3
GO;533.4
SP;
MT;463.8
MG;469.5
BA;
CE;716.1
MG;579.7
SC;646.0
MG;464.5
RS;581.7
PI;393.8
CE;513.6
BA;601.8
ES;588.7
MG;551.9
BA;525.7
CE;587.9
DF;503.0
MT;869.5
SP;758.8
MA;
GO;514.4
RJ;564.5
RN;670.7
MG;
GO;766.1
MG;424.0
MG;456.8
BA;
SP;
RJ;398.5
CE;
SP;803.8
GO;
PI;698.3
PE;651.9
RN;685.6
RN;482.3
CE;473.0
BA;
CE;455.3
RJ;489.6
BA;423.6
RJ;523.9
BA;527.2
PE;617.5
BA;519.7
TO;608.3
RS;535.1
PA;
MT;
BA;480.3
MG;419.5
PR;632.3
PE;658.6
SP;665.8
MG;668.9
AL;445.8
PI;650.0
SP;
CE;696.4
BA;498.5
GO;
TO;425.9
RS;616.1
RJ;542.6
SC;429.2
BA;463.7
PB;402.3
RO;434.7
MG;689.3
SP;457.6
MG;675.7
MS;760.2
RN;443.7
RS;547.7
BA;592.8
PE;739.4
PA;633.5
CE;451.9
MG;
SP;463.2
SP;
AL;
SP;737.0
SP;569.5
PA;449.6
RJ;752.0
PA;
BA;512.5
MA;515.6
MA;481.5
PI;483.2
MG;648.4
GO;
RN;497.7
SP;514.3
CE;426.7
RJ;
BA;492.5
CE;388.0
PA;532.3
TO;385.6
PA;554.9
CE;426.8
SC;518.0
CE;
CE;586.4
MS;
SP;430.4
PR;
MG;578.6
MT;556.8
AP;497.6
BA;555.5
CE;647.7
RS;
MA;613.7
AL;486.8
BA;425.1
MG;
CE;363.6
BA;775.8
SP;680.6
AC;585.7
MG;712.8
CE;444.1
CE;516.9
PB;426.8
BA;570.2
GO;422.0
DF;411.6
MA;
SP;470.5
RN;409.4
MA;
BA;577.9
SP;
PE;
SP;686.3
SP;407.0
ES;568.0
SC;
RJ;470.6
CE;482.6
AM;
CE;612.8
PE;
SP;500.8
MG;767.7
GO;491.8
PR;
CE;589.5
RS;
CE;479.1
SP;423.4
PR;614.0
MG;447.5
GO;491.4
BA;615.3
PR;
RN;
BA;
DF;454.7
PA;494.4
RS;
MG;623.0
SP;744.4
MG;436.2
PR;702.7
SP;585.0
PB;391.1
RS;
PA;501.8
GO;561.9
SP;
PR;558.9
BA;446.1
MA;409.7
PB;401.1
GO;385.8
RJ;572.4
BA;394.3
MA;
MG;
GO;
GO;537.8
RS;410.1
PA;461.6
AM;435.8
MG;511.4
PA;
SC;727.3
CE;615.3
SP;460.6
PE;530.0
GO;
CE;626.3
BA;
AP;411.3
MA;518.1
CE;602.3
CE;429.9
MG;538.0
MG;358.1
RS;443.4
GO;402.2
MG;801.2
AL;503.3
AL;714.7
RJ;422.7
CE;483.1
BA;544.1
PB;
BA;411.9
ES;
PE;554.7
CE;491.1
CE;
CE;605.4
PR;
PR;509.3
RJ;472.3
GO;590.9
SP;
GO;377.3
PB;
AC;519.9
BA;394.4
GO;562.0
TO;616.6
PI;516.8
CE;543.7
PE;
PE;
GO;455.1
BA;408.4
SP;720.1
CE;452.3
SC;
BA;440.7
RN;
PE;549.3
RS;726.8
RS;665.1
ES;
DF;686.8
MT;412.9
BA;409.6
BA;574.0
PE;409.1
BA;519.9
CE;613.7
CE;539.6
AL;476.2
SP;498.9
BA;
BA;
DF;
ES;460.5
SP;
PI;
MA;388.2
CE;
MG;626.5
PE;375.7
CE;
PE;429.5
PA;567.9
RN;
PR;498.0
AM;388.9
SP;
CE;419.3
MA;547.0
PR;532.5
GO;464.9
BA;474.7
PR;516.3
MG;535.5
AL;
SP;453.6
MA;662.6
BA;651.5
DF;455.2
RS;473.0
PB;445.9
MG;506.5
BA;563.1
DF;
DF;
BA;400.5
PE;416.3
BA;456.5
PA;444.6
BA;421.8
CE;415.2
BA;383.9
SP;590.4
CE;645.6
MG;
MT;429.6
PE;358.8
BA;406.9
BA;495.6
BA;526.3
SP;698.0
MG;628.1
BA;431.1
GO;521.1
CE;472.0
MG;691.9
BA;570.3
GO;413.3
BA;558.5
SP;632.6
PR;413.4
RJ;428.6
BA;553.8
BA;671.3
RO;465.4
SP;418.8
CE;736.7
PE;430.8
DF;548.1
AL;596.6
GO;577.2
GO;644.9
PB;492.8
SP;674.3
SC;
PI;
PE;539.9
SP;663.3
ES;454.2
BA;703.8
PE;
PR;518.9
MG;410.9
SP;
PR;
CE;632.3
PB;838.3
SE;426.9
BA;544.5
PB;
BA;665.8
BA;
BA;505.2
MG;531.9
CE;554.3
SP;
BA;592.6
PB;381.7
MG;
PI;753.8
SP;673.4
AP;767.2
MS;374.2
SP;405.6
SP;455.3
SP;474.7
RN;583.1
MT;414.1
BA;567.5
SP;496.7
PE;668.8
MA;598.2
PB;840.8
MA;470.9
RS;468.5
ES;433.9
AM;547.0
RS;574.7
SP;
MA;554.2
RJ;613.4
SP;735.1
BA;402.7
GO;
CE;476.0
CE;504.7
MG;
RJ;585.2
RJ;624.2
PA;398.1
AL;
MG;
GO;642.6
BA;426.1
MG;
MG;676.0
RJ;
PR;588.5
GO;480.2
PI;471.2
PR;552.3
BA;416.8
PE;
BA;483.3
SP;776.1
PR;487.0
ES;674.8
SP;494.9
PE;459.1
RN;826.4
MS;380.5
SP;
BA;421.4
GO;
PR;
CE;430.9
CE;
RJ;524.2
MS;471.2
DF;475.3
GO;439.2
RO;
SC;759.2
SP;536.0
PI;472.1
SP;
GO;398.2
MG;445.0
MG;
RJ;428.7
BA;481.9
MA;396.3
CE;685.4
TO;439.4
RN;727.9
AM;
PR;
PA;728.3
SP;475.8
MA;
ES;495.9
MG;500.0
MG;
GO;436.8
SC;453.8
MG;465.3
SP;
SC;482.3
CE;398.7
CE;
SP;565.4
SP;622.3
PE;492.2
RS;469.7
CE;
SP;556.3
BA;
PE;533.4
SP;632.7
PR;396.7
MG;614.8
PE;
GO;486.0
SP;578.6
RS;592.8
MG;481.2
GO;411.4
BA;600.1
PE;587.7
PA;449.0
PE;432.7
GO;
RN;
PA;428.8
MG;
PE;
MG;486.7
GO;429.0
RS;
PB;417.6
PE;400.2
GO;527.3
GO;584.7
RJ;570.5
CE;651.6
GO;410.6
MG;573.1
RJ;488.5
RJ;571.6
RN;604.4
PI;648.1
BA;
SP;657.7
MG;437.1
RS;
BA;566.4
SC;389.8
BA;
MG;490.4
PR;
AL;464.1
CE;388.3
PR;485.2
RN;784.5
BA;
BA;408.6
RN;
CE;468.0
CE;883.5
RS;
DF;460.9
AL;
CE;536.5
MG;589.3
PE;
RN;475.1
PA;
RO;660.9
RJ;506.5
PE;478.2
BA;534.5
GO;
MG;511.4
BA;493.4
PI;420.8
RO;
GO;565.5
PA;
RJ;
BA;490.6
GO;431.6
RJ;635.9
RS;
BA;361.6
CE;513.5
SP;
PI;420.8
CE;
BA;729.6
AM;428.6
PE;
SP;720.5
PA;384.5
PB;650.0
GO;436.3
PI;660.7
PA;591.3
MA;463.7
BA;559.2
MG;848.7
SP;534.6
GO;
PB;642.6
SP;
RJ;797.2
RS;653.6
RS;
MG;490.2
RR;687.1
SP;538.3
MG;556.9
RJ;
RN;
BA;446.9
CE;489.5
AM;
SP;656.2
AL;425.7
GO;734.7
GO;
PE;389.2
CE;
CE;665.5
PR;597.9
CE;400.6
SP;455.9
RN;782.0
AL;
AP;586.6
BA;485.3
TO;
PI;393.8
SP;450.0
MG;475.5
TO;826.1
CE;589.4
PR;
CE;
MT;
PE;
CE;
PB;467.4
PA;502.0
PA;436.9
CE;460.6
SP;436.5
PA;499.0
PE;574.6
CE;465.8
PE;568.9
GO;495.4
GO;528.7
BA;488.4
SC;667.9
BA;517.6
BA;633.9
RJ;
RS;560.8
SP;
MA;715.6
MG;729.0
PA;374.8
RN;484.5
SP;464.3
CE;654.3
ES;473.6
BA;
PE;
GO;536.8
BA;420.2
PA;654.3
RJ;801.7
BA;
PR;466.4
CE;830.7
PI;
RJ;498.0
PE;
PE;
MG;867.0
RS;407.4
PE;
MG;468.1
MG;674.2
CE;359.3
CE;537.2
CE;
ES;530.0
PA;614.7
RN;
PE;624.4
MS;532.0
PA;408.4
RO;
PE;
PA;426.7
RJ;786.4
PE;451.1
GO;613.3
BA;
CE;445.0
CE;491.4
CE;452.8
MG;719.4
RS;496.9
MG;697.3
PA;505.6
SE;566.3
SP;668.1
BA;587.5
CE;423.4
CE;498.6
PI;470.0
CE;376.1
MG;
MS;452.2
PI;463.8
GO;479.0
CE;
RJ;748.8
SP;
PB;595.1
MT;427.8
MG;825.2
SP;
SC;382.9
GO;432.9
SP;794.2
PA;694.3
CE;595.6
MG;799.4
PI;647.7
GO;
GO;395.5
BA;396.1
GO;605.6
AL;
PA;
RS;641.4
TO;
PA;589.6
CE;544.4
PR;
BA;693.0
MA;493.1
CE;641.3
MG;473.0
MG;
MA;431.9
BA;
RJ;648.2
SP;702.7
MG;781.0
AM;
GO;420.7
GO;524.6
RJ;456.5
BA;398.5
RJ;
ES;757.4
PE;594.3
SP;774.6
RJ;448.6
RS;699.4
RJ;436.6
RJ;
CE;
CE;794.7
PI;478.4
SE;491.4
CE;
SP;539.9
RJ;
CE;407.4
MA;444.2
PB;565.5
PA;591.8
PI;539.2
BA;469.4
CE;
PB;411.6
SP;665.0
BA;422.1
PE;610.3
RN;412.6
BA;406.4
BA;
BA;671.3
MG;845.6
SP;621.9
MA;
GO;
CE;715.4
BA;534.8
BA;458.3
DF;
PA;551.7
GO;409.9
PR;492.8
CE;564.8
CE;520.7
CE;419.8
PB;478.5
RJ;
BA;452.2
RS;
PR;650.4
TO;484.5
PA;383.4
MG;546.9
MG;613.3
GO;658.4
BA;622.7
SP;593.6
RS;646.6
BA;408.0
PE;478.6
GO;415.0
SC;507.3
BA;423.3
CE;443.0
PB;546.4
PE;
SP;
ES;
CE;479.5
CE;640.5
TO;400.7
CE;
MG;532.3
PE;516.9
BA;
CE;680.6
PE;711.9
PE;563.1
AM;457.6
PB;
MG;
CE;628.6
PI;
ES;
CE;659.4
PB;558.9
SC;
RN;449.1
RJ;527.5
GO;
SP;646.6
RJ;583.2
RJ;441.8
SP;525.4
SP;
MA;
CE;731.9
PE;415.9
PE;555.9
PA;705.2
MA;
DF;545.0
PE;491.9
PR;460.6
CE;457.3
CE;620.9
DF;603.6
RN;493.0
SE;423.9
PA;380.5
SP;519.8
MG;399.0
BA;
RS;691.0
RS;551.2
BA;427.3
GO;565.6
SP;490.1
GO;401.0
SP;
MG;519.4
BA;420.4
PA;447.7
RS;631.8
BA;715.9
RO;411.5
RJ;452.8
DF;420.8
RJ;
PB;
PB;
CE;525.7
MG;643.1
DF;387.2
GO;
GO;
SE;528.6
SE;
TO;603.5
SP;724.7
ES;648.9
SP;572.0
SP;491.7
SC;701.7
PB;495.2
CE;427.1
RS;737.8
RN;579.1
CE;489.0
TO;402.5
DF;636.7
BA;
BA;526.8
MG;478.0
BA;514.8
PA;
SP;662.0
CE;572.2
MG;
BA;
PI;
GO;402.1
PE;
SE;460.4
SE;
RS;
TO;
CE;483.6
SP;535.6
CE;473.9
PA;494.9
MG;676.3
BA;611.0
PI;
SP;674.8
CE;418.7
MG;665.3
PI;446.7
SC;517.8
BA;402.7
MA;547.7
PA;447.5
PA;438.8
CE;506.5
MG;770.9
MA;431.4
RJ;822.0
MG;567.3
MG;822.5
RJ;
RN;548.7
GO;414.9
MA;709.8
RJ;683.2
PA;
SE;397.7
PI;410.4
MG;483.8
MG;626.4
GO;
BA;
MT;539.0
CE;
PE;
PR;392.6
PA;581.8
PA;
TO;587.5
PR;534.3
PA;
MA;442.1
BA;539.9
RJ;449.8
PB;617.0
PE;613.8
AL;728.2
BA;721.8
PR;563.2
SP;572.1
ES;409.9
MG;498.9
MG;425.4
AM;431.3
RJ;509.4
BA;
SP;698.1
MG;724.2
RJ;615.8
SE;480.2
BA;486.0
PE;606.3
BA;672.9
RJ;
MA;421.8
BA;429.2
RN;474.1
RS;796.7
PE;464.3
PE;409.7
SP;
PR;435.6
PB;
BA;406.1
CE;
SP;
TO;427.8
RS;455.9
PR;550.6
PA;403.6
MG;
CE;682.5
PR;742.0
PI;471.1
CE;449.0
SP;595.6
CE;405.0
PE;810.1
GO;737.0
SP;581.6
BA;426.6
PE;404.1
CE;836.7
BA;
ES;363.8
RN;509.5
GO;
GO;395.4
PA;535.6
GO;523.7
AM;
RJ;675.1
BA;
RJ;
MS;748.8
MG;423.1
BA;
CE;506.3
PE;396.2
BA;
PI;394.3
MT;
MG;
MA;475.0
RS;
GO;666.4
PB;685.5
CE;417.9
MA;776.5
PA;
MG;384.4
RN;497.1
RJ;405.8
MT;512.1
MG;518.8
PB;757.4
SE;516.2
PR;531.7
ES;557.3
BA;401.0
PE;439.3
RS;407.8
CE;554.9
PA;
RJ;414.1
MG;
MG;414.2
PE;532.4
SP;495.6
CE;487.1
PA;
RJ;
RS;391.0
RS;
MG;471.9
RJ;414.0
MG;679.1
RJ;595.0
CE;540.7
CE;
MG;586.5
MT;
GO;602.2
DF;635.2
PB;507.6
PR;433.9
BA;397.9
BA;
MG;518.4
MS;883.4
MG;634.0
MA;617.9
PI;431.2
SP;
PE;
PR;456.5
SP;598.5
CE;
ES;720.0
MG;650.8
PR;
RJ;699.3
MA;394.9
PE;458.1
BA;
MT;
RJ;
RJ;484.1
CE;444.8
PE;569.5
MG;688.8
MA;538.2
SC;588.3
AM;558.7
MG;547.9
PE;577.4
CE;594.3
MG;439.7
CE;468.6
RJ;670.4
SP;534.2
MG;655.8
MT;634.2
SP;412.7
PE;478.0
DF;507.0
CE;808.6
SP;724.9
CE;543.7
BA;395.6
MG;632.7
MS;
SP;
SP;653.6
RN;414.7
GO;433.3
RJ;424.8
AM;638.1
CE;492.1
MT;
MA;561.6
GO;475.3
CE;425.2
GO;563.6
RS;457.5
MG;436.3
PA;424.1
PA;446.2
CE;765.9
CE;646.5
PB;
RN;542.9
PA;580.3
SP;520.2
MA;459.6
PE;483.7
GO;464.4
CE;
CE;442.3
SP;496.4
PA;
RN;607.2
PE;488.5
GO;440.0
SP;722.8
PE;
MG;557.2
SP;558.6
MS;508.0
PA;625.9
PR;662.5
SE;541.7
RJ;436.9
PB;408.0
CE;505.8
PA;452.3
PE;521.4
SP;
PA;
MA;625.8
PE;583.1
RJ;511.9
RJ;574.5
GO;427.4
GO;387.5
SP;695.8
RN;
MG;
PE;
SC;
GO;758.3
CE;510.0
BA;479.9
PI;521.9
BA;726.0
RJ;
GO;430.9
BA;431.3
GO;
DF;530.9
PI;497.4
GO;
RJ;689.6
RJ;529.6
PR;620.0
BA;428.6
MA;424.5
SP;495.2
BA;474.9
GO;570.3
PE;425.1
BA;379.6
RN;482.0
BA;449.4
GO;
MG;528.6
MA;386.7
RJ;574.9
PA;502.6
MG;445.6
GO;649.6
CE;544.3
GO;377.4
MG;
PB;459.9
BA;436.4
RN;375.8
PI;
PE;419.7
BA;496.9
PA;583.3
PI;
RJ;433.6
CE;
SP;438.5
MG;
MG;521.0
GO;429.2
CE;429.3
MA;479.8
CE;
SP;411.8
PE;584.9
PE;641.9
CE;
PE;387.6
PB;
SP;828.2
CE;546.3
PB;
BA;619.1
RJ;561.1
BA;435.8
MG;654.3
BA;497.7
MA;
SE;460.8
SE;368.1
SP;492.2
BA;508.0
AL;505.1
BA;598.0
SE;544.0
GO;484.0
PA;
RN;488.3
MG;454.0
CE;434.6
RO;704.0
RJ;654.3
BA;
PE;451.7
MT;857.4
GO;
PE;471.9
SC;460.7
MG;406.1
MA;
SP;418.6
SP;448.7
PR;731.0
MA;459.9
RJ;717.9
CE;
RS;676.8
PE;627.0
PR;385.8
ES;583.4
BA;
PB;439.8
MG;721.6
CE;418.0
PB;687.1
BA;490.3
AL;395.7
CE;
DF;569.4
CE;
RJ;563.0
MG;772.5
PA;375.3
RN;414.3
RJ;
PA;
MG;
RS;507.9
SP;460.5
RN;
MG;
RS;612.0
PI;
SP;
MG;477.1
SP;544.1
MG;547.0
PE;847.1
BA;
CE;634.1
CE;406.4
RS;392.5
RJ;757.1
BA;
BA;435.7
RJ;592.6
RS;528.8
PA;456.8
PA;516.4
RJ;521.7
MT;452.3
RJ;420.6
ES;389.5
SC;386.2
MS;519.8
PR;
GO;
PA;535.4
RS;458.4
SP;511.7
RS;681.2
PA;
CE;
SP;566.1
RS;
PB;736.3
RS;
RS;
RS;607.9
MG;740.9
CE;
PA;555.0
PA;455.2
CE;669.4
BA;474.9
CE;642.6
RN;668.4
BA;581.3
RJ;
PB;
MG;
RS;722.9
MG;646.1
DF;602.7
CE;629.0
SP;481.9
PB;535.2
MG;832.5
SE;
GO;462.7
PA;454.4
RS;677.4
RJ;499.8
BA;422.8
PE;819.7
PE;735.1
BA;460.7
PA;460.1
CE;715.2
GO;
RJ;651.0
BA;465.5
CE;459.7
MG;630.3
SP;505.9
BA;
MG;743.5
MA;548.2
CE;
BA;473.1
MT;435.6
PE;437.9
MS;
MG;
RJ;444.1
SP;539.2
AM;
SP;454.9
PB;697.4
MG;476.2
MG;466.6
PE;665.1
BA;705.3
GO;407.5
MG;781.8
CE;
SP;646.5
RJ;581.0
CE;425.6
RJ;
CE;440.6
SP;
RN;632.0
CE;414.9
PB;431.0
MA;418.0
GO;430.5
PB;572.9
CE;671.3
RJ;
CE;539.7
GO;559.9
CE;638.0
PA;532.9
GO;400.5
PI;
RJ;
RJ;545.4
AM;
GO;447.4
RS;705.5
BA;620.0
PR;459.9
AM;443.7
GO;396.9
RJ;
RO;548.7
PR;507.0
MS;
PR;649.6
BA;615.1
PE;447.2
MG;484.7
PB;588.8
PR;412.5
SE;504.8
MA;666.1
PA;417.4
CE;472.0
BA;653.0
GO;
MA;367.5
RS;470.4
CE;723.1
TO;707.5
RJ;587.2
MG;
RJ;673.2
CE;
PB;
MG;901.8
AL;
BA;
PR;511.4
PR;573.2
ES;613.4
SP;801.6
PA;449.1
RN;642.2
RS;799.2
PR;533.2
MA;493.7
CE;
PE;487.1
PR;
MG;474.2
BA;521.1
SP;535.5
MA;808.8
SP;380.8
GO;445.1
PE;380.3
GO;520.3
MG;459.7
SE;492.8
MA;564.4
PE;591.3
SP;628.4
PB;485.2
MT;683.0
RS;372.8
ES;600.1
CE;844.5
PI;451.8
CE;412.3
SP;542.7
RS;623.7
GO;703.9
ES;
BA;420.7
PA;643.5
CE;411.8
SP;533.2
BA;707.3
PB;453.3
MG;620.5
SP;621.8
CE;645.2
MG;
BA;664.5
PI;590.1
MA;581.7
RO;
RJ;588.4
MA;451.6
PR;
PI;447.6
MG;
RJ;531.1
RJ;414.8
RS;652.7
SE;
SP;526.0
SP;754.9
PA;385.5
CE;398.0
SP;622.6
PA;506.0
BA;
CE;616.8
RN;586.5
BA;409.7
CE;480.6
MA;526.0
BA;546.8
MG;483.0
ES;
SP;
PB;433.8
PB;568.2
RN;434.7
PE;590.9
RN;420.7
ES;468.1
CE;557.7
MG;427.9
BA;
MT;584.8
PB;753.3
PR;652.5
PB;380.5
CE;695.6
SP;676.8
RN;575.9
RJ;497.3
PB;426.4
RS;460.6
GO;437.4
MG;619.4
CE;582.2
MS;490.3
MG;
PB;380.5
CE;583.2
PE;459.2
PE;432.5
BA;515.8
BA;648.7
CE;438.2
PA;561.8
MG;439.0
PB;580.2
CE;
MT;577.6
BA;774.7
MS;442.0
SE;449.6
MG;645.7
BA;394.2
BA;
GO;594.2
PE;626.2
CE;433.1
RJ;474.4
PR;410.2
GO;554.0
PB;722.2
SP;715.8
GO;440.5
GO;580.1
GO;
MA;387.4
RJ;410.9
PE;573.9
SP;482.5
MA;592.1
BA;566.2
PA;
CE;518.6
BA;406.9
BA;604.6
MG;675.8
MG;734.8
MG;458.3
GO;449.8
RS;427.6
MG;478.0
SE;566.1
BA;499.0
RJ;655.2
GO;453.2
RJ;494.3
SC;519.2
RJ;
BA;467.3
MT;422.7
MG;489.8
SE;551.5
BA;
PA;392.1
MG;781.3
PE;
CE;426.7
RJ;450.1
PA;
SP;525.3
SP;
CE;428.1
PA;
RS;649.7
PA;437.3
MG;
PE;569.0
RJ;
BA;496.9
PA;412.4
MG;
ES;
SP;485.4
PE;658.4
RJ;615.0
MT;455.8
MG;722.2
MG;673.7
BA;
RS;
RN;564.6
MG;540.0
MG;485.3
MG;735.5
AP;519.3
CE;503.6
MS;555.7
MG;376.5
BA;564.6
RN;407.7
PE;529.8
PA;
SP;608.5
SP;403.3
BA;611.4
RJ;
MG;604.8
SP;400.0
SP;
MG;494.4
RO;596.7
SP;393.8
GO;
CE;386.2
MS;
RS;617.9
MG;402.7
SP;649.7
RJ;713.5
PA;636.9
TO;433.0
MA;
CE;561.8
MT;391.6
SP;496.1
MG;691.4
CE;450.4
PI;663.6
SC;536.2
RJ;406.9
RN;492.5
GO;
BA;502.4
PI;410.3
MG;705.9
MA;
MG;
CE;615.1
CE;468.5
SP;536.8
SP;603.0
PB;403.3
TO;
GO;406.6
MT;724.1
RN;679.6
CE;
PE;617.5
SP;
PB;
RJ;540.0
GO;
CE;766.3
MA;440.2
SP;709.3
PB;555.9
DF;505.7
MG;552.8
DF;
PA;403.8
MG;630.5
CE;459.6
RJ;555.9
PI;599.6
AM;702.6
PR;545.7
PB;466.6
RO;517.6
PE;630.9
RJ;370.7
ES;587.2
RS;707.0
RR;582.2
CE;443.4
PR;566.2
AL;
RJ;769.4
CE;580.7
RS;511.7
BA;529.2
MG;
BA;
PI;514.5
MA;
CE;503.4
PR;
SP;728.1
RJ;430.8
PR;642.6
CE;598.3
RS;502.7
ES;750.2
PR;621.9
AL;369.9
DF;670.6
MG;456.7
PI;525.6
CE;788.5
CE;662.0
PE;
PR;535.1
DF;650.9
CE;436.3
MA;442.9
CE;465.5
DF;
BA;469.8
PE;504.2
RJ;593.0
RJ;503.0
CE;411.7
MG;652.8
PB;
PB;407.7
PA;509.2
RS;653.1
CE;
SP;696.4
PE;410.6
CE;363.9
MS;393.9
SP;453.9
SE;540.6
MG;655.1
RJ;780.2
SP;553.7
RJ;
MA;401.3
SP;592.5
GO;421.2
CE;
MG;897.0
RJ;661.0
BA;460.9
MG;556.3
PB;424.7
CE;776.6
RJ;
BA;395.1
BA;477.4
PB;649.9
CE;
MA;388.9
SP;501.1
RN;499.2
RJ;
AL;524.7
GO;669.6
GO;541.5
BA;654.3
PA;556.5
PA;424.8
GO;
MG;
RJ;
MA;749.1
MG;728.6
RN;500.7
GO;
SP;
RJ;405.2
CE;536.4
CE;584.4
AM;485.6
BA;673.7
BA;388.0
RJ;
SP;
SC;
AL;388.9
CE;707.8
PE;
SP;516.0
BA;395.7
MG;472.6
ES;417.8
CE;435.0
SP;555.2
PA;418.4
RS;
PE;663.4
GO;471.0
MT;386.3
MA;
RN;480.2
RS;392.3
BA;513.7
SP;586.0
MG;
CE;445.3
MT;
SE;589.4
SP;482.3
GO;
PI;611.5
RS;564.9
CE;535.5
PE;
MA;
PA;422.9
BA;585.8
PB;632.0
CE;
PB;
RJ;419.8
RN;404.3
AP;511.9
MT;482.9
RN;574.7
PI;361.2
MA;426.2
CE;418.6
PE;591.0
GO;562.7
RS;415.6
SP;489.8
CE;442.9
SP;602.6
MA;386.7
RN;556.7
MA;411.0
RJ;655.4
PB;
MG;
BA;692.0
PA;371.4
SP;454.3
PE;562.4
MS;
GO;580.7
RJ;462.8
PR;505.4
GO;569.6
RN;453.8
PE;
CE;642.1
GO;632.1
RJ;672.9
CE;405.5
MG;779.3
CE;469.0
MG;534.6
RJ;482.5
PE;417.6
CE;
AM;
RS;712.7
PR;
PR;628.3
MG;748.9
ES;461.0
DF;
SP;426.1
BA;472.0
CE;474.0
BA;
BA;619.6
BA;
PR;
PE;454.4
MG;
CE;
RJ;466.2
PB;561.2
CE;453.6
PE;521.0
MA;470.6
PE;568.7
GO;695.8
PR;
PR;
SE;364.4
RN;476.5
SP;564.7
PB;401.0
SC;376.9
MA;380.0
PE;453.3
BA;388.9
PA;651.4
AL;645.2
RJ;
MG;468.1
GO;388.8
RS;506.6
CE;447.5
AL;
RS;
MA;403.5
PI;
PA;550.1
CE;518.5
PE;
MG;714.8
PA;504.6
PA;394.0
BA;482.5
RJ;
SP;379.1
PA;474.8
CE;
CE;392.7
GO;
PE;427.2
MG;559.1
SP;618.0
SE;411.4
MG;517.8
SP;
RN;467.5
PE;
GO;
PB;431.5
PA;
SC;
DF;543.4
CE;568.2
MA;481.4
SE;632.9
CE;468.2
RJ;
BA;704.2
PB;
RO;
PB;438.6
RJ;
RO;492.3
PI;698.2
MG;604.5
RJ;758.9
GO;552.7
RS;795.2
MA;548.9
MG;
PE;641.9
AC;391.7
BA;593.7
SC;627.2
CE;
MA;
RN;666.8
MG;397.2
ES;428.8
PI;386.8
MG;572.5
MG;531.7
CE;468.6
MS;423.5
CE;
PA;539.7
GO;511.9
GO;458.3
MA;372.5
GO;
SE;682.7
MT;502.5
PI;442.7
GO;413.5
RS;635.5
PA;551.5
RN;451.2
MG;422.4
GO;
RS;479.0
RJ;527.1
AL;520.4
ES;
GO;
MA;575.1
RJ;594.7
PR;
PE;398.6
RJ;683.1
MA;455.8
SC;696.7
PR;
RJ;
RJ;
BA;404.5
SE;689.1
BA;
RJ;701.2
CE;518.0
SE;540.5
CE;659.3
BA;
PE;
SP;675.1
SP;430.3
MG;596.8
MG;709.6
PE;395.0
PA;
GO;591.2
CE;408.6
DF;717.1
RJ;711.0
RS;579.0
MG;663.1
DF;653.3
ES;487.8
MA;
PI;564.8
MG;731.9
PA;387.2
PB;544.1
SP;904.2
SE;387.2
PE;427.4
MT;435.1
CE;438.0
CE;504.4
PA;451.6
RS;681.1
PB;520.2
CE;577.5
CE;
PB;530.7
AP;650.7
PA;417.0
PA;462.9
AP;452.3
PE;758.4
PA;403.6
CE;
MG;465.8
AP;484.4
PI;587.8
CE;419.8
BA;
RJ;404.7
CE;678.7
CE;
MA;606.9
MG;444.3
PA;463.2
GO;398.7
BA;480.9
PE;433.8
MA;396.8
MT;
SP;631.2
BA;460.6
PE;495.6
BA;456.2
BA;
PI;375.5
RN;398.8
CE;355.7
PR;487.4
MA;557.9
AP;
CE;374.5
PA;
RJ;519.3
RJ;561.5
MA;524.7
PB;571.9
GO;
SC;445.6
GO;609.2
PB;
CE;
PA;
RN;428.3
SC;759.6
PE;
CE;589.5
BA;420.7
PB;505.8
SP;573.6
PB;466.4
PI;557.9
GO;388.5
PR;435.2
BA;
PI;
RJ;502.4
SP;813.8
ES;606.1
MG;
RN;465.5
BA;710.2
GO;
CE;638.0
PE;559.5
CE;396.2
SP;537.6
MG;654.4
SE;
RJ;
SP;
RJ;449.8
PI;367.1
SC;600.6
CE;440.1
PE;
CE;653.3
RJ;516.9
SP;
RJ;
SP;
RJ;
SP;646.9
AL;542.2
PA;
SP;
RJ;503.7
RJ;
MG;546.3
PR;
BA;382.0
RS;478.2
RJ;
RJ;406.7
GO;
PE;489.6
PB;490.5
RN;533.9
ES;478.5
BA;447.9
AP;
RN;686.2
GO;528.6
GO;
PE;562.2
PE;459.4
SP;611.1
CE;468.1
MA;
PE;
PA;479.5
CE;590.8
GO;694.4
BA;
GO;463.2
RN;
RJ;
SC;598.1
RJ;407.0
BA;
SP;778.0
SP;747.2
ES;
MA;
PA;531.3
MG;784.2
PE;510.3
GO;539.5
MG;384.8
RJ;625.1
RN;461.0
MG;444.6
MG;
SE;543.7
SP;454.7
SP;693.5
SC;469.3
MA;
MG;646.3
DF;406.4
PE;568.8
SE;471.4
CE;541.5
RN;795.0
CE;
RN;
BA;501.2
CE;505.0
RJ;416.8
SE;529.5
PE;409.9
MA;482.8
SP;527.1
CE;392.7
CE;410.6
RJ;604.7
PR;
PE;452.0
RJ;548.0
RJ;508.1
AL;594.4
CE;565.2
RJ;473.5
SP;
PA;416.2
PR;446.0
PB;525.0
TO;402.3
ES;523.4
BA;594.5
MA;497.8
BA;728.2
SP;
MA;
SP;
PI;511.3
MA;424.1
AC;771.1
SP;702.8
PE;599.2
PI;574.3
GO;514.4
MG;824.2
SC;608.4
DF;
AL;
PA;
PB;604.1
PA;421.6
MG;382.2
PE;394.2
GO;612.2
GO;515.9
BA;452.2
SP;648.6
MA;506.0
MG;575.5
MA;381.2
BA;
CE;
GO;592.6
PA;
PA;722.9
GO;439.8
PA;410.7
GO;416.2
PE;529.3
SP;487.1
MG;
PB;536.8
MG;419.4
DF;
RJ;546.0
BA;
CE;496.5
AM;
PR;417.9
PR;
PE;438.4
BA;
SP;791.5
RN;414.3
TO;
MG;412.0
SP;455.3
MG;502.3
BA;522.6
CE;477.0
GO;376.9
PA;465.7
BA;
SP;
BA;420.1
SP;617.3
PA;438.8
MG;640.4
AL;371.8
PE;
PE;
PA;421.7
SP;516.8
AL;731.9
BA;480.8
PE;411.8
PB;
PB;500.9
ES;521.0
RJ;511.2
PB;620.4
BA;
RS;627.3
SP;578.1
CE;483.4
DF;703.4
GO;
PE;
CE;646.1
PA;388.1
CE;416.8
PR;446.4
PI;491.4
GO;404.9
CE;630.5
SP;546.5
MG;819.0
MA;
RN;494.1
BA;498.0
MA;
CE;
CE;690.4
PB;408.5
CE;
BA;501.5
RJ;514.9
PB;621.5
MG;569.9
SP;
PE;523.9
ES;779.8
SE;480.1
SE;
PI;441.6
MA;380.6
GO;
SE;
PB;429.5
ES;749.5
PE;454.6
MA;433.6
CE;387.5
SP;586.0
AM;468.2
MG;583.6
PA;457.0
MG;510.4
CE;
PI;536.4
AL;376.0
AL;612.0
PA;
RJ;696.9
RJ;425.0
PR;460.4
GO;650.4
PE;557.2
ES;785.2
MG;690.5
SE;638.2
RN;552.2
PA;426.1
PE;430.7
RN;
DF;502.3
SP;
CE;411.2
PE;394.1
PB;361.7
PB;
PI;531.8
RR;
PR;495.9
BA;
MA;442.4
PE;794.3
CE;539.6
AM;726.0
MG;662.3
AP;
MG;699.1
AL;423.2
CE;625.7
BA;500.6
SC;
ES;612.5
DF;639.4
PR;427.5
SP;
SP;480.2
BA;
MA;587.7
RJ;482.2
MA;454.1
BA;454.7
SP;524.2
MA;473.6
MT;543.0
SP;
GO;712.8
PA;454.8
SP;429.6
MA;407.6
GO;433.8
SE;479.0
PR;495.1
PE;543.3
MT;
MG;444.5
PE;625.2
DF;
RJ;655.6
PI;
PE;
PE;
BA;
RJ;512.4
BA;
CE;425.7
PR;703.4
GO;432.8
ES;388.0
TO;697.5
BA;385.2
RJ;
PA;444.4
PA;461.6
RS;
PI;508.3
GO;452.2
ES;371.7
GO;
CE;
RJ;
PI;776.2
GO;684.2
BA;687.9
PE;417.7
CE;
PE;367.7
MG;687.5
PI;
MG;753.6
MG;
SP;
MA;468.2
BA;572.4
RN;482.7
GO;
SP;654.5
RJ;
MG;471.8
GO;440.8
CE;437.7
GO;655.6
PE;
BA;376.9
MA;
ES;
MA;
MG;513.6
PE;652.2
SE;595.5
PE;456.1
MA;624.5
PB;468.7
RN;
BA;725.9
SP;496.7
SP;440.6
PR;673.3
SP;
BA;
MA;522.2
RS;
SP;502.8
DF;377.7
MG;415.0
SE;
BA;
SP;625.3
MA;492.0
GO;601.2
SE;499.4
MG;474.4
SC;660.5
PB;530.8
SP;
SC;
AM;446.9
MG;
MT;
MT;474.5
PR;
RJ;391.0
PB;690.2
GO;552.1
CE;
PA;535.3
RJ;656.8
PE;408.3
MG;499.1
MG;438.4
MG;515.1
PR;
MG;512.3
MS;400.3
CE;528.0
RS;602.2
CE;494.8
SE;453.1
SP;764.5
PE;400.0
BA;
DF;527.4
PE;474.9
RJ;532.7
MA;419.1
MG;451.1
MG;547.0
PB;394.2
CE;
PE;
SP;480.1
BA;
SP;
PE;473.0
SP;
SC;561.3
RJ;594.7
RJ;623.1
GO;715.2
SP;448.6
GO;437.1
RN;639.8
SP;604.8
PA;623.1
AP;
GO;
SP;498.5
GO;
MG;446.4
PE;402.2
DF;839.2
PR;410.2
BA;444.8
MG;449.3
GO;
PB;416.8
SP;464.1
MT;568.9
RS;391.4
BA;436.3
BA;478.7
SP;
PR;513.3
AC;
SP;665.8
RJ;444.2
PA;
BA;493.9
CE;570.6
PA;443.8
SP;548.9
AL;826.3
GO;419.8
PI;470.8
BA;552.5
SP;
GO;486.2
AL;488.3
PR;
BA;
SC;492.2
PI;
SP;609.5
GO;582.3
PR;656.9
CE;586.6
CE;518.5
GO;531.9
BA;
CE;521.2
MG;
BA;
DF;504.8
RS;418.3
RN;498.7
AM;426.5
MA;432.6
CE;389.8
TO;577.5
MG;694.9
GO;
MG;
PR;489.2
SP;417.8
CE;580.1
GO;666.6
SP;633.7
RN;465.6
BA;706.1
RS;
MG;678.6
PB;704.2
RS;516.4
DF;
AM;444.0
SP;457.1
CE;386.0
BA;512.7
BA;449.0
CE;424.9
MA;373.0
MA;603.6
PA;496.4
PB;424.5
PR;499.6
PE;436.3
MG;669.7
SC;472.6
SP;
CE;708.5
PR;619.2
BA;
AM;460.4
PA;757.6
MG;460.9
SP;676.7
PA;
SP;
CE;
SC;387.0
CE;446.8
CE;451.7
MG;556.6
SE;410.8
PR;415.9
BA;530.0
CE;
MG;642.3
MA;430.5
GO;524.5
RS;480.1
GO;450.3
PA;464.3
PB;
CE;521.9
RN;638.5
MG;615.7
MG;816.2
AM;
SC;585.3
RJ;498.1
PI;528.4
SP;653.7
MG;689.3
MA;702.9
CE;
RN;712.6
SP;400.1
MA;428.5
BA;404.0
SP;565.7
PB;483.6
PB;512.5
PA;
CE;385.2
BA;
SP;
CE;796.5
PE;739.7
PE;698.6
PA;703.2
PE;433.3
TO;392.1
PA;406.0
SP;791.6
PA;545.4
CE;501.6
CE;383.6
GO;652.3
CE;447.2
BA;372.7
MG;430.0
SP;547.1
BA;421.0
SP;650.5
RJ;668.6
CE;430.9
SP;
MA;
BA;558.9
RN;490.6
SP;377.2
CE;753.3
GO;
AP;401.8
PE;391.7
GO;464.7
MA;537.9
PA;576.0
AM;403.6
PR;608.0
BA;406.2
MG;495.8
PE;565.0
AC;409.2
PA;575.2
GO;520.6
AL;528.9
PA;381.9
MG;687.4
SE;454.5
SP;
RN;491.4
SE;741.0
PA;
RS;738.4
BA;407.0
BA;808.8
RS;504.3
PE;660.9
PR;585.7
RJ;562.7
SP;
RJ;721.2
RS;501.9
MA;572.0
MS;606.2
PE;537.6
RJ;456.2
BA;467.7
RN;474.6
PE;664.6
GO;
PA;
GO;437.1
SP;
BA;700.6
SP;550.9
BA;460.6
SP;354.8
PE;597.9
MS;568.6
PI;461.1
PE;
PA;517.0
PI;436.9
PE;
GO;551.1
RO;568.3
MG;514.3
CE;583.6
AL;650.5
PA;403.4
BA;401.5
SE;483.1
BA;652.1
PB;
CE;639.9
SP;664.7
BA;587.3
MT;603.9
AM;538.2
RJ;539.8
RJ;
AM;
RJ;389.0
MA;
PA;456.0
AL;648.7
PE;380.3
GO;539.4
RS;640.2
BA;
CE;
PE;407.4
CE;569.0
BA;477.4
SP;534.3
PE;553.2
RJ;
CE;524.4
SP;546.4
CE;400.7
SP;472.5
RN;
DF;600.2
SP;549.5
RJ;410.7
PA;432.9
PE;433.6
SP;699.9
PE;471.0
RJ;429.1
RJ;742.1
ES;625.1
PE;494.8
MG;616.5
CE;468.2
PB;463.4
MT;551.1
MA;521.4
SE;
RJ;463.4
GO;372.7
CE;452.6
RJ;475.6
PA;531.8
MA;652.1
AM;418.2
GO;745.7
RJ;636.5
SP;
RJ;
DF;659.2
SP;761.9
SC;767.0
MG;773.6
MG;429.6
TO;563.9
MT;482.6
PA;414.7
BA;594.3
RJ;577.5
BA;592.7
PE;389.9
PE;
PA;
GO;377.9
MG;683.1
RJ;615.7
MT;438.4
BA;476.3
SP;442.8
PE;
SP;436.5
PR;
ES;
ES;694.0
SP;518.7
ES;
MA;454.3
RO;
SP;529.5
PB;395.6
CE;610.2
PB;627.8
GO;648.5
PA;543.6
CE;479.5
SP;664.2
CE;
GO;362.7
SP;601.3
RJ;
RN;429.9
BA;560.4
SP;629.1
PA;443.0
MT;428.1
GO;432.3
RN;614.1
MG;520.9
RO;585.7
CE;689.0
MG;828.3
CE;493.0
SE;411.2
RJ;
GO;511.9
GO;
SP;
CE;407.2
MG;386.6
TO;378.0
RJ;387.2
DF;463.3
PI;658.4
RS;744.7
AL;720.9
MA;
GO;551.9
SP;402.7
SP;
BA;
AL;518.6
BA;544.1
RS;465.5
PA;595.4
AM;601.3
BA;654.9
GO;647.9
MG;391.9
BA;
DF;450.6
DF;467.3
CE;
MA;652.9
BA;666.6
BA;375.7
PR;641.0
SP;620.3
SP;731.3
ES;532.7
MG;672.4
PE;457.7
MG;439.2
BA;417.8
GO;476.8
MT;
RS;598.6
PE;441.1
SP;539.5
MG;478.3
BA;759.8
CE;543.0
DF;526.2
PA;691.9
RN;627.3
RN;623.3
CE;489.8
BA;498.8
PR;445.6
CE;757.1
PB;674.6
PR;476.3
SC;542.8
BA;
GO;
BA;492.9
RJ;614.6
PB;763.4
CE;423.0
BA;
PE;701.8
MG;395.7
CE;448.3
PA;542.7
PR;586.3
CE;
PR;
CE;432.0
CE;558.7
SP;495.3
RJ;458.1
PI;
PB;509.2
DF;602.6
MS;503.8
BA;619.0
MA;549.1
PE;485.2
CE;408.3
BA;404.9
SP;757.6
SP;611.9
SP;738.1
PE;599.2
MG;
CE;495.7
GO;
SP;620.2
PE;427.2
GO;464.8
MA;438.2
CE;614.8
BA;
AP;
GO;544.5
PE;622.7
MG;560.6
RJ;376.9
SP;477.4
BA;704.9
CE;381.9
RN;
RO;446.3
CE;394.5
PI;378.2
SP;613.5
SP;580.7
PB;489.0
MA;479.7
RJ;433.0
GO;543.5
PA;
RJ;
PA;568.5
MG;484.1
SP;457.1
RJ;494.0
PR;552.2
CE;495.1
SP;498.1
MG;431.2
PE;546.5
SP;574.4
PE;
GO;857.2
PE;477.0
BA;571.7
MG;468.3
RJ;380.1
ES;403.1
PE;447.6
GO;441.3
SP;
BA;551.0
PR;441.7
SP;502.7
BA;370.1
SC;502.8
PA;493.5
PR;451.6
PE;562.9
TO;
DF;
PR;455.7
RJ;
MG;512.5
RO;488.0
CE;500.7
PA;428.1
CE;394.4
BA;452.3
PE;520.8
GO;420.8
PR;509.3
SP;
PE;554.0
PB;
GO;538.8
SP;440.9
BA;475.8
PB;683.2
MA;
SP;692.0
MG;671.7
SP;650.2
BA;545.1
PA;443.1
PI;509.9
MA;
PE;449.8
RN;419.6
CE;407.1
MA;
PB;500.4
BA;607.8
PA;386.0
PE;642.6
RJ;469.4
GO;
MG;410.9
BA;373.8
CE;526.0
GO;427.0
SC;654.1
BA;
RJ;568.9
RS;435.9
RN;
CE;571.4
MG;
PE;486.8
RN;522.2
CE;
BA;
MG;579.2
RS;617.5
MG;801.8
PA;565.2
DF;776.8
RJ;
GO;560.7
PA;547.6
DF;439.0
GO;428.3
PE;
PI;381.5
GO;501.5
SP;582.5
BA;514.4
PE;648.0
ES;
SP;
MG;419.2
AM;415.9
BA;
SC;502.1
PB;
BA;
PA;516.9
SP;556.3
CE;
CE;423.0
GO;717.9
CE;547.6
RJ;387.6
SP;
TO;645.5
RJ;639.4
MG;402.3
PE;619.7
SC;420.1
BA;
MS;
BA;584.2
SP;563.5
PB;
CE;511.9
MG;563.2
MS;
PE;757.8
MG;734.4
RN;
GO;638.1
CE;432.9
PI;668.8
MG;786.5
PB;747.8
MS;
CE;530.2
SP;683.8
SP;788.6
MG;579.6
CE;474.2
BA;466.5
SP;482.3
RS;511.1
MG;
SC;836.9
AC;401.2
MG;512.3
SP;
SP;618.5
PB;538.5
CE;848.4
PE;428.5
BA;467.9
RJ;402.3
CE;
PA;575.6
PI;737.0
GO;624.0
CE;559.3
CE;548.5
RN;594.4
PE;516.4
PE;
PI;
BA;379.3
SP;678.3
RJ;724.8
PA;
MG;569.4
CE;436.7
BA;381.4
SP;806.8
PR;619.0
CE;429.7
PR;549.0
BA;596.0
SC;648.3
MG;424.2
PB;558.8
CE;
RJ;446.4
SP;580.5
MG;
RS;
MA;414.4
PI;457.2
PI;586.2
BA;473.0
AL;600.2
RS;731.7
CE;567.9
BA;431.9
MG;610.9
RJ;478.7
SP;505.9
BA;
CE;686.7
PE;516.5
MA;450.6
PA;
PE;553.4
GO;
SP;692.3
MG;
RN;527.6
BA;566.5
GO;497.9
CE;429.8
PB;450.9
PA;447.5
CE;573.3
BA;383.3
MG;
BA;636.6
PA;383.0
AM;403.8
BA;599.1
GO;631.7
DF;
ES;781.7
PB;
MA;583.5
MT;623.8
RS;479.3
SP;545.0
PI;387.2
PR;
PE;
MA;643.4
PE;395.6
SP;
TO;635.6
RS;679.4
BA;394.5
BA;421.0
BA;498.0
GO;405.3
RJ;681.0
MA;
RN;464.4
MA;533.5
GO;442.3
MG;484.2
RJ;614.6
BA;502.3
GO;
SP;627.9
RJ;468.8
BA;619.6
BA;732.6
RJ;
RJ;
MG;555.9
PA;569.6
AC;442.1
CE;413.9
CE;422.5
SP;672.5
MS;682.7
SE;749.3
MG;507.7
PI;437.3
MG;
BA;686.9
CE;649.2
PR;559.9
PI;842.1
AM;491.6
BA;465.2
PA;
MG;406.0
BA;454.5
MA;627.7
PE;673.9
PI;455.5
PR;
PE;628.5
MG;619.9
BA;457.7
SP;503.6
PI;
ES;416.3
PI;666.6
RN;574.0
PR;480.9
PE;
AL;506.1
MG;737.4
PR;489.3
RJ;493.9
BA;482.1
GO;523.4
DF;
CE;500.9
ES;487.1
RS;
CE;689.5
PI;484.8
CE;
CE;
RJ;514.6
SC;662.8
SP;
RJ;580.7
SP;764.3
SE;455.0
PR;583.7
PE;461.5
BA;608.4
MG;656.4
PA;501.4
CE;396.1
SP;454.8
BA;
SE;
CE;381.2
RN;430.0
SP;454.1
MA;602.6
RJ;548.0
RS;567.0
PE;614.3
MG;757.0
SP;466.1
CE;615.6
GO;704.1
PA;543.1
PE;476.6
MA;
MG;800.5
PR;575.0
GO;
MG;635.9
CE;613.7
CE;413.2
BA;
RJ;
CE;550.9
CE;549.1
AM;464.7
DF;541.8
MA;
RJ;490.1
SP;448.9
AM;595.8
BA;411.3
PI;455.6
CE;573.3
PE;592.6
ES;369.0
PB;487.8
SP;417.9
PA;539.3
SP;443.5
MG;435.4
RJ;378.7
AM;
BA;443.7
DF;
MA;514.0
PA;
AM;
SP;645.7
SP;486.7
RS;
PA;690.2
CE;451.7
CE;
RS;440.7
PE;
RN;587.7
CE;
MA;414.9
RJ;739.7
PA;
CE;
PE;571.3
MG;664.0
SC;402.3
PI;741.4
RN;
MA;468.1
BA;537.3
PE;675.3
MG;670.2
RS;626.0
PB;532.6
CE;662.1
PR;
ES;488.7
GO;731.2
CE;503.7
CE;
CE;377.0
BA;639.0
PE;
SC;444.3
RS;459.4
GO;496.5
MG;493.2
RJ;592.2
SP;
MG;441.9
PI;424.0
SP;690.8
GO;417.7
BA;594.0
PA;464.2
SP;575.4
CE;
RJ;
AM;813.5
MA;426.2
SE;644.2
RJ;492.0
AL;395.8
PR;607.8
DF;499.6
SP;700.1
SP;641.4
SC;735.9
PE;635.7
CE;
RJ;881.8
PB;736.3
PE;
RN;456.5
ES;517.7
PI;533.4
MG;760.4
BA;631.0
RS;505.9
CE;393.7
RJ;647.4
AL;
MG;452.2
PA;457.3
MA;480.4
PA;470.2
CE;602.2
PB;
AM;
PB;724.8
MG;689.4
RJ;479.3
CE;412.0
CE;479.8
SP;410.4
PA;455.0
CE;
PA;549.6
SP;755.1
ES;495.6
RS;491.8
SP;556.7
BA;537.9
MG;
PE;622.7
PA;639.4
PI;
RS;478.2
SP;487.0
AL;392.5
MG;
CE;432.5
BA;
ES;385.6
MS;
BA;
BA;657.8
AL;
GO;623.9
CE;625.2
SE;730.1
RJ;409.5
SP;766.6
MG;628.8
MG;399.6
DF;679.4
CE;394.8
CE;521.0
RN;570.9
PA;
SP;700.0
BA;426.4
AL;607.3
RS;579.0
MT;666.0
BA;671.5
CE;
RJ;
MA;498.1
GO;395.9
MG;
GO;460.5
RN;682.7
DF;
PA;402.1
RJ;503.1
MG;497.7
PE;554.1
CE;
PI;446.9
CE;538.6
MA;
PI;450.1
SC;
ES;624.8
GO;664.6
GO;449.1
MA;
BA;565.5
PE;612.5
CE;
RS;461.4
CE;575.6
SP;498.2
CE;570.4
BA;377.3
RJ;
MG;418.6
BA;
MG;486.8
MT;769.7
MG;554.4
GO;356.7
CE;644.6
PE;591.6
MG;681.2
GO;627.9
CE;
MS;586.5
RJ;
GO;
RS;460.8
RJ;431.4
SP;668.2
RN;504.4
BA;421.5
SP;
MG;796.0
MG;
RO;417.0
MG;589.7
MA;
RJ;
BA;
AL;
PI;
SE;500.0
GO;440.0
RN;568.5
BA;377.7
SP;526.0
PE;651.6
BA;438.7
RJ;642.9
SE;
PB;485.2
CE;417.1
CE;599.0
PR;
AL;532.9
GO;
TO;
MT;
PR;838.5
RJ;
PI;506.2
PA;675.3
AL;566.0
CE;535.1
MG;
MG;432.4
BA;394.3
MT;496.6
MG;721.6
CE;
RJ;782.0
RS;434.1
SP;473.2
CE;449.8
RJ;567.6
MS;460.5
MT;457.5
PI;371.4
PB;545.1
MA;
PA;605.1
BA;414.2
PE;706.6
MG;
SP;778.2
PE;
RJ;460.7
RN;499.2
CE;
MS;486.0
GO;556.8
CE;703.3
CE;520.3
GO;402.5
PR;453.1
DF;486.1
GO;
BA;
RN;654.3
RJ;
BA;
GO;471.2
TO;
CE;618.5
AL;496.9
MG;750.0
DF;428.9
PE;723.2
SP;737.5
AP;411.9
GO;504.6
CE;575.0
MG;423.7
CE;
PB;892.8
PE;424.4
RJ;449.8
MG;
MG;432.1
GO;
MG;445.1
BA;
GO;
MA;431.0
CE;556.9
RN;565.4
GO;390.8
MG;548.9
BA;403.9
SP;558.6
SP;649.0
BA;451.4
PI;436.1
MA;464.4
MG;
RN;726.1
ES;561.7
GO;644.4
PI;562.0
SP;
RJ;695.1
PB;441.6
PI;
BA;415.8
SP;524.4
RN;490.3
RS;398.0
RS;621.4
MG;549.8
RJ;
BA;
PE;673.4
GO;
GO;450.9
MG;495.7
MG;
BA;471.2
RN;436.3
RS;
PA;
MG;650.3
PR;435.9
GO;468.2
SP;806.0
RJ;533.1
PA;681.0
AL;652.0
SC;648.1
BA;
PI;748.4
CE;627.6
BA;
AL;
RS;
RJ;817.9
ES;729.7
RS;617.4
RS;694.9
BA;
RJ;555.7
PI;606.0
TO;
BA;
CE;458.9
BA;477.4
CE;421.8
ES;
MG;
ES;548.6
PA;423.5
BA;577.3
PB;
PR;529.6
CE;583.1
PE;412.9
MG;370.9
CE;
CE;650.7
GO;
SP;532.9
PA;469.0
MT;746.3
CE;
SP;541.1
DF;
PA;656.4
PR;
SP;
PA;
RJ;505.4
RN;439.6
BA;431.2
CE;700.2
PI;
TO;630.0
PA;
PE;485.9
MG;
PA;459.1
SC;622.8
PE;613.5
CE;639.4
ES;721.3
PA;573.7
CE;431.2
PA;
GO;
CE;546.1
AM;
AM;696.7
CE;596.4
SP;
PA;471.7
PA;
RS;672.3
BA;487.5
PR;
ES;540.7
CE;471.4
SP;561.2
CE;
RJ;641.9
SP;501.8
CE;685.7
BA;600.4
BA;451.4
CE;513.9
PB;756.8
MG;766.0
MA;383.2
PA;473.8
MA;
ES;361.2
CE;
RN;726.8
CE;450.2
MG;598.3
MG;611.6
PR;507.0
CE;645.7
PA;617.7
TO;439.8
PE;
RS;433.9
RJ;759.9
PE;387.5
MG;
PE;429.8
BA;479.9
MG;
SP;480.1
SP;525.2
RS;
RJ;685.1
MG;646.5
MG;726.3
MT;428.5
MA;450.9
SC;497.1
RN;518.4
PI;395.9
PR;563.0
RJ;696.5
RN;670.9
SE;419.8
SP;574.4
PE;420.9
DF;704.8
RJ;471.9
RN;
PE;635.6
CE;435.2
RN;434.2
MG;630.2
CE;
MT;
SP;401.7
SP;414.2
PA;459.3
PI;
RJ;497.2
SP;748.1
MG;
TO;578.7
PA;383.4
MG;638.8
MG;568.1
PE;
MG;731.2
MT;583.2
SE;428.1
PA;507.4
MG;419.5
BA;512.7
CE;559.3
BA;
PI;
TO;470.5
RN;661.8
RJ;471.1
PB;397.6
BA;474.6
ES;823.5
CE;413.1
SC;545.9
RJ;623.3
MG;403.4
RS;664.6
SE;
MA;609.2
GO;413.5
RS;656.7
PI;421.7
ES;
PR;619.0
CE;
SP;621.4
GO;
PR;740.9
PE;715.7
GO;504.7
PA;424.1
MG;504.7
RS;429.3
MG;520.2
BA;517.6
BA;573.5
BA;479.3
GO;
SP;651.1
SC;
PR;596.6
RJ;513.9
RS;494.6
RS;875.5
GO;512.5
PE;479.2
PE;510.6
GO;409.5
RJ;420.6
SP;501.8
PE;468.8
AL;485.0
TO;387.5
PI;
PE;759.5
SP;524.4
SC;440.5
RJ;
RN;408.5
PB;
CE;544.5
CE;504.5
MG;599.8
RS;584.6
GO;
PB;379.1
BA;526.6
PB;517.0
GO;414.3
RJ;
GO;492.5
CE;
RJ;
RO;
CE;677.1
SC;416.3
RJ;545.9
SP;675.1
MG;362.9
SE;359.7
PE;487.2
ES;387.2
MG;468.0
CE;527.5
GO;510.2
PB;422.8
SE;591.9
MA;519.1
MG;484.9
SE;411.0
MT;
PA;480.0
RJ;
PR;593.6
MG;679.6
MG;718.4
PA;543.0
TO;
RO;555.8
RN;689.9
PA;
MT;457.2
CE;451.0
PB;545.6
PA;
RS;504.4
SP;425.1
GO;
MG;562.1
RJ;434.6
PE;698.2
RN;402.3
PR;399.5
RJ;
BA;
RN;583.7
BA;463.3
GO;565.2
RJ;425.4
TO;462.7
AL;420.2
PA;614.5
PA;495.2
PR;
PR;501.2
PE;394.7
PA;459.9
AL;391.7
BA;437.2
RJ;595.9
GO;624.5
RJ;461.8
DF;582.4
SP;593.1
MG;500.3
CE;496.8
BA;492.2
CE;417.1
GO;436.1
RJ;385.3
RS;607.2
MA;442.0
PB;
MG;549.0
PE;519.4
DF;
TO;647.0
MA;
MG;467.6
MG;
SP;401.9
PA;544.4
PB;508.0
PA;461.4
SP;408.3
PE;462.8
PA;
SE;408.5
BA;704.0
BA;412.2
CE;
GO;536.1
PB;
GO;671.4
SP;476.4
CE;
PR;
CE;647.2
GO;
MG;672.9
PE;
PI;552.7
SP;
SP;514.5
MG;525.0
RS;461.5
PE;603.3
GO;
RJ;
MG;533.3
RS;
PE;423.4
MG;
MT;
MA;405.1
SE;464.8
RS;
PR;474.0
MA;657.7
RS;495.9
BA;
CE;412.7
PR;421.9
BA;505.5
RS;703.5
RJ;629.5
PA;685.8
PA;472.1
SP;546.1
RJ;559.3
BA;
PB;411.0
GO;423.0
PA;
MA;385.0
ES;502.1
SP;
RS;555.9
PA;383.3
BA;665.2
MG;681.3
PR;376.5
RJ;443.9
PI;572.0
PE;548.1
SC;451.2
SP;526.9
CE;578.5
PA;640.5
GO;625.1
PE;699.9
CE;402.8
MT;632.2
DF;451.4
PB;385.5
MG;493.0
DF;555.1
GO;
GO;
PI;529.4
SE;656.5
RJ;397.8
PE;542.0
MA;472.3
MG;684.7
CE;506.2
RN;
PA;
BA;417.9
MA;
SP;487.1
PI;
BA;560.9
PB;372.8
CE;740.3
CE;676.9
RJ;658.1
PA;
PE;
MA;
MA;
GO;442.4
PB;401.8
PE;607.9
BA;600.2
SE;
PR;705.6
DF;440.2
RJ;646.5
MG;679.5
RN;362.9
CE;395.1
MA;398.3
SP;472.8
MG;669.0
MG;698.4
PR;554.1
CE;608.9
MA;391.1
CE;439.0
BA;437.9
BA;509.8
GO;563.5
CE;462.9
MG;365.9
TO;467.2
PB;460.4
CE;480.3
GO;761.3
BA;
PE;583.4
PI;673.9
SC;419.5
MG;604.7
RJ;573.5
CE;624.4
SC;561.1
MA;439.9
BA;616.6
MG;384.0
CE;804.6
SP;
RJ;
BA;663.0
RJ;
SP;446.1
PE;633.7
CE;
ES;430.1
CE;643.3
RS;456.1
MA;396.6
BA;492.4
SP;449.9
PE;721.3
PB;614.5
BA;396.8
SE;425.6
RN;477.7
PE;
PA;426.4
CE;668.5
AL;
MG;471.3
PI;487.7
SP;
RJ;
CE;713.0
RJ;418.3
MA;482.3
MG;436.9
MG;460.3
MG;735.8
PB;
MG;488.2
BA;770.9
SP;
CE;
GO;
CE;426.8
PI;382.6
SE;550.0
RJ;414.2
RJ;
CE;435.7
GO;
RS;626.8
GO;502.6
PB;423.0
SP;674.5
GO;
PE;405.6
PE;440.7
SP;474.5
AL;
CE;771.5
MG;657.6
MS;537.1
GO;514.5
MG;745.5
RN;
BA;
PA;
CE;530.8
AM;406.6
GO;437.5
BA;
MA;470.8
PI;474.3
RS;486.8
PI;569.7
SP;438.6
DF;542.5
RJ;429.2
BA;491.2
AL;
PI;774.9
RJ;511.0
RJ;467.7
BA;
BA;608.6
CE;444.7
CE;621.1
MG;772.4
GO;421.4
PE;678.8
PR;693.2
MA;
ES;578.0
MA;384.4
PA;
BA;665.5
PE;
BA;512.7
SP;494.2
TO;
BA;408.9
MA;459.1
MG;589.3
MA;455.7
MS;657.8
CE;
ES;
MG;576.5
PI;466.8
GO;657.4
PE;369.6
SC;839.8
BA;609.4
PR;583.0
RO;480.6
BA;450.8
MA;416.4
CE;479.5
BA;410.4
RJ;
SP;479.9
PB;743.1
CE;706.3
SP;
RS;383.8
CE;
AM;523.2
PR;
PI;529.5
CE;563.6
CE;450.3
MA;
RJ;607.2
RJ;447.6
PE;
SC;406.0
PR;502.7
MG;374.1
MG;618.4
PE;704.3
PE;424.1
PE;566.4
DF;417.1
MS;
AM;516.3
DF;614.7
ES;455.7
PE;
PE;759.1
MT;566.4
PA;412.4
MG;445.0
SP;
CE;440.8
BA;
AM;610.3
BA;621.2
RJ;566.0
MG;748.3
MG;684.4
CE;592.0
CE;526.5
RS;523.3
MT;
GO;662.9
BA;497.5
RS;430.7
RJ;411.6
PE;444.5
GO;431.1
MG;580.3
ES;439.8
RN;557.0
RN;639.0
RJ;505.7
SE;449.5
PA;431.0
GO;446.1
RJ;514.1
TO;489.9
SP;692.1
MT;
PI;540.4
PA;487.2
SE;503.0
PI;413.2
PB;501.1
MT;374.3
PE;
CE;395.6
RJ;
MT;
PI;651.8
MA;451.4
MG;622.8
CE;
AL;607.4
PI;453.8
ES;525.8
SE;587.4
PR;480.5
GO;473.8
MG;421.6
PA;407.1
SC;871.5
MS;539.3
PA;
SP;828.6
RJ;539.6
MA;530.4
PR;
PA;512.6
BA;481.4
MT;419.4
CE;
MT;424.2
CE;575.0
DF;531.5
RN;619.6
MS;601.6
CE;
SE;
PE;
PE;
SP;681.6
RJ;
SP;
PI;631.0
PB;
PE;
BA;436.4
PR;708.9
MG;445.8
BA;
ES;410.8
CE;
BA;536.6
MG;
GO;460.2
SP;568.8
PE;434.9
MA;410.7
RJ;548.9
MG;423.3
RJ;668.7
MA;459.2
SP;596.7
SC;542.8
PI;495.5
SC;
CE;671.4
RJ;633.1
BA;399.7
RJ;685.8
CE;
BA;472.9
RJ;659.2
PE;
GO;594.3
PE;
AM;
BA;
GO;419.9
ES;682.3
SP;668.7
SP;
MG;709.8
MG;437.6
PE;
GO;471.5
BA;
TO;
GO;
PA;446.6
PE;519.6
PA;541.8
RN;480.1
RS;
GO;422.6
SP;716.4
MS;392.9
PE;383.2
MG;712.3
PA;
BA;450.2
BA;467.9
PE;
RJ;586.4
SP;515.8
BA;473.6
MG;645.0
AL;451.6
CE;564.2
CE;615.9
MG;
BA;558.6
MG;516.7
RS;492.6
PR;
MA;624.0
MG;777.3
PR;544.9
MG;678.4
GO;561.6
BA;
RN;430.5
PB;714.8
AP;428.4
CE;
MG;
PA;
PR;404.6
DF;500.9
CE;511.0
SP;660.4
MT;426.5
ES;587.2
RJ;613.3
PR;719.7
RJ;465.5
CE;666.8
CE;541.0
GO;630.8
SC;705.9
AM;562.0
CE;588.9
PE;731.1
SP;535.5
SE;476.1
MT;
CE;406.6
MG;656.6
PR;
PB;
BA;463.1
SP;665.5
RN;739.7
CE;
PE;765.2
RS;736.7
GO;
MG;444.8
GO;465.7
PR;474.3
BA;
ES;458.7
PE;495.0
GO;722.5
BA;386.9
SE;439.5
CE;382.4
BA;375.9
MG;784.2
BA;
PB;369.1
RJ;450.9
RJ;432.3
ES;
PE;468.6
GO;
SE;
SC;
CE;483.3
SP;511.8
MT;
PE;
MA;
SP;
SP;
BA;410.7
AM;738.4
MG;693.4
CE;
SP;601.9
GO;451.5
RJ;698.1
MG;702.1
PB;476.3
SP;
ES;466.2
ES;
PI;
MG;716.2
MA;504.0
MA;
AP;
PE;425.2
PE;588.9
AL;513.0
BA;
CE;428.0
PR;484.3
PE;523.9
BA;409.4
SP;438.3
PE;
RS;
GO;
MA;395.5
RJ;
TO;408.8
PB;488.9
SP;399.8
MG;476.0
SP;508.1
SP;416.6
GO;
MG;650.1
CE;469.4
RJ;674.4
DF;602.9
DF;433.0
DF;
SP;407.9
PA;442.9
RN;
PA;739.7
CE;498.3
SE;535.6
SE;
PE;477.1
CE;
GO;388.6
SP;694.4
SE;504.6
BA;
MG;522.4
SP;395.4
RJ;
SC;376.4
PE;805.8
PE;424.9
MG;600.0
RJ;714.5
RJ;782.2
PA;559.9
MG;578.3
RJ;
BA;392.6
MG;652.9
MG;619.1
BA;467.9
PB;445.6
RN;568.8
GO;417.8
BA;424.2
MG;399.3
ES;
SP;
PE;439.1
PI;481.6
ES;536.2
SP;695.1
SP;563.3
CE;451.5
RN;444.6
BA;453.7
GO;475.7
PE;508.1
TO;559.1
SP;552.1
SP;731.0
CE;660.2
SP;596.8
MG;414.9
MA;
SP;452.7
RN;458.0
BA;529.8
CE;415.9
RS;619.6
MG;473.2
MG;576.0
PI;477.4
PE;451.0
MA;475.6
MT;458.2
AM;
SP;725.5
SP;
PB;435.7
ES;
RJ;713.9
PE;
BA;420.7
MA;412.7
RO;
AL;
RJ;517.7
SP;709.8
SP;
RJ;531.8
RS;733.1
PA;477.7
MG;610.2
PA;449.3
SE;574.4
GO;
DF;
MG;568.5
SE;477.3
PR;597.9
SP;
SP;562.6
SP;523.1
SP;466.2
PI;629.1
PB;
MG;543.6
AM;
PA;481.5
DF;
PI;442.6
MG;653.8
MG;661.9
PE;436.3
SC;
RJ;440.5
BA;544.2
CE;559.5
PR;540.1
PI;413.2
BA;604.4
DF;491.3
PI;626.9
PE;575.2
PA;501.7
PI;506.7
GO;
SP;505.4
MG;413.6
SC;518.3
MA;619.2
GO;518.6
MG;504.3
MG;457.2
RS;442.4
PI;600.7
AP;679.0
AL;
RR;558.7
CE;
CE;743.1
PE;560.0
SE;373.6
PB;508.4
MG;454.7
PA;
RJ;
PA;557.8
GO;458.5
BA;753.6
MG;471.7
MA;547.1
CE;389.3
SP;491.4
MG;760.7
SE;483.7
GO;527.8
SP;
RJ;
GO;
SP;394.1
PR;423.2
DF;650.2
MA;
ES;
BA;592.1
MT;537.9
MS;547.5
PI;852.9
MG;
MA;415.4
GO;536.1
TO;
RJ;414.4
PE;
CE;572.1
SP;883.2
RN;740.0
PI;427.0
CE;457.1
MA;
MG;542.5
CE;
MG;
RN;512.5
RJ;394.3
AP;479.1
BA;
RS;
RJ;
AM;602.9
ES;
MA;
RJ;510.7
PI;
PA;434.1
DF;
MA;410.1
MT;665.3
CE;683.1
AC;430.2
BA;647.6
CE;
SP;
PA;437.1
RJ;533.5
RO;537.2
GO;524.1
SP;445.8
BA;
RN;536.3
PB;
RS;657.7
SE;447.6
BA;
CE;379.4
SP;
PA;442.8
MA;356.6
GO;724.6
CE;
SP;629.6
BA;636.3
BA;621.6
SP;905.3
SP;415.2
SP;503.3
PA;
SC;661.5
MG;591.0
MA;
PI;511.3
BA;
PR;604.3
MA;470.4
CE;
PE;568.5
RN;
RJ;750.1
MG;604.5
BA;
SP;493.0
DF;617.5
BA;432.3
PE;
MG;634.4
CE;513.5
AL;468.1
CE;620.6
SP;
AM;451.0
GO;379.9
RR;
CE;457.5
RJ;465.6
PE;373.9
ES;462.3
PI;377.1
RN;702.5
MG;517.5
CE;733.2
CE;
RJ;493.8
PE;446.7
PI;621.3
PA;554.0
PA;432.7
MG;689.8
GO;539.4
BA;395.2
AM;457.5
AC;
GO;471.6
GO;636.2
PI;509.5
MG;631.4
ES;450.9
GO;504.5
RS;472.1
BA;674.4
RJ;
BA;454.9
BA;420.7
PB;535.8
MA;583.8
PA;507.2
BA;690.8
PA;444.7
BA;
RJ;460.1
MA;628.4
PB;395.8
RS;650.8
MA;576.1
SP;647.4
PA;406.3
MG;
CE;483.4
BA;516.3
DF;
MT;356.5
MG;
RJ;
PA;
RS;
SP;797.7
BA;388.5
CE;558.4
MA;408.3
MA;523.3
BA;512.3
SE;612.4
SP;469.2
GO;445.8
MG;528.5
CE;425.7
MT;582.3
DF;810.7
ES;379.9
MG;525.8
SE;
PR;791.5
RS;801.9
BA;490.4
PI;527.7
RJ;794.4
MG;369.2
CE;
GO;481.0
MG;763.3
SP;464.6
SP;503.0
PE;497.1
CE;784.3
BA;468.5
BA;431.6
PB;
PB;383.8
CE;412.2
MG;736.7
CE;431.6
GO;452.2
SP;718.5
GO;430.8
SP;564.0
CE;419.1
SP;421.9
SP;588.6
BA;
PB;
CE;619.8
BA;382.3
PR;500.4
AL;644.9
PI;466.5
MG;765.7
CE;
GO;
SP;598.7
BA;482.2
CE;443.9
MG;589.2
CE;677.4
MT;586.1
SC;
PE;458.7
BA;464.0
PB;538.7
PR;
MG;587.9
PI;423.8
RJ;
PR;
PE;655.5
PR;449.6
PB;369.3
CE;783.9
RJ;690.3
SP;679.1
BA;481.8
PE;506.3
BA;464.5
GO;363.8
PE;530.3
RJ;
MA;396.1
PA;718.5
PE;
MG;638.4
DF;451.0
CE;498.4
PB;379.5
CE;411.3
MG;771.7
RN;
SC;633.0
BA;645.8
BA;478.4
AM;
MG;659.4
PR;
GO;442.7
DF;408.0
RS;398.8
PE;397.1
GO;425.8
RJ;453.8
PA;400.3
GO;
GO;
RJ;
CE;467.5
RN;587.5
MG;669.8
PB;470.1
PR;609.9
BA;453.7
AM;398.5
TO;429.6
RN;669.4
DF;
GO;485.4
DF;566.2
RJ;
SE;426.2
GO;
PI;402.9
BA;
CE;446.0
CE;431.1
MG;629.4
PA;497.3
SC;681.1
BA;600.5
BA;
PB;721.6
CE;433.3
RJ;560.5
MG;618.0
RJ;
MG;689.9
MG;497.7
PA;453.1
PR;649.6
BA;459.9
RJ;474.9
PE;554.2
MG;
SC;430.3
MA;395.3
SP;550.3
BA;
PR;737.0
MG;702.9
PI;525.2
SP;431.4
RS;580.3
CE;423.4
PE;628.0
RS;417.8
BA;596.6
MG;592.5
CE;403.3
BA;
MG;573.9
SP;
CE;550.2
RN;
PB;437.0
GO;567.0
SC;616.0
PB;391.7
BA;428.8
MA;389.7
MA;539.0
PE;
PE;
GO;510.5
MA;473.1
MG;
GO;500.0
GO;
PE;708.9
SP;
PA;
MG;629.3
AC;593.7
MT;610.7
CE;641.2
CE;
AL;382.4
CE;738.9
PE;570.4
BA;522.1
ES;710.1
AM;
PA;
PE;
CE;661.3
MG;486.3
TO;431.6
BA;
PE;545.6
MG;405.3
RN;695.9
RS;
RJ;
BA;477.3
CE;500.1
RJ;
PA;427.6
MG;716.7
CE;609.1
CE;603.2
MG;618.1
MG;541.8
ES;421.1
GO;550.8
MG;720.1
PA;
RN;687.1
RS;720.7
MG;
AL;410.2
SP;419.4
MG;525.8
SP;407.9
PE;484.5
SP;829.6
SP;548.6
ES;708.4
BA;469.5
TO;482.3
GO;
RJ;404.8
RJ;408.3
MG;461.2
SC;481.9
PB;
PE;
RS;597.8
PB;440.7
PA;540.4
MG;767.2
GO;549.4
PI;389.5
BA;
BA;612.9
PA;578.9
BA;477.3
DF;591.8
BA;403.1
BA;456.6
RJ;524.5
PB;
CE;380.2
CE;437.9
TO;376.4
PR;438.6
MG;499.4
MG;537.5
SP;589.0
GO;
MT;752.4
MA;382.3
TO;447.1
CE;699.6
PE;
PA;595.6
MG;450.0
PE;651.9
RS;651.7
SC;
MA;512.8
PR;
RS;578.3
CE;
PB;438.7
SP;
SP;500.1
BA;439.1
GO;418.3
GO;460.3
MG;603.9
MG;
RS;417.0
BA;
AL;437.8
BA;699.3
RJ;
BA;
BA;396.7
BA;469.4
RS;
PE;381.4
MG;391.1
BA;552.7
CE;
CE;453.3
RN;416.7
GO;461.9
MG;444.5
PE;
GO;725.8
PE;
RN;396.2
CE;702.5
AL;447.6
BA;456.3
CE;456.8
BA;499.3
PB;463.9
PE;
GO;524.1
CE;639.0
SC;576.6
CE;495.2
GO;651.7
RJ;503.1
GO;528.6
MA;377.9
PE;388.6
CE;422.4
GO;
SP;523.5
MG;498.3
RN;583.3
CE;672.7
RS;826.9
SE;508.3
SP;669.4
CE;
MG;743.2
RN;
SP;
BA;498.8
SP;543.1
PE;635.8
PR;392.8
BA;598.5
BA;
SP;695.0
MA;584.1
CE;380.5
SP;368.3
MA;740.4
PR;392.1
PA;
PA;401.7
RS;572.2
MG;642.1
MG;455.7
MG;392.3
RN;514.1
MG;421.8
SC;525.5
RJ;477.3
MG;606.6
PE;
RJ;412.9
PI;
RN;469.9
BA;438.8
RJ;417.3
MG;664.6
CE;
DF;
MG;650.2
RN;577.6
PE;517.4
DF;521.4
MG;447.0
PB;452.3
AM;408.8
BA;514.7
RJ;385.2
GO;486.6
SP;541.5
RN;524.8
SP;516.4
RJ;399.0
SE;
AM;396.6
BA;486.7
MS;
PR;428.3
BA;
PR;
CE;
ES;449.7
GO;438.0
BA;595.0
RS;623.7
MA;423.1
SP;
GO;555.0
SE;741.0
CE;371.4
TO;407.4
RS;505.8
RS;407.8
AL;473.8
RJ;847.6
AL;648.8
BA;419.9
RN;715.6
AL;434.7
MA;472.3
GO;571.7
CE;381.2
BA;410.5
MG;
SC;
CE;473.3
PR;526.3
PB;575.0
SP;
RN;
SC;635.2
RJ;442.8
MG;874.4
PR;
MT;418.0
AM;
MG;619.9
SP;
PA;393.9
SE;643.0
PB;
CE;416.1
ES;688.4
PA;411.0
CE;410.8
MG;546.4
SP;653.9
MA;535.6
SP;470.9
PE;
SC;
MG;415.5
BA;779.1
PA;493.7
MT;539.9
CE;383.3
GO;425.0
SP;553.7
RS;
BA;358.8
MG;
MG;824.6
RN;
GO;526.8
RJ;514.1
CE;560.1
PA;601.7
MG;
CE;452.4
PR;
AP;452.0
SE;422.1
MA;411.4
PE;529.0
PR;535.2
CE;537.2
AP;690.0
MG;509.4
PA;566.8
GO;443.2
DF;569.5
BA;
MG;515.1
CE;
MA;
MT;
AL;553.8
MG;527.8
SE;485.2
CE;441.9
MA;417.4
MG;394.2
RJ;820.4
RJ;439.8
ES;
PE;531.4
SP;657.6
PA;627.8
RS;471.7
GO;788.4
MG;517.1
MG;
PR;449.0
TO;435.0
CE;648.1
SP;436.6
DF;427.3
PE;
ES;578.5
BA;421.9
PB;412.0
SP;
CE;562.6
PA;
BA;578.3
AL;519.0
MA;411.4
RN;428.0
SC;542.4
BA;501.7
GO;503.2
GO;
RS;441.9
RJ;692.9
CE;
SP;514.3
RN;453.8
DF;580.2
RN;545.2
CE;496.0
MG;867.9
SP;634.8
BA;602.9
TO;
RS;801.5
BA;
DF;439.4
SP;459.9
SP;557.3
SP;
MG;680.5
SP;625.2
MG;
MG;524.4
PI;505.8
CE;390.6
CE;453.7
GO;377.3
MG;
MG;453.0
DF;419.2
PA;613.1
BA;428.7
CE;422.6
SC;448.3
SP;417.4
SP;
MG;610.3
CE;615.3
PA;477.2
RJ;540.7
GO;379.1
BA;381.8
MG;
RJ;
SP;784.5
PA;461.0
CE;444.2
PB;
CE;516.8
CE;388.6
MG;500.5
RN;544.4
BA;584.7
PR;
ES;547.9
SC;653.9
PA;395.9
PI;537.3
PI;637.4
SP;404.2
MG;
RS;653.8
RJ;778.9
RJ;607.3
BA;373.5
RN;403.9
CE;572.5
MG;686.3
RS;438.8
RS;485.1
SP;507.5
BA;439.8
RS;655.4
SP;
PB;425.0
CE;585.4
BA;445.7
RS;433.4
MG;715.1
SP;681.4
SP;455.4
AM;
MG;590.6
GO;566.4
PR;544.9
SP;
GO;547.1
RJ;476.8
PA;419.2
CE;
SP;
PA;488.3
SE;648.4
RJ;515.9
PE;488.6
PI;463.1
PB;
ES;656.8
SP;639.4
RN;428.8
SP;455.4
BA;
SC;761.0
BA;520.7
SC;678.1
PA;527.7
SP;
SP;421.8
MS;
RN;534.3
BA;388.9
BA;428.9
RS;546.9
CE;677.7
GO;430.9
BA;777.0
CE;
GO;468.0
MG;490.0
MG;548.1
PB;539.9
RJ;
PI;633.6
DF;
PI;478.4
PA;419.0
MA;443.9
BA;603.6
MG;717.3
CE;414.6
PA;529.3
PA;416.4
RS;633.5
PE;604.2
PR;
AP;418.8
PA;457.5
BA;427.5
RJ;
DF;
BA;771.3
GO;413.7
AL;432.2
MT;407.0
MS;639.2
SP;433.8
RJ;641.9
RS;693.8
SP;615.0
RJ;707.3
RJ;422.4
CE;505.2
RJ;527.4
RS;
CE;545.0
SP;514.5
ES;555.6
ES;
GO;404.4
PA;562.2
BA;363.3
RJ;
MG;433.4
MG;423.9
SP;471.6
RJ;440.4
GO;466.5
AL;
CE;383.9
PB;394.8
CE;580.1
CE;438.1
PE;
RS;423.4
BA;566.5
PI;620.3
PE;591.7
PB;572.9
RJ;435.5
PA;401.1
SC;
MA;416.5
PB;573.6
CE;688.4
BA;563.3
CE;766.0
PA;661.6
RJ;557.0
AL;770.1
ES;838.5
RJ;489.7
MG;533.8
CE;754.2
GO;
SP;453.1
MA;484.4
RJ;390.3
BA;521.0
ES;714.0
PB;708.1
PE;584.8
PE;441.6
SP;
BA;390.6
MG;571.0
PA;643.1
RN;490.4
SP;481.5
PR;568.2
GO;712.4
PR;471.2
MG;587.1
RJ;
PI;456.8
SC;461.9
AL;426.1
PE;501.1
SP;660.4
TO;572.4
MT;536.0
TO;715.5
CE;403.0
SP;
CE;388.1
RJ;756.1
GO;
SP;
PI;807.7
SP;848.0
SE;611.3
DF;
MT;
DF;430.7
GO;386.7
RS;752.9
GO;599.0
AP;
SP;
SP;
CE;509.5
PE;419.9
PA;436.9
RJ;470.4
BA;
PA;441.3
TO;
GO;
PE;
PE;499.5
PE;574.1
PI;658.8
BA;575.1
PA;461.9
PB;441.4
MG;650.0
GO;559.1
CE;620.8
SC;758.4
RJ;440.0
BA;531.4
GO;
BA;
SE;400.3
RJ;
CE;407.3
BA;737.4
TO;429.5
MA;519.1
SP;507.2
ES;387.8
PR;
PA;487.8
PB;399.4
BA;479.8
BA;432.6
MT;483.8
SP;574.6
RJ;635.8
AM;556.4
PI;490.9
SP;
PR;428.8
MG;685.8
PR;
AP;574.2
RJ;
RJ;513.1
SP;
SP;646.2
SP;678.3
CE;492.3
MG;449.3
RS;615.1
RN;493.2
SP;576.8
CE;440.3
CE;617.7
PE;
PR;
SE;736.8
GO;
SP;
MG;405.5
MG;
PI;451.8
BA;459.5
SP;
GO;483.4
CE;399.6
MG;496.6
SP;454.8
BA;417.8
BA;461.5
CE;558.6
GO;486.2
PE;
AM;733.8
MG;381.5
AM;524.6
SP;545.7
MG;506.7
SP;484.8
RJ;480.6
PE;551.5
PE;608.4
PB;511.4
ES;
RN;772.8
MA;
SP;425.2
RJ;732.6
PE;407.7
PA;433.7
GO;532.2
MG;581.5
GO;
MG;559.7
BA;497.8
RJ;515.9
GO;374.6
MG;542.2
SE;484.8
SP;
SP;423.3
MG;561.5
RO;357.3
MG;567.7
CE;
CE;689.8
SP;434.1
BA;
PE;403.7
MG;466.5
RJ;
PE;
ES;494.4
AM;468.5
AL;614.7
PB;552.8
PR;441.6
SP;
MG;597.5
AL;528.2
PA;555.5
RJ;456.7
MG;774.4
SP;400.9
PA;435.0
CE;
BA;663.1
PA;406.3
GO;
BA;724.0
MG;735.0
RS;700.8
MG;558.3
BA;520.9
AM;378.9
GO;
MT;396.6
SE;442.9
AL;405.3
DF;397.0
SP;480.0
GO;523.1
SC;462.1
CE;408.1
ES;541.0
PI;519.4
CE;498.4
SP;564.5
CE;401.7
AL;586.3
MG;
BA;440.9
GO;514.4
GO;580.4
CE;
SC;607.4
PB;469.7
GO;
RS;443.4
MG;428.1
RS;
CE;514.2
MG;633.1
TO;580.2
PI;
GO;
MG;621.3
CE;
AP;475.6
MG;684.9
PI;499.3
CE;686.9
RO;437.7
SC;655.6
GO;568.2
BA;592.7
ES;787.6
RN;396.5
PB;568.5
RN;627.2
RS;429.7
PR;
MG;
MA;409.7
BA;563.9
BA;572.6
RJ;371.9
CE;505.8
BA;488.9
PE;425.6
BA;504.4
ES;547.6
RJ;605.1
GO;430.1
PA;416.6
PB;
AL;739.2
AL;
MG;675.6
BA;
RO;470.0
MA;422.8
SP;717.7
BA;
PA;403.2
RJ;569.4
PE;
AL;405.7
PR;
SP;620.0
PA;743.7
RO;
DF;830.4
CE;
GO;
PA;556.4
PA;669.7
MG;838.1
BA;479.2
MA;
CE;429.8
RN;
GO;645.6
RS;656.1
CE;
CE;713.2
BA;690.9
AP;400.0
BA;505.9
RJ;
MA;534.2
ES;442.5
RJ;618.9
CE;
ES;693.5
RJ;395.9
BA;511.8
DF;810.8
MG;570.3
SP;857.9
CE;
PR;
RR;
GO;
PE;547.5
GO;
PR;633.1
PI;497.5
PE;552.7
PI;404.4
CE;413.5
SP;698.4
RN;428.2
RN;562.8
DF;627.5
RS;
PA;462.8
PB;479.6
MG;717.7
DF;
MG;488.1
GO;431.6
SP;745.1
MG;
AL;418.1
PA;423.2
PA;387.0
PB;407.2
PE;851.3
PE;484.3
PA;584.7
ES;472.2
MA;
CE;710.6
BA;769.6
SC;583.3
PE;616.7
SE;425.4
CE;473.1
MS;
GO;
PI;374.9
CE;460.3
RJ;630.8
CE;523.0
PR;751.0
RJ;476.5
MA;567.6
SP;620.8
SP;
SP;519.0
MG;560.8
PE;417.6
PA;
PR;
MA;
PR;568.9
GO;423.3
GO;706.4
MG;720.5
PA;592.4
CE;423.9
CE;480.5
PI;823.4
PA;
RJ;454.9
MA;485.3
PA;590.7
RN;578.9
MG;600.2
SC;615.8
CE;
CE;501.7
GO;449.3
CE;634.4
MA;515.7
MG;613.2
PB;484.6
RJ;545.5
GO;605.3
PE;462.8
PE;395.7
MG;666.9
BA;397.3
TO;420.5
PA;459.9
SE;402.2
PB;
CE;551.8
GO;641.2
MG;791.8
SE;447.6
PE;437.1
BA;540.6
GO;629.8
PB;690.3
BA;641.6
MG;474.4
PB;
MG;406.1
PE;517.2
BA;408.7
PR;780.2
PR;663.9
MA;444.2
MG;758.8
PE;
AL;448.7
SP;566.7
DF;490.3
PR;581.8
RS;469.2
MG;529.8
CE;
BA;515.3
MT;665.2
GO;613.5
RS;481.1
MT;507.2
BA;540.5
SP;662.5
AP;530.8
PE;
AC;659.7
MA;640.4
GO;536.3
GO;554.7
SP;421.6
SP;466.3
PR;403.1
RJ;660.3
SC;662.6
DF;635.0
RN;459.5
RS;698.2
ES;618.0
RS;681.8
CE;572.7
GO;455.5
RS;511.7
PA;541.3
SP;528.7
RJ;469.8
CE;
MG;581.9
CE;435.6
BA;465.9
RJ;405.6
PI;552.3
GO;641.4
PB;396.6
MG;508.9
PA;493.8
MA;
AL;
AM;
PE;750.1
PA;428.6
GO;
PR;464.7
RJ;599.1
RS;
RJ;719.2
RN;366.7
PI;469.6
CE;825.3
MG;617.4
PB;488.4
SP;560.1
SP;442.5
MG;751.7
PI;634.1
SP;447.3
MG;570.3
CE;
MG;795.0
GO;527.5
CE;603.7
RJ;391.5
PE;459.9
DF;
CE;624.9
PB;
MG;721.9
RS;717.6
PI;796.4
MA;558.7
BA;434.9
MG;488.0
SP;543.8
RJ;450.5
MA;406.9
CE;
ES;506.0
RJ;495.7
PB;672.2
CE;377.6
SP;447.9
MT;531.2
SP;424.5
SP;
RS;
GO;437.2
RN;485.2
PI;720.3
SC;483.4
BA;598.0
SC;621.8
PB;576.7
MT;608.1
CE;415.3
CE;412.2
PB;561.8
MG;
MG;
MG;
SP;465.3
MG;439.4
BA;477.6
BA;579.0
PI;470.5
CE;
MG;473.8
GO;441.5
RR;563.9
BA;
BA;480.9
SP;501.7
MG;683.2
DF;
SP;580.3
MA;
RS;597.8
MS;421.9
CE;708.2
RJ;411.3
PE;564.8
GO;430.1
MA;511.7
AL;489.2
SP;
MG;433.1
RJ;
CE;500.4
PA;454.4
BA;
CE;470.4
CE;416.0
CE;
MA;439.4
MG;582.8
PA;522.6
MG;
MG;762.0
GO;
MA;428.4
SC;381.2
RN;476.0
GO;588.8
MG;442.9
GO;
BA;452.7
BA;
GO;549.6
RJ;464.7
RJ;561.3
RJ;505.1
CE;430.7
PI;944.1
CE;438.5
RJ;560.1
RJ;683.3
SP;640.7
PB;473.8
RN;399.5
CE;454.2
MT;
RS;653.3
SC;
MG;668.1
CE;
MG;761.3
SP;513.5
PI;679.4
PE;584.4
BA;534.4
BA;635.2
MG;684.0
GO;464.1
GO;476.1
RJ;
AL;678.6
PR;
PA;510.4
SC;454.9
PE;404.9
SP;651.7
BA;534.0
MG;765.4
PI;496.7
CE;538.7
SP;466.4
TO;413.6
PR;665.4
MG;604.8
MA;538.9
SP;
MT;442.9
MG;727.9
BA;444.9
RJ;628.5
BA;
PB;666.0
MG;
CE;622.5
BA;
BA;443.6
CE;571.0
PA;497.3
RJ;480.1
SP;
RJ;624.0
PB;424.3
GO;392.1
CE;821.5
RJ;357.2
SP;
RJ;801.5
SP;707.6
BA;556.4
BA;
GO;388.8
GO;
BA;401.6
GO;689.4
RJ;679.2
RN;423.1
MS;
PI;508.3
PE;548.0
BA;
PI;770.0
DF;798.8
RN;629.4
BA;391.2
GO;408.0
PE;509.9
PI;422.9
MG;625.1
CE;406.3
AL;448.9
BA;
PE;681.5
SP;761.8
BA;427.4
SC;555.5
MG;508.9
BA;392.0
MG;432.7
MG;635.1
RJ;696.8
MG;425.7
PA;577.8
CE;398.7
RN;625.6
PA;404.8
PB;473.1
AM;401.5
PA;444.5
GO;731.6
MG;467.6
PB;419.1
PB;594.0
PB;473.5
MA;386.5
SP;430.8
MG;457.2
BA;
MG;733.9
RN;601.6
MT;585.2
RJ;507.3
SE;
CE;646.0
MA;400.9
PI;
RJ;635.2
MG;726.3
DF;693.7
MT;652.1
SP;
CE;568.2
RS;
BA;460.2
MA;497.9
GO;411.1
MT;676.8
SP;459.8
PE;
GO;462.7
RJ;690.5
GO;401.9
RJ;419.5
GO;584.8
AL;
PE;378.7
MA;414.5
SP;
TO;413.0
PR;572.5
PR;
PR;639.6
MG;
MA;478.3
PB;567.2
CE;447.1
BA;438.8
MG;713.7
RJ;401.6
GO;390.1
RN;502.1
PR;756.1
AM;406.3
GO;554.7
SP;
MA;
PB;621.5
PI;522.9
PB;560.2
RN;502.9
BA;
RJ;
CE;
PR;406.3
PI;
SP;
CE;511.7
PR;699.9
SP;502.8
RS;394.5
AP;
MG;411.7
PI;777.4
SP;429.7
PR;540.0
PB;631.7
PA;417.2
PB;447.4
BA;566.3
CE;403.5
SP;
SP;622.1
BA;
GO;442.5
RJ;460.4
MG;838.2
RJ;558.0
PI;439.5
DF;713.1
ES;
GO;534.7
SP;
MG;
ES;
AM;
PE;414.9
CE;557.8
SC;
PA;
BA;642.1
PE;417.2
MG;442.6
MG;614.1
RJ;
MG;569.1
GO;566.6
PE;411.9
CE;470.5
CE;445.7
CE;614.1
CE;800.7
PE;430.0
MA;591.3
MG;553.2
RS;398.9
MG;765.1
GO;559.5
MG;671.0
SE;605.6
PE;
PA;576.4
MA;445.7
SC;489.6
CE;
PA;538.8
MG;700.1
BA;570.0
MG;612.0
SP;497.3
ES;644.1
RS;762.1
RJ;439.7
CE;612.9
MT;
SE;439.3
MG;583.0
SE;452.7
PB;662.9
GO;396.3
RS;464.7
MG;525.9
CE;
BA;633.1
PB;709.6
PA;666.0
CE;515.8
SE;
SE;
RJ;463.1
BA;700.3
PI;
PB;462.9
MG;663.0
PE;436.7
MG;799.5
MG;597.5
PR;530.5
RJ;644.0
PI;568.1
AL;
PA;380.6
SP;574.3
PE;
PA;558.6
RR;418.3
PA;
CE;506.2
GO;
SE;374.8
CE;385.0
MG;613.8
ES;
PI;532.1
RJ;437.5
MT;450.3
PI;391.2
PE;421.8
SE;563.1
CE;392.6
PI;438.5
PA;610.3
SP;
AL;428.9
PB;447.8
MG;613.9
SP;585.9
PB;660.6
RS;810.2
SC;448.8
RJ;497.8
MG;
SC;637.4
CE;641.8
RJ;708.2
RN;474.5
SP;597.7
CE;406.2
SP;586.7
PE;560.1
PA;435.0
ES;440.5
SC;475.7
PE;840.0
SP;407.7
PI;605.6
RJ;544.9
MG;686.5
PA;517.7
SP;695.6
CE;492.1
SP;432.7
RS;
RN;585.3
RS;409.1
PA;
CE;
SP;481.9
PA;
PB;532.6
MG;744.6
RJ;
PE;426.1
PB;402.6
RJ;567.7
RS;582.8
RS;
SE;443.8
SP;
SP;
PI;463.5
BA;433.8
PA;
PI;
CE;
RN;
GO;
CE;623.0
PI;566.3
MG;719.9
CE;524.7
BA;428.5
SP;792.8
RJ;544.2
CE;561.0
SE;
GO;
BA;
SE;495.2
SE;399.9
MG;
CE;369.5
BA;609.5
MG;526.3
PR;652.8
CE;606.7
PA;
BA;411.5
GO;
BA;383.8
MG;440.4
MG;418.7
MG;429.4
PB;
RJ;441.3
RN;393.3
MA;670.9
DF;374.3
SE;
TO;726.5
MG;719.1
SP;
RJ;
AL;
RJ;588.2
SP;416.6
MG;372.1
SP;691.1
RS;
MG;487.3
MA;358.5
RJ;853.7
RS;
MG;
SP;657.1
MA;428.7
RN;
PE;444.0
CE;406.4
RN;
PB;
PA;
GO;
SP;
SP;594.9
SP;
PE;497.0
GO;
GO;615.0
PE;
PR;500.2
CE;400.4
BA;488.5
CE;543.5
RJ;457.4
CE;716.5
BA;450.3
BA;528.5
BA;460.0
BA;368.0
BA;669.8
CE;724.8
SP;
BA;423.5
GO;481.3
ES;
BA;427.3
RJ;610.0
CE;425.3
SP;
RJ;
MT;421.5
CE;399.5
MG;
ES;415.6
GO;
CE;557.2
ES;489.0
GO;
CE;524.8
MT;
MA;380.5
CE;
CE;456.4
CE;579.9
CE;544.0
MG;427.9
DF;
CE;386.4
MG;557.7
ES;427.6
RJ;496.8
PA;572.2
GO;434.9
BA;
MG;359.4
GO;608.9
MS;
GO;388.6
MG;749.8
PB;562.0
MA;453.3
MG;750.7
DF;
RJ;468.3
ES;469.1
CE;473.8
BA;
MG;668.2
MG;
GO;366.6
PB;
PE;508.5
SP;718.2
PE;
DF;
GO;
SP;588.9
CE;666.0
PA;521.9
RN;609.4
GO;465.2
SP;481.9
CE;494.8
MG;730.8
PE;481.1
MA;461.2
PA;514.3
RJ;
PA;460.3
AL;492.5
GO;512.1
PA;496.3
RS;701.7
CE;449.6
BA;
MG;592.3
MG;560.7
RJ;413.5
RN;750.9
SC;599.4
AL;480.2
MS;373.5
PE;621.3
SP;606.7
ES;483.8
BA;386.9
CE;619.2
CE;715.6
SE;494.3
BA;485.0
PA;447.4
MA;
SE;407.9
MG;451.2
BA;494.6
GO;
BA;397.4
SP;475.9
SE;572.1
TO;419.7
MG;737.6
RJ;543.4
PR;428.3
TO;440.4
MG;431.1
MS;611.8
BA;445.3
RN;673.6
RJ;
BA;480.9
DF;500.2
PB;439.4
GO;561.6
SC;
PE;407.4
BA;470.9
MG;573.2
AP;481.9
GO;766.9
CE;700.3
BA;566.6
DF;
PI;
GO;475.5
BA;483.5
GO;690.5
AM;564.1
PA;700.6
SP;673.7
MA;453.8
PE;
PE;446.1
CE;535.9
PR;602.5
SP;609.5
RN;
TO;505.2
PR;
RJ;604.0
CE;417.5
PB;506.0
CE;440.4
SP;735.6
PB;586.3
MG;603.8
MA;435.4
CE;426.9
MG;740.3
PA;368.5
CE;
CE;
AM;467.4
RJ;547.0
PA;440.6
GO;480.3
MG;714.9
PA;644.3
PB;400.9
MG;587.2
PE;
BA;406.7
SP;
PA;435.5
ES;646.6
MG;409.1
ES;572.0
MA;761.4
BA;
BA;666.4
GO;423.2
RJ;545.6
RJ;699.5
PA;470.2
SC;502.6
RJ;510.5
MG;438.6
PA;604.5
GO;404.0
ES;640.9
PB;527.2
SP;482.7
PR;696.7
SC;
BA;588.9
SC;594.1
GO;448.9
SP;492.6
PE;505.2
SP;647.0
MG;
PB;567.5
MG;663.5
MT;645.7
RJ;500.6
PR;
PA;447.5
MG;620.8
MG;458.8
PR;459.8
MG;
RS;606.4
BA;
BA;439.1
PA;
CE;446.9
GO;392.6
CE;
BA;416.4
GO;
RJ;388.8
MG;591.5
MG;687.3
BA;
GO;808.5
MG;550.4
RO;
RJ;397.7
SP;
BA;570.1
CE;649.3
CE;458.0
DF;656.9
MG;456.6
MG;590.3
SE;409.4
PE;436.8
PI;449.7
GO;
PE;571.1
PA;478.0
MG;819.9
CE;410.9
BA;603.5
AP;517.1
GO;431.9
PE;731.2
BA;
MG;786.6
PA;
BA;437.3
BA;
MS;
CE;424.6
BA;
MG;652.5
GO;449.6
PI;508.2
MG;684.3
AL;553.0
RN;740.7
PA;
PB;398.7
PA;494.0
RJ;374.5
BA;
PB;450.8
BA;466.5
TO;577.3
PR;546.9
MG;536.3
PA;510.8
RJ;
CE;420.0
PA;
SE;510.7
SP;425.8
RJ;769.6
GO;434.4
BA;402.9
PB;588.1
SE;515.4
ES;607.1
CE;397.8
PR;508.6
PA;439.0
RN;535.1
BA;
GO;630.7
MT;
CE;563.3
GO;461.9
SP;434.4
SP;520.5
BA;501.9
MS;372.7
MG;
SP;392.3
SP;537.9
RN;442.9
PE;634.2
SP;704.4
SE;504.4
MG;677.6
PE;444.3
GO;
PE;552.7
SP;494.2
BA;460.7
GO;531.0
AM;418.7
MG;
CE;431.1
PA;454.3
GO;
RN;584.3
GO;758.5
RJ;473.5
MA;376.9
GO;470.5
PR;
PA;
RR;
BA;399.1
CE;412.1
MS;
GO;407.0
PE;532.4
CE;426.4
RJ;713.7
MA;405.8
PE;398.7
CE;542.2
RJ;
SP;
GO;
BA;658.3
CE;504.7
DF;578.5
RJ;391.3
GO;596.0
MG;
RS;472.5
BA;400.3
SP;
SE;453.3
BA;414.5
BA;386.0
RJ;514.3
GO;361.2
MT;
TO;581.0
PA;
ES;388.2
CE;511.0
GO;
GO;
PI;759.1
RO;489.8
MG;425.3
GO;388.3
CE;451.2
PI;455.5
PA;
SP;569.4
CE;391.8
PI;421.3
MG;542.3
CE;676.4
CE;427.4
MG;731.1
PE;820.4
MG;482.2
CE;548.6
SC;637.6
SC;532.9
RN;532.0
CE;606.8
GO;378.6
PE;691.2
AM;549.6
SP;588.6
SP;552.2
MT;463.0
MG;
SP;633.8
BA;482.2
RS;599.1
MG;497.6
PI;
SP;502.7
PE;
CE;439.8
GO;542.4
CE;428.3
BA;464.7
SE;
BA;498.2
SP;718.4
SP;
MT;692.0
RJ;
AP;561.5
PB;464.1
SP;467.0
BA;477.4
SC;870.7
AL;
MA;412.7
CE;653.2
SP;480.1
BA;409.3
GO;474.5
RS;
MA;422.4
CE;629.3
SE;468.8
CE;413.6
CE;630.1
GO;501.2
PB;469.4
PR;
ES;
PE;582.0
BA;
CE;418.6
AL;670.6
CE;
GO;428.4
SE;430.5
BA;439.4
RJ;467.5
PR;
CE;629.2
RJ;414.0
PA;
DF;698.3
MA;
AM;534.6
PA;
SE;529.7
RJ;483.3
PR;685.3
PE;
GO;511.6
GO;
MG;378.8
MG;441.0
GO;470.4
PE;546.7
MG;
BA;
PA;429.2
PA;656.1
SP;560.6
AC;381.4
PB;484.6
PA;661.6
SP;648.0
BA;382.1
PB;411.9
RJ;518.6
RS;502.6
SP;428.8
MT;464.8
SP;
PB;517.5
SP;
PI;395.3
SP;803.5
RJ;465.7
GO;443.7
RJ;402.2
MT;425.6
GO;533.5
MA;
DF;
RS;578.1
MT;
CE;398.5
PR;
BA;434.4
RJ;
PA;523.0
RS;789.6
GO;388.9
SC;
CE;470.0
MA;411.7
CE;
PR;
PA;751.2
TO;
PB;381.3
PI;
SP;577.6
BA;643.8
PE;532.1
DF;506.3
MG;612.3
PI;568.7
BA;387.9
PI;638.4
AP;421.8
RJ;789.2
BA;
BA;467.6
GO;
PE;697.3
BA;437.4
PE;389.1
MA;381.2
MA;444.2
MA;
SP;
BA;750.4
PR;528.9
RJ;537.5
RN;389.7
GO;483.2
GO;
SP;653.0
SP;547.7
MG;730.7
SP;676.1
MG;610.8
RJ;701.6
PB;747.5
PR;
CE;450.5
GO;442.2
DF;525.1
PE;643.7
CE;
PI;403.0
PI;597.2
MG;577.2
CE;
GO;
MG;
PE;605.0
PA;490.4
PE;586.3
MA;
SC;715.5
DF;456.1
ES;
CE;624.3
PR;
RN;551.0
PR;537.2
TO;382.1
PR;581.6
SP;463.1
SP;495.7
GO;
SP;720.5
BA;
BA;568.6
BA;464.3
PE;
AL;669.7
PB;432.7
SP;698.7
BA;469.1
PE;596.0
MA;587.5
PB;
MG;
CE;552.8
CE;
TO;
PA;
PE;
GO;
AL;741.2
SP;463.2
GO;447.5
GO;506.5
CE;461.0
GO;679.2
PR;407.6
BA;499.9
CE;581.6
MG;
BA;496.3
CE;509.5
MG;599.7
MT;
RJ;605.4
GO;376.5
AP;468.9
CE;595.7
PB;433.5
PA;612.7
MA;636.0
CE;458.7
GO;504.7
RJ;471.3
MG;467.2
RS;544.2
SC;454.1
MG;442.8
PR;790.4
AL;430.4
BA;
GO;601.0
CE;453.3
SP;416.9
MA;384.9
SC;
MG;457.6
SP;609.2
BA;580.6
BA;
MG;
PE;434.0
SP;695.8
BA;
PA;481.8
BA;460.8
AM;437.3
MG;592.7
MG;479.6
MG;653.3
AM;471.4
ES;541.0
PI;439.0
ES;469.7
PB;471.4
SP;572.3
BA;
MG;
RJ;455.4
SP;658.1
SP;488.8
AL;455.7
SP;
AL;374.7
PR;
MG;
AL;
MT;
BA;553.1
GO;518.9
MG;
SE;529.6
ES;
PI;440.2
CE;531.0
PA;430.2
PA;742.7
GO;
MA;541.4
BA;672.9
CE;
CE;641.3
CE;565.7
PA;570.3
MG;537.6
PB;404.0
AL;383.8
AL;436.5
ES;434.6
PB;
PE;513.1
CE;547.5
MG;731.0
PI;
CE;397.6
BA;606.0
AM;383.0
PE;637.4
SP;589.3
BA;374.5
RS;794.9
CE;616.2
MG;775.6
SP;553.1
TO;
SP;
AM;
GO;
CE;781.2
RJ;
RJ;464.6
MG;635.7
MG;
PA;367.0
ES;
GO;532.7
SP;506.1
GO;396.2
PR;392.7
RJ;
PB;725.5
SP;557.2
MG;472.0
PA;545.8
RN;610.9
RJ;530.4
PA;443.0
SC;467.7
GO;590.4
BA;
MG;
SP;
GO;408.5
BA;373.4
RJ;436.4
BA;476.7
PE;583.0
MT;422.3
RN;628.4
BA;
MG;704.3
MG;
SP;
CE;461.6
RN;445.5
PB;491.8
MG;414.2
MG;495.6
MG;494.3
RJ;721.5
PR;604.6
GO;563.0
GO;
CE;483.9
BA;500.1
TO;501.6
MG;600.2
BA;478.4
SP;617.5
RS;
PA;
RN;
SP;652.5
MG;430.9
PI;
PE;482.1
CE;
BA;412.6
PI;395.8
BA;
PA;510.1
SC;458.3
PA;649.2
PE;417.7
PA;494.9
CE;459.3
RJ;503.8
PR;
MA;821.9
PB;513.5
CE;511.7
PB;633.7
RJ;377.4
SP;
GO;680.4
SP;539.1
CE;651.6
BA;399.6
MG;586.5
MS;
BA;518.9
CE;
BA;
MG;601.7
PA;404.5
CE;512.0
CE;383.5
RN;536.9
GO;
AM;484.5
MT;515.8
RS;727.3
GO;
CE;401.4
SP;
BA;541.4
GO;442.3
AC;400.4
PE;428.0
RJ;487.5
SE;493.5
SP;485.5
CE;632.1
RJ;499.2
MG;
PA;397.5
CE;470.7
ES;
PA;
PR;483.0
BA;538.8
BA;472.9
CE;
SC;435.2
PB;464.9
RS;400.2
CE;
AL;419.1
RS;718.8
GO;512.4
BA;604.7
SP;514.1
MA;374.0
PB;626.1
MS;585.2
MG;721.3
TO;480.4
CE;
MG;482.1
SP;673.5
MA;734.2
MA;436.8
SP;430.7
RO;402.8
PA;452.7
BA;509.3
ES;428.5
SP;603.6
RJ;488.8
PA;397.6
SP;666.5
SP;563.9
PB;
RN;443.1
MG;709.1
RJ;384.3
PA;
AL;494.9
MT;486.6
PA;468.5
SP;543.1
GO;562.6
TO;441.3
GO;
PA;
CE;485.9
PR;718.9
BA;419.3
PA;433.0
SP;566.1
GO;768.4
BA;562.9
MA;531.5
SP;
MG;500.1
RJ;537.5
GO;
SE;526.2
SP;466.8
GO;
PR;628.8
RN;882.1
SP;494.4
PI;404.5
MG;607.2
RO;619.9
PR;504.8
MT;835.0
CE;616.8
SP;919.1
BA;655.8
BA;492.1
RJ;486.7
MG;
PB;419.2
MA;475.0
RJ;530.7
RN;428.5
RJ;612.8
ES;551.3
SP;
PA;524.9
RJ;587.7
GO;563.5
RJ;385.2
BA;460.2
PR;456.0
RN;431.6
BA;731.5
RJ;500.4
TO;382.9
RJ;623.8
BA;378.3
MG;
BA;
BA;485.8
GO;688.4
BA;
SP;
MT;
PA;439.1
PB;761.5
MT;589.9
PB;538.9
AC;
PE;
RJ;628.6
CE;
PE;563.6
GO;652.3
RJ;
PE;
MG;
ES;447.8
RN;490.9
CE;451.0
CE;655.5
BA;715.9
RO;
SP;776.6
AL;551.9
CE;452.3
AL;
PE;746.7
BA;
MG;
CE;
PR;
MG;515.0
MG;664.0
MG;527.2
SE;560.7
AL;539.3
RS;792.3
ES;620.4
GO;713.4
MS;
PR;446.8
PE;544.7
MG;511.1
RJ;404.0
GO;405.4
GO;
SP;729.9
MG;
GO;490.3
SP;
BA;410.3
SE;513.1
AL;
PR;627.2
PE;463.0
GO;
CE;559.8
RS;392.9
MA;381.4
GO;510.0
PR;658.3
GO;649.0
SC;
BA;381.8
PE;438.0
PA;510.8
MG;586.7
PB;446.4
PB;431.4
MG;420.1
CE;630.8
PB;668.5
CE;665.8
MG;598.5
PR;403.2
BA;372.2
RN;423.9
ES;432.4
CE;491.9
RJ;422.2
PR;527.8
SC;397.2
PE;
PE;422.3
SP;471.5
RJ;
PA;391.5
SP;
BA;615.1
SE;436.4
AM;494.9
BA;636.0
PR;506.0
GO;429.1
SP;522.2
SP;390.4
ES;466.8
AL;569.7
GO;460.5
RJ;623.7
CE;468.9
CE;
GO;439.1
SP;
PA;384.0
GO;447.8
SE;628.4
SE;517.8
SE;
RJ;818.1
SE;430.5
MG;710.9
CE;620.0
PB;429.8
RJ;617.0
BA;543.6
GO;394.4
ES;
CE;448.9
MG;
PE;404.7
PA;
SP;634.3
SE;392.3
PE;565.6
GO;
SE;380.9
GO;627.0
ES;779.7
PE;489.0
RJ;399.1
GO;503.7
GO;574.2
PB;430.3
AP;395.0
RJ;646.0
MG;372.9
MA;449.5
PE;
GO;476.8
MG;512.8
MG;
PR;
SP;773.0
PR;493.4
ES;
RS;657.0
SC;758.3
RN;593.6
GO;
CE;714.7
ES;892.9
SP;454.0
BA;427.1
MG;637.8
CE;506.8
MT;440.8
BA;
PE;
MA;630.6
CE;683.5
RJ;387.5
PB;474.3
PI;458.0
BA;633.4
SP;
AL;513.5
PR;601.7
RJ;
PA;564.5
MG;
RJ;
RS;687.3
MA;459.8
SP;427.7
AL;487.6
SP;560.1
AL;749.8
CE;441.1
MA;467.1
GO;
CE;512.1
CE;409.3
SP;704.3
BA;514.4
DF;498.7
SP;637.3
BA;
MG;591.1
PR;485.8
MA;433.0
ES;615.4
SP;641.9
MA;402.4
RJ;664.6
PB;549.5
BA;
GO;634.2
PI;456.8
TO;543.2
PE;404.6
MG;
SP;633.9
MG;781.8
CE;421.4
CE;559.2
BA;802.4
SP;478.5
PR;591.9
DF;483.9
SP;554.6
GO;385.5
MG;
BA;
SP;584.0
RJ;448.6
CE;470.6
GO;517.3
PI;500.6
RR;696.1
PE;
MG;570.7
BA;456.8
PI;607.5
MG;751.8
RO;410.4
MG;
BA;408.3
CE;647.2
BA;450.2
GO;625.4
PI;
PE;575.1
SP;392.9
SP;484.2
RS;421.9
BA;415.3
PB;571.1
SC;568.2
BA;391.2
MG;508.7
SC;767.6
RJ;504.0
GO;547.2
CE;518.3
MG;514.2
SP;
PI;547.0
PA;462.4
PE;476.4
SP;389.1
GO;386.1
PE;
MG;453.2
BA;
RS;547.5
GO;765.7
CE;
BA;374.7
AC;539.9
MT;450.7
SP;431.8
AL;
PA;655.5
RS;732.3
GO;405.2
GO;536.6
RN;625.9
CE;420.6
MA;510.5
CE;698.3
BA;489.8
CE;633.9
CE;544.2
PR;
PI;590.3
SP;485.8
RN;820.3
MG;810.1
BA;548.3
BA;581.8
PB;479.1
PE;628.7
MG;435.8
SP;648.0
GO;519.6
SP;617.4
SP;591.5
CE;
BA;464.7
RJ;715.6
PB;457.2
CE;444.3
GO;500.9
DF;447.9
MG;
PA;
MT;470.3
CE;423.5
PE;
PR;409.2
TO;384.3
RJ;546.2
PE;
CE;
BA;475.3
MG;832.8
RJ;496.1
RJ;366.4
PA;555.5
MG;
MG;454.4
GO;418.9
GO;487.5
GO;
SP;648.0
MS;544.9
GO;385.9
MG;509.1
PE;666.7
SP;
PE;709.1
PR;749.0
RJ;374.0
PA;
BA;420.3
SP;447.4
RS;411.6
PB;532.3
RS;603.4
GO;
PR;476.0
PB;
MG;529.8
BA;612.5
CE;
TO;403.0
RJ;556.8
SP;
ES;
GO;471.6
GO;633.6
SE;735.2
SP;
SE;644.7
PR;
MS;468.8
PR;671.4
PA;541.5
MG;469.7
PB;407.2
CE;
RJ;
SP;440.8
ES;570.8
CE;776.8
MG;450.7
SC;504.9
RN;434.1
PB;667.4
PE;474.3
MA;
RN;
SC;549.2
TO;404.0
PI;390.5
SE;410.5
BA;612.1
PB;421.6
MT;537.0
CE;480.1
GO;
SE;509.6
BA;506.8
PA;
BA;451.9
SP;
CE;412.7
RJ;435.3
RJ;694.3
PB;520.0
MG;
MT;418.2
CE;460.6
PB;729.0
DF;642.6
MA;473.7
GO;410.8
RN;767.4
PI;635.1
PI;739.6
CE;402.5
SP;619.8
PE;457.6
DF;729.4
MG;608.1
PE;527.3
PE;
PE;
SC;
MG;476.5
MA;
PE;479.6
MG;
MG;711.6
MG;
RN;391.6
RS;617.2
MS;
PA;517.3
PI;616.0
RN;414.7
CE;453.9
MG;432.1
BA;
RJ;451.0
AL;
RJ;
GO;601.0
PI;828.9
BA;567.5
RS;526.0
TO;611.2
PR;675.3
PE;609.4
PE;777.2
MG;
RJ;395.1
GO;430.8
CE;398.0
RO;
MG;
MT;435.1
BA;602.6
BA;635.7
GO;598.8
SE;401.9
BA;443.5
BA;
BA;453.4
MT;379.0
SP;367.9
CE;398.8
MA;402.4
PB;499.4
MA;523.0
RJ;
GO;
MG;
PE;709.7
SP;642.9
PB;459.0
MA;414.3
CE;658.2
RJ;436.1
PE;
PE;482.7
MA;498.9
PA;378.3
GO;410.7
PA;505.9
PI;360.8
SP;674.4
SE;433.3
RJ;489.1
ES;582.8
ES;608.3
SP;412.5
SE;433.1
DF;677.6
SP;631.6
AP;505.0
MG;
SP;846.5
PE;
PB;728.4
PR;594.2
CE;589.7
PE;686.7
BA;385.0
MG;435.4
RS;445.3
SP;743.4
BA;612.5
GO;531.9
SP;744.3
RJ;
RN;593.4
GO;773.5
GO;669.0
BA;
PB;446.0
CE;519.1
CE;433.9
AM;
MG;468.5
PA;728.4
PE;412.9
MG;608.0
GO;416.6
SP;743.8
BA;
SC;414.3
CE;396.8
GO;411.5
MG;665.9
CE;375.9
SP;416.8
GO;430.7
CE;472.9
AM;
SP;590.2
PE;647.5
PA;570.0
AM;393.1
PA;550.0
CE;637.7
MG;608.8
RJ;413.4
RJ;508.9
AM;
PE;622.1
PI;
CE;471.9
DF;
MG;627.6
MG;
RJ;
GO;
BA;468.5
CE;454.6
DF;566.2
GO;
PR;542.8
BA;396.7
BA;641.0
SP;558.6
CE;410.2
SP;
SP;513.8
SC;840.2
MG;446.7
MG;585.2
MG;738.2
SP;422.8
MG;399.7
CE;516.8
MG;
MG;
GO;632.4
BA;452.7
CE;486.6
RN;
GO;391.4
BA;423.1
BA;574.8
SC;
MA;484.8
SP;575.3
GO;418.2
PA;412.6
MA;634.8
SP;416.0
MA;
RN;468.5
CE;486.8
CE;
ES;458.2
PB;456.6
RJ;
BA;388.3
BA;424.6
BA;709.1
PA;433.5
SP;697.7
PE;619.4
PA;401.4
GO;517.3
CE;
PE;
PA;492.9
SE;440.9
RJ;434.8
PR;801.4
CE;540.5
RJ;609.8
CE;603.5
CE;394.8
MA;
MT;805.0
PB;541.5
MA;370.0
RJ;518.2
TO;588.3
RJ;500.3
RJ;356.8
DF;621.7
SP;720.1
SP;
BA;654.2
BA;432.6
PI;
PB;489.5
MG;
CE;451.8
SP;549.4
GO;
RN;822.4
PA;389.6
GO;421.9
MG;620.9
RJ;565.0
SC;487.8
CE;650.1
RJ;753.1
PB;438.6
GO;
MA;718.3
MG;484.2
CE;
RS;
GO;620.9
PR;
AM;406.8
CE;509.2
BA;519.8
RN;
PE;509.3
MG;699.3
SP;794.2
PA;455.7
RN;523.5
GO;
DF;
RJ;
PB;747.6
AL;424.2
PB;590.7
BA;411.5
ES;
PB;388.3
CE;
BA;393.2
MT;773.3
PA;394.5
RN;382.0
RN;387.4
DF;
MA;576.3
SP;
PE;683.7
MG;559.4
PA;459.9
MG;464.2
CE;638.0
CE;534.3
BA;400.9
MG;
PE;623.1
MT;499.1
PI;
RJ;468.8
SP;709.5
DF;516.4
CE;380.7
BA;463.7
DF;696.0
BA;509.5
CE;
PE;784.1
MG;
RS;395.8
SC;
SP;379.6
PE;575.4
BA;
PE;692.2
SP;501.0
PA;
MA;482.0
RS;574.6
RJ;595.1
RN;
PI;745.4
RS;651.0
MG;628.1
GO;
SP;539.0
DF;552.4
PR;425.3
PE;592.7
PB;390.6
BA;477.1
CE;474.7
BA;550.0
PA;
MA;416.6
BA;510.8
GO;627.1
CE;503.9
RO;
BA;
MT;385.2
SP;719.2
BA;559.3
SP;
PB;385.8
SP;
PA;
RS;555.5
RJ;459.8
PR;399.9
PI;397.3
BA;468.4
BA;
BA;
BA;379.3
GO;698.7
MT;659.9
CE;552.2
CE;615.0
RJ;
PI;
SP;711.2
PI;701.1
AM;
MT;
RJ;
MG;490.1
SP;386.6
SP;436.7
CE;412.4
SP;561.6
PB;433.8
PR;440.5
CE;
ES;716.8
SP;649.6
SP;652.6
CE;647.1
SP;
PE;392.2
SP;442.7
SP;388.7
CE;774.3
BA;424.1
SP;421.0
PA;440.6
RJ;530.7
RN;
SP;637.5
PE;448.8
BA;564.8
PA;
RJ;
SP;747.1
RN;421.8
MA;392.6
MA;437.7
CE;449.9
MA;525.0
CE;571.5
RJ;504.1
CE;546.2
PB;636.4
GO;520.3
SP;464.0
SP;702.0
BA;
PA;647.2
PE;480.5
CE;386.4
SP;542.5
BA;
GO;369.1
PI;536.0
GO;528.7
GO;
CE;408.7
RS;738.4
MG;573.4
DF;809.8
GO;
CE;450.2
MA;393.8
BA;589.1
SP;592.5
SP;380.9
PA;834.3
RS;
CE;
MG;427.5
SC;449.7
SC;489.1
RJ;677.4
BA;451.9
PB;542.4
GO;
MG;600.4
SC;496.9
PE;746.4
PE;569.1
MG;645.2
CE;469.5
PR;599.5
RS;512.9
SP;603.6
GO;
RJ;533.5
PE;
MG;582.7
RJ;569.4
PA;584.0
MG;
PE;721.2
GO;595.8
MG;513.8
CE;414.7
PA;
MA;
PI;
RJ;
RJ;432.3
PI;440.5
SP;563.1
AM;408.9
MG;510.4
SP;741.1
SP;763.0
PR;531.6
AP;
PA;
DF;605.1
CE;535.0
DF;681.7
PE;480.5
RJ;
GO;
SP;675.1
PA;396.2
TO;446.1
CE;361.0
RN;378.0
CE;562.2
BA;
CE;490.0
CE;619.3
RJ;
PA;468.3
BA;473.0
BA;472.2
GO;
RN;676.2
PA;429.0
CE;384.6
MG;484.0
PE;405.5
MG;476.1
MA;391.9
RS;480.1
PI;689.6
CE;596.3
CE;542.4
PE;413.1
PI;477.9
ES;612.9
SP;538.3
ES;438.2
MA;456.1
PR;753.5
MG;661.6
MG;661.6
PA;442.5
CE;392.5
MG;453.5
RJ;
PA;404.1
DF;
MG;712.7
GO;568.4
GO;417.2
RS;441.4
SP;
MS;614.4
SE;485.5
CE;458.5
RJ;670.5
PE;
CE;440.3
PE;416.0
MG;450.3
BA;733.6
CE;410.5
SC;806.2
PE;439.4
GO;409.7
PB;611.5
RN;618.6
PA;414.7
RJ;759.1
MA;
SC;485.3
AL;486.6
AL;416.0
GO;525.2
AM;359.6
BA;604.9
MS;613.6
PA;662.6
PE;430.4
BA;461.0
DF;499.6
MG;
MT;462.0
GO;
BA;467.6
RJ;626.8
SP;813.6
MA;456.7
CE;
AL;552.7
CE;
MG;
PA;401.2
PI;469.9
MA;535.4
MA;
BA;394.5
RJ;
PE;539.0
PB;581.5
MT;799.2
GO;487.2
MA;551.1
MG;602.2
CE;414.0
SP;589.7
GO;487.8
ES;666.6
PR;578.8
SP;865.1
MG;456.8
PR;459.0
ES;
MG;
SP;452.6
MG;
PR;518.5
DF;580.4
SP;434.8
PR;456.8
BA;694.7
SP;572.3
SP;470.3
PB;464.9
AP;502.7
GO;449.8
SC;502.7
DF;638.8
AL;447.3
GO;543.1
MA;568.8
PI;549.8
CE;
CE;
BA;810.2
BA;427.4
CE;696.8
SE;401.4
PB;556.1
GO;458.1
MT;454.7
MA;
RJ;381.3
BA;553.6
AP;476.6
MG;749.0
CE;429.1
PB;573.4
RN;489.0
DF;465.2
BA;480.1
GO;
SP;673.9
PR;
PR;649.8
CE;627.6
MG;793.7
PI;680.2
CE;394.3
CE;470.6
SP;
MG;738.1
CE;
PA;471.4
MS;
GO;624.1
SP;688.0
PE;434.1
MG;
GO;458.9
SE;575.5
AM;454.3
PA;500.5
SP;581.3
RJ;599.1
CE;421.5
MG;517.0
PB;568.8
MA;450.2
PA;695.6
RN;595.7
PB;496.6
ES;404.0
RJ;530.0
RJ;413.5
TO;661.4
CE;535.9
MG;595.4
RJ;493.5
PE;471.8
SP;655.6
RS;546.2
BA;621.2
MG;
MG;686.1
PE;474.2
RJ;653.9
SP;413.1
BA;501.8
CE;415.8
MG;719.6
PR;746.4
RJ;610.5
RJ;
BA;552.1
BA;486.2
SP;449.7
PB;678.0
PE;515.3
BA;735.4
SE;465.2
RJ;
AM;598.3
PE;702.2
BA;
CE;361.3
PI;445.1
CE;427.9
MG;533.0
GO;444.9
AL;498.5
MG;638.1
BA;490.6
MG;438.2
CE;423.7
PI;659.8
RO;622.9
PI;510.1
PI;559.6
PB;646.8
SP;719.9
MT;479.9
GO;690.5
MG;509.8
MG;407.8
CE;579.7
CE;386.9
RN;
TO;
GO;609.4
CE;537.2
SP;
ES;668.0
BA;463.5
TO;695.5
CE;381.2
PI;531.7
CE;439.2
GO;624.9
TO;556.4
RJ;653.9
SP;544.7
CE;624.7
SP;698.1
BA;380.7
PB;545.4
GO;411.2
MA;398.7
MG;733.8
SP;532.1
AL;533.4
PI;666.0
SC;443.9
AP;681.3
MG;523.9
CE;468.2
RJ;
SP;718.3
SP;426.2
BA;434.2
CE;419.9
BA;528.9
GO;
BA;523.3
MT;757.0
MA;504.6
SP;
MG;740.8
PB;620.7
GO;512.0
PA;458.6
SP;448.2
SP;653.8
AP;577.7
PE;624.9
PI;412.7
CE;429.3
RJ;494.6
CE;638.0
PA;565.6
MT;725.1
CE;630.3
AM;
MG;707.2
PA;
BA;440.3
CE;426.3
PR;657.3
BA;419.9
GO;494.8
RS;755.3
BA;
GO;501.5
BA;418.9
CE;682.6
RS;
MG;633.5
MG;835.3
MG;442.3
SP;
CE;415.2
MA;741.2
MG;739.8
AL;398.9
MG;497.6
GO;453.6
PE;375.2
MG;697.9
RS;807.1
RJ;
BA;428.2
CE;416.4
SP;646.4
PA;395.5
PA;536.8
BA;379.4
PE;
RJ;483.5
CE;537.1
BA;498.1
BA;
MA;447.5
CE;553.3
MG;494.6
SP;
PA;
RJ;526.4
MG;
MG;524.9
SC;673.0
PA;
SE;519.1
RJ;562.1
CE;594.2
BA;511.9
RJ;429.8
RJ;
PE;
BA;423.2
PR;580.6
PA;424.8
DF;791.9
PB;
PB;
CE;683.4
MA;
RJ;426.4
SP;469.5
PE;572.6
CE;410.6
SP;372.8
SE;539.0
BA;619.7
DF;792.1
SE;
AC;596.0
BA;469.0
RR;520.3
RJ;451.8
CE;600.4
BA;390.8
SP;375.0
RN;704.8
RN;423.4
PE;575.7
CE;
RS;504.2
BA;
MA;423.4
CE;425.2
BA;
MG;
AM;552.9
PR;759.2
BA;444.6
RS;627.7
SP;679.9
GO;
CE;
RJ;
RS;423.4
CE;
BA;506.3
SP;677.3
BA;426.7
BA;381.7
GO;474.4
PA;
MA;412.2
DF;562.8
GO;458.9
MG;686.4
RS;439.2
MT;547.7
BA;
RJ;434.6
RJ;463.8
SP;632.0
PR;604.4
MA;426.3
MG;545.6
GO;599.7
MA;519.3
SE;527.3
MA;474.2
MG;506.4
CE;
RN;524.9
PE;571.7
ES;687.5
GO;
MG;590.6
PR;
RJ;676.3
RJ;646.6
RS;648.4
MT;661.4
SP;379.6
MG;764.9
MA;456.2
PA;
MG;539.8
SC;835.4
SP;
ES;497.4
SP;683.0
BA;617.7
MA;592.2
MT;
PR;
RJ;430.7
SP;449.3
BA;623.1
MA;407.4
SP;711.5
SC;613.1
PE;497.1
GO;
CE;436.9
RJ;458.8
RN;499.2
PA;463.5
SP;432.3
MG;591.4
MA;480.3
PI;486.4
MG;
CE;411.7
GO;547.0
MA;459.0
BA;587.0
DF;
RJ;452.6
MT;548.6
PE;460.9
RJ;434.8
CE;402.0
RN;404.2
BA;428.0
SP;465.9
MG;455.1
CE;638.5
PA;397.3
RN;413.9
PB;566.9
MG;582.6
SC;727.6
SP;683.1
GO;441.2
PA;
SP;529.1
MG;668.2
PE;676.4
MA;446.2
BA;491.1
MG;
PE;485.0
SE;502.8
RN;577.2
RJ;
BA;554.1
RN;498.3
PE;467.2
PA;541.9
BA;494.2
MA;
SP;637.4
CE;
PR;471.2
MA;436.3
CE;521.3
PR;
BA;665.4
GO;
CE;658.6
BA;
PI;511.8
TO;481.1
PE;726.8
SP;
MG;509.9
PB;442.4
DF;816.9
PE;591.5
CE;472.7
MT;416.5
SP;685.7
PE;525.3
BA;652.8
ES;387.1
BA;
RJ;573.2
RN;763.3
PA;474.8
BA;620.5
SC;505.9
MG;602.9
SP;682.1
RN;
CE;479.7
GO;425.6
RJ;434.1
PI;
RJ;624.8
MG;654.7
PR;497.6
GO;
MG;788.4
MG;667.6
SP;870.9
PI;568.0
SP;480.4
SP;601.8
CE;
RJ;466.3
MG;889.1
SP;461.5
CE;584.3
PA;
BA;740.2
CE;403.4
RJ;429.4
CE;404.3
PA;
PR;543.0
CE;475.8
SE;634.2
MG;618.8
BA;515.1
SP;590.3
TO;717.8
TO;597.7
PA;599.9
SP;703.4
AL;711.1
PE;728.8
GO;391.7
RJ;
MA;
MG;654.2
PB;656.6
PE;654.9
BA;429.6
CE;544.2
SP;383.9
SP;
GO;468.6
CE;493.7
PE;389.9
PA;454.1
PE;410.8
BA;562.5
SC;753.2
MA;
PE;612.9
PE;454.6
MG;471.9
PE;679.1
PB;447.0
PB;
MG;
PR;
PE;785.9
RJ;411.1
RJ;
RS;423.2
AL;480.0
PA;441.0
MA;
SP;450.8
RS;
MA;668.6
DF;478.3
PA;466.8
MA;432.1
AP;736.9
PE;397.0
MT;446.4
PE;738.8
MG;592.1
MG;646.7
PE;382.6
MG;
TO;401.8
PA;
BA;
GO;397.8
PA;375.5
PR;633.4
PR;711.4
MG;752.2
SP;472.7
MG;599.8
PA;465.6
MA;536.9
PA;439.8
PE;
PE;
CE;462.7
PB;
GO;
BA;567.5
SP;459.3
MG;403.5
CE;
SP;621.3
SC;798.2
GO;634.1
MG;829.1
RJ;410.6
BA;754.0
SP;631.4
MG;
SP;
SP;626.7
PI;
AP;381.5
PE;543.4
MA;529.9
CE;366.5
RJ;649.4
RJ;440.9
AL;540.9
RJ;414.5
SP;651.7
PB;
RJ;415.9
RJ;549.3
MG;472.7
SP;
MG;700.5
GO;803.9
GO;443.4
SP;665.4
RJ;
CE;444.4
RJ;
SP;457.1
RJ;
GO;464.9
GO;
GO;512.3
SP;637.1
CE;767.1
PE;440.6
MA;628.7
BA;373.2
PE;375.3
MA;409.6
BA;424.9
SP;
SC;
PE;481.7
SP;
CE;
PE;635.2
CE;774.9
PR;
MA;629.8
TO;499.0
MG;
AL;562.6
ES;547.5
SP;623.9
MG;513.7
PA;553.3
RJ;
MG;613.2
SP;
RS;
GO;
MG;479.6
PB;428.7
RN;702.3
CE;667.5
CE;372.2
RR;
PE;
GO;
CE;488.6
RJ;
PE;509.1
DF;450.0
MG;
PA;587.3
PR;649.9
SP;469.1
MG;485.4
PI;638.8
MG;651.6
BA;638.7
PA;459.9
PR;
PA;590.0
MG;522.0
MG;404.2
SP;
PE;
GO;612.7
GO;478.3
RN;413.9
CE;677.8
PI;490.4
RN;487.5
AM;
RJ;549.2
PR;434.5
RJ;487.3
PA;
GO;374.3
RS;763.2
BA;
CE;587.9
MS;821.0
TO;677.2
SP;
MA;
PR;538.2
PB;409.6
ES;506.8
CE;499.5
PA;583.8
MG;503.9
RJ;694.1
MG;608.4
PB;446.6
SP;696.0
GO;
RJ;600.9
MT;602.4
AL;
BA;634.7
MG;411.4
SP;494.5
RS;
SC;517.2
CE;464.0
PA;440.5
CE;507.5
PI;
RJ;
SP;586.3
CE;581.5
CE;429.7
MG;554.1
PI;702.0
MG;806.3
PA;531.5
MG;738.2
RS;490.0
BA;
MG;555.0
PB;
PE;387.6
MG;552.1
SP;567.5
PB;489.3
BA;447.1
BA;
MG;642.5
GO;605.2
MS;423.9
GO;
CE;423.1
CE;
CE;514.7
CE;
RJ;477.4
CE;665.9
AL;394.1
MG;
PB;456.2
ES;738.0
TO;
CE;643.2
BA;361.6
MG;701.8
PA;422.0
PB;662.3
RO;
SE;
PB;709.9
MT;772.1
MA;521.3
SP;441.7
SP;666.3
PR;504.9
GO;453.7
MG;564.0
GO;
AL;584.2
BA;424.1
MG;
GO;
MG;769.6
GO;
PI;505.1
RS;418.1
BA;636.8
MG;587.4
MG;
BA;385.8
MG;528.3
GO;456.3
ES;416.0
TO;386.3
BA;421.1
SP;667.1
RJ;
CE;
CE;522.6
SP;456.3
MG;
PB;599.1
RJ;
CE;477.4
GO;585.5
MT;385.8
PE;503.7
MG;542.6
BA;723.3
TO;787.8
SP;506.8
MG;509.6
MG;516.1
BA;541.9
BA;451.3
MG;431.4
CE;576.0
CE;473.9
GO;621.7
AP;562.3
BA;430.4
MA;
GO;0.0
MG;706.6
GO;
MS;
MG;
SP;649.7
SP;
SP;633.7
SP;
RS;807.6
TO;611.6
CE;471.6
PB;777.7
GO;405.0
SP;
MG;
RN;
MG;623.3
CE;522.5
CE;434.1
PR;473.5
RN;647.7
GO;388.1
PE;566.4
BA;
CE;407.8
PA;384.6
BA;433.1
SC;773.1
BA;575.3
PE;465.6
BA;421.7
RN;475.8
RS;
CE;
CE;499.4
MG;673.8
SP;521.6
CE;
PI;
MA;586.8
PA;423.2
PI;647.6
SP;549.1
SC;680.2
PA;
SP;384.1
BA;386.4
MA;580.6
CE;
RN;431.1
MG;835.2
RS;
RJ;417.5
GO;524.9
SP;662.0
BA;465.8
PE;501.9
MG;
RN;782.6
BA;451.2
MG;
CE;445.6
PE;641.6
GO;372.0
MG;521.9
CE;477.7
CE;582.9
RJ;488.4
BA;
MG;742.0
CE;395.1
MT;
SP;662.1
GO;447.7
GO;764.9
RS;459.5
CE;602.4
PE;488.1
SP;482.2
SP;403.1
AM;419.5
SP;831.5
SE;510.7
RS;521.0
CE;
MG;730.4
RN;795.0
SE;429.5
AM;392.3
SE;
CE;599.1
ES;532.7
BA;421.3
CE;572.8
BA;516.1
RS;554.8
CE;725.7
CE;492.0
PR;561.9
PA;530.2
SP;588.8
PI;425.4
PA;544.8
GO;696.0
RJ;
DF;
CE;446.2
MG;609.6
PE;555.0
SP;634.2
CE;436.2
SP;
ES;454.3
SP;453.4
GO;439.9
PB;
GO;616.3
PE;707.6
TO;475.0
RJ;751.7
RJ;546.9
RJ;587.5
PE;475.3
MG;
GO;400.6
CE;412.1
BA;445.7
PA;412.8
DF;
MA;379.7
PE;413.6
GO;
PI;367.4
SE;456.7
AL;496.4
MG;593.1
BA;580.1
RS;
MG;649.5
PR;702.0
RJ;
SP;715.2
AM;412.3
BA;
PA;
GO;379.6
PA;
PE;
BA;366.9
PA;650.3
RN;471.7
DF;
RJ;
RO;548.9
SE;398.9
PR;
ES;740.7
CE;440.7
GO;428.6
BA;439.4
PR;709.6
BA;599.3
PE;518.5
CE;
SP;547.1
PI;541.8
DF;
PA;455.7
BA;587.1
PR;
RS;686.1
PB;465.5
MG;675.9
AM;
CE;546.3
ES;522.2
RS;759.3
MT;
PI;454.3
RS;731.3
BA;513.5
MG;663.7
MG;560.5
RS;432.1
ES;490.0
CE;617.4
BA;602.0
AL;468.6
RN;575.6
SP;465.5
RR;405.3
AP;396.6
PA;
RN;470.4
MA;631.5
CE;526.1
GO;
SC;645.7
SP;623.5
PE;490.5
CE;494.3
CE;
SP;613.3
SP;532.6
SP;
MA;451.7
PE;435.9
RN;709.6
MG;
BA;
RJ;494.8
PE;
SP;
CE;455.4
SP;
PE;470.9
MG;451.2
PA;
PE;413.8
CE;461.4
GO;476.9
PI;643.7
AL;455.9
PR;
BA;
GO;362.8
PB;732.0
GO;
MT;490.9
MG;742.3
GO;
AM;648.7
PA;687.9
SP;
MG;479.5
CE;422.2
GO;514.0
MG;675.4
PE;639.7
PB;466.7
AL;453.5
MG;513.4
MG;586.8
TO;523.2
PA;
MG;585.6
AP;480.3
GO;
RJ;450.0
BA;743.8
MG;688.5
SP;
PR;
PA;537.5
BA;402.6
BA;470.2
BA;712.0
PB;407.6
PB;
RN;658.0
CE;387.7
MG;694.2
SP;
ES;398.0
MA;737.1
PE;499.9
MG;419.3
PA;621.5
GO;616.7
RJ;477.8
RJ;474.9
PE;
CE;540.3
AL;412.8
PA;486.4
PR;
RJ;589.3
SP;507.2
PA;475.4
PE;
RJ;395.9
RN;631.1
AL;652.9
MG;421.0
BA;482.1
ES;659.4
TO;713.6
GO;
MA;476.2
GO;509.9
CE;519.1
SP;568.1
SP;573.8
MG;782.1
MG;464.8
SP;509.1
CE;498.7
RJ;
RJ;390.7
CE;
CE;708.4
SP;786.8
BA;443.3
RS;783.6
PR;584.1
BA;550.8
MA;425.4
PA;
SC;669.0
RN;434.5
AL;477.0
SP;
PE;504.3
PI;525.9
SP;634.2
RJ;666.8
RJ;543.6
SE;496.9
BA;537.9
CE;564.4
SP;480.4
MG;582.9
CE;529.7
RJ;
RJ;
SP;572.9
MT;492.9
GO;
SC;
PE;690.3
AM;380.1
PB;431.0
SP;732.7
BA;497.9
PA;
AM;540.1
BA;406.4
SP;517.0
BA;491.4
SP;666.4
SP;
CE;404.6
SC;556.1
MG;
SC;641.4
SP;
RJ;570.3
RJ;
TO;465.2
SP;563.6
SP;612.3
PE;632.8
TO;381.2
RS;508.4
PA;479.8
MT;746.3
CE;893.3
TO;399.7
SP;
PE;427.7
ES;878.0
CE;785.5
CE;458.6
BA;391.2
DF;
CE;477.9
PR;587.5
MG;567.8
BA;628.6
RJ;520.6
CE;
RJ;685.8
SE;361.2
BA;650.9
CE;397.5
GO;472.4
PA;
PR;391.9
RS;
SP;495.2
PB;452.6
GO;456.7
SP;699.0
MG;604.3
SP;556.3
MA;591.5
PE;425.9
SP;407.6
BA;465.5
MG;690.4
RJ;781.8
BA;450.6
AP;538.8
PE;777.4
SP;491.7
TO;528.8
MG;655.1
GO;424.2
PB;516.9
PA;572.7
PA;749.8
GO;575.7
GO;456.6
RN;434.9
TO;450.9
PB;450.8
MG;384.7
PB;478.4
CE;402.9
CE;
MG;712.6
CE;464.7
RN;447.7
CE;456.3
MG;615.6
PE;498.1
MG;440.0
BA;
PR;
BA;405.1
PR;679.8
SP;384.6
CE;367.9
RJ;917.0
MG;503.7
CE;574.6
PE;489.1
RS;530.6
MA;381.5
AM;571.7
PI;407.2
TO;656.8
SP;
ES;
CE;412.9
PA;472.9
CE;
PE;527.3
CE;
PI;432.7
CE;492.4
RJ;380.2
MG;726.1
SP;717.3
TO;
BA;
AL;
BA;651.0
SP;502.8
BA;442.5
RS;455.0
MG;698.3
PA;474.9
RJ;470.8
BA;492.8
PR;454.6
RJ;433.0
SP;818.5
SE;507.3
SP;
BA;563.6
TO;
RJ;508.1
SP;494.2
GO;750.7
CE;417.8
PB;548.5
CE;411.2
CE;575.4
ES;
SP;412.8
PA;604.8
CE;444.9
MT;
AP;606.3
RS;
ES;614.6
RJ;397.9
MA;418.9
CE;453.2
SE;645.3
PR;
CE;
SC;576.9
BA;379.3
RS;630.8
PR;508.9
RS;371.1
GO;555.2
RN;476.5
RS;502.2
PR;415.3
SP;431.5
BA;551.7
RN;458.3
SP;470.8
PB;469.8
DF;431.0
SP;739.1
PI;469.5
RJ;
MG;597.6
SP;535.0
AL;544.5
PI;391.8
PI;
GO;450.0
PA;416.0
SP;620.0
GO;679.7
PE;411.7
GO;
RN;476.9
PA;789.2
PR;
CE;486.9
PA;574.3
DF;395.5
BA;
RJ;557.7
PB;564.1
RN;398.2
SP;638.8
CE;407.8
CE;637.2
PE;752.5
SP;604.8
MG;491.2
GO;621.0
CE;
AL;640.4
BA;545.2
TO;474.7
BA;779.0
BA;546.7
RN;540.9
GO;600.4
PB;378.9
SP;698.8
RN;425.6
PI;396.3
CE;642.3
RJ;402.9
GO;
GO;
GO;452.1
PB;474.1
PE;440.7
PI;427.7
CE;
SC;567.9
RJ;471.3
SE;379.8
CE;390.7
SP;472.3
PA;569.2
PI;833.6
BA;
ES;599.2
CE;370.7
GO;
MG;745.6
SC;
PA;478.4
MG;734.0
MA;
BA;469.6
BA;448.2
BA;500.4
GO;725.8
BA;
PA;492.0
MS;
RS;468.9
MG;574.1
DF;393.2
BA;418.1
MG;447.7
DF;531.6
PI;695.5
GO;
RS;
MG;446.4
SP;590.2
GO;413.5
PA;614.4
PB;631.4
MA;422.7
PI;436.6
BA;650.1
SP;448.8
BA;442.4
MG;503.6
CE;739.0
PB;480.3
MA;468.1
ES;
BA;518.4
MG;577.5
RJ;666.9
PE;791.5
SP;700.2
BA;
ES;417.7
PA;484.5
SP;615.5
CE;409.7
CE;452.8
TO;444.9
RJ;
AL;
RJ;
PA;
MG;476.4
PE;689.4
GO;470.4
RJ;
SP;731.4
PI;468.4
PB;
SP;
RJ;373.6
PR;
MG;566.4
PA;
BA;686.0
MG;
CE;505.0
BA;744.9
SC;667.0
RO;462.8
PA;494.3
PE;
CE;518.5
PB;385.1
GO;559.4
RJ;674.0
PB;421.1
SP;395.3
BA;499.0
RJ;672.2
SP;
RS;
PA;714.5
TO;655.3
SE;
BA;668.5
SC;
MG;813.4
RS;
BA;509.9
RJ;409.2
SP;
RJ;612.0
SP;
MG;
RN;711.2
SP;496.7
RS;
SE;
RJ;571.3
RJ;438.4
BA;525.9
PE;585.2
CE;448.3
BA;403.9
BA;657.0
RS;
PA;461.2
PA;695.5
RJ;
PI;595.1
GO;
GO;
PR;632.7
PB;641.2
SP;530.8
PA;
MG;685.5
MG;734.6
PB;
RS;758.1
MA;369.4
RS;520.1
BA;390.3
DF;758.3
RS;536.8
GO;
PI;595.0
CE;500.2
CE;
GO;430.5
PE;
DF;887.1
MT;520.4
RS;546.5
ES;409.0
PB;571.2
PR;
PA;531.0
RS;
PR;476.0
ES;790.5
PE;544.7
PB;386.8
GO;
MG;512.1
AM;437.3
MA;683.5
DF;455.4
MG;410.9
RR;
RN;
MS;414.0
PE;574.1
SP;666.6
MG;535.5
PR;
GO;411.2
GO;
MS;451.2
MG;433.8
SP;664.2
ES;476.1
SE;
AM;
DF;726.4
SP;551.0
AL;460.8
RN;482.3
SC;431.8
GO;400.4
SP;619.0
RJ;502.6
AL;
RS;377.2
GO;451.3
SP;417.6
PA;634.5
BA;629.4
AL;455.1
MG;
MA;397.7
RJ;767.8
CE;445.5
PI;463.5
RO;
GO;471.0
ES;405.2
BA;451.5
ES;475.0
MA;488.6
SP;438.5
MG;394.1
MG;587.7
RN;542.3
PB;609.2
GO;666.3
MG;559.9
RJ;635.1
PR;
PA;432.1
SP;550.7
SP;423.1
MA;757.5
ES;518.4
GO;
AL;391.3
BA;677.2
RJ;
CE;516.1
MG;
SP;588.7
BA;398.2
RJ;412.7
CE;420.6
RJ;442.5
PI;
RN;392.2
PE;430.6
MG;425.0
GO;
PR;474.7
PA;432.0
RN;385.5
MS;642.4
CE;783.0
CE;
MG;
PR;475.2
AL;460.1
PR;599.6
GO;
RN;
PE;515.0
SP;
AM;
RJ;
MA;403.5
GO;
BA;
GO;
MA;599.9
MT;557.1
RJ;421.8
PA;394.6
DF;617.9
PI;407.7
MA;522.6
MA;444.0
RJ;508.1
RS;628.3
BA;464.9
SP;553.2
PA;377.7
SC;704.3
PE;605.3
RS;728.2
RS;
GO;552.6
PR;735.2
PI;
SP;597.0
SP;
MG;791.8
PR;465.9
SP;595.5
SP;427.4
CE;527.4
MG;542.4
CE;422.6
PB;493.9
SP;496.1
CE;774.7
MG;
DF;714.1
RS;
RJ;
MG;613.4
BA;
SP;639.8
GO;676.2
BA;
AM;388.4
RN;
CE;451.0
MG;459.2
BA;432.8
RJ;459.4
CE;411.2
RJ;644.8
PA;656.3
MS;425.7
BA;370.0
CE;617.9
SP;741.2
SP;371.2
MG;518.1
SP;
BA;429.9
CE;
SE;458.8
PI;551.6
CE;634.0
RN;473.6
PI;601.8
SP;593.4
RJ;423.5
ES;
SP;762.6
RS;666.8
PB;715.4
SP;492.1
BA;382.5
SP;441.0
RJ;396.1
SP;475.0
MA;371.8
GO;448.1
CE;503.2
PB;426.4
MG;728.9
GO;580.0
MG;
RJ;513.2
MG;
RJ;702.2
ES;473.6
BA;392.9
CE;392.3
GO;499.0
PB;503.1
SP;648.2
PA;524.7
RN;612.6
SP;647.1
MG;421.1
SP;477.4
MA;576.0
MT;599.1
RS;644.6
PA;669.1
MG;674.3
RS;607.8
SE;
MG;512.5
SP;606.5
GO;431.7
CE;
RJ;496.9
SE;536.6
BA;407.3
MA;383.9
MA;494.2
AM;
SC;
PE;
BA;503.4
DF;552.6
CE;597.2
RJ;642.9
PI;545.4
CE;411.3
CE;
PE;597.3
MA;
CE;
DF;454.5
PI;558.7
RO;641.4
ES;443.0
RN;463.2
BA;385.0
PE;410.1
PE;
PE;
MG;373.5
PA;490.4
PI;497.7
SP;
RN;
RN;663.5
SP;422.4
SP;867.0
PA;647.7
CE;454.4
CE;471.3
AL;394.3
CE;435.2
BA;536.0
PE;633.9
MG;
CE;
PA;374.4
BA;588.4
AM;
SE;371.4
PR;627.9
PI;435.9
SE;369.0
CE;
MG;
GO;
PA;385.2
BA;536.0
SP;681.3
BA;429.9
CE;
BA;456.9
PA;448.7
PR;
PB;473.8
ES;445.0
PE;634.9
CE;454.6
MG;794.9
PA;380.3
GO;
GO;499.0
PI;433.9
PR;
RJ;457.8
MG;642.1
RJ;561.6
BA;383.4
MA;421.5
PB;688.1
SP;504.0
SC;696.1
PI;463.1
BA;399.9
RJ;
SP;494.8
PR;408.9
PB;
AM;
PE;384.6
CE;889.9
SP;
MA;697.7
GO;473.2
PA;486.9
MG;
RR;506.9
RJ;422.8
PE;561.6
PB;483.3
CE;467.4
SP;
PI;472.6
MG;820.2
RO;
PA;400.0
MG;629.3
PR;445.5
PE;
BA;508.9
PR;615.1
RJ;627.6
CE;
SP;535.6
MT;547.8
PI;479.7
PR;738.5
MG;644.3
BA;694.8
SP;387.9
GO;575.9
SC;679.6
DF;748.8
PB;400.2
SE;472.7
BA;779.9
SP;681.5
CE;448.2
RN;473.5
CE;510.6
PE;
CE;
BA;592.7
PB;479.4
CE;
MG;612.8
GO;647.0
PR;539.0
SP;393.2
GO;
SP;416.5
CE;405.8
MT;476.2
BA;555.6
GO;412.4
RJ;521.9
CE;487.9
PR;525.1
PR;720.6
CE;414.4
PI;441.3
AL;354.5
SP;597.4
CE;
PB;372.8
PA;
CE;
CE;
BA;509.9
PI;465.1
PA;496.4
DF;
CE;416.7
MA;406.8
MG;659.5
BA;719.2
RN;413.2
PE;427.0
CE;454.5
PE;408.1
BA;708.3
MG;
SP;652.2
BA;443.7
SE;516.7
GO;
BA;517.1
MG;707.5
RJ;700.2
RJ;716.9
GO;663.4
PE;
GO;
TO;
TO;471.4
PB;522.7
DF;446.2
CE;653.1
SC;718.1
MG;595.9
BA;469.7
CE;696.1
PR;
PB;527.2
GO;477.5
CE;
MG;583.8
SE;
PR;546.3
DF;479.7
MT;501.9
CE;499.0
PE;415.2
GO;618.8
CE;482.8
GO;471.0
GO;630.4
PA;
SC;466.1
PA;557.9
PE;418.7
RJ;469.3
RJ;533.9
RN;724.4
MG;590.7
AL;375.5
AM;408.1
BA;630.9
SP;654.2
SP;
MG;775.3
PB;652.8
RS;
SP;
RN;466.3
PI;578.4
CE;438.6
PE;
PA;
SP;
PB;386.2
BA;
SP;612.7
BA;441.6
RS;628.4
CE;468.6
MG;
PA;
CE;822.2
SC;405.9
RN;559.4
BA;504.0
PB;698.2
AP;
BA;429.5
GO;501.2
MT;435.5
PI;612.7
SP;
MG;
BA;460.7
BA;475.8
SP;448.2
MG;556.8
MG;452.8
MG;
ES;
PB;746.6
PE;
RJ;748.5
BA;
RS;619.9
RJ;556.6
PI;420.3
MG;768.8
BA;428.0
CE;620.2
RO;
PI;
PE;418.7
PB;439.3
SP;
ES;492.8
CE;
RN;542.9
SC;
MA;472.2
GO;
GO;
PR;619.6
PE;
MG;384.9
PB;786.1
PE;473.7
MG;622.2
DF;435.6
PE;444.2
GO;429.2
RJ;495.1
MA;488.3
GO;428.1
GO;547.4
CE;481.1
BA;
RS;788.8
PR;513.1
SE;452.9
GO;459.2
CE;580.8
MA;472.0
PB;474.6
CE;502.1
SC;590.8
RJ;492.5
GO;456.8
AP;713.1
MG;639.9
PE;581.6
MA;
PE;567.5
CE;547.7
PA;435.4
CE;
RN;403.0
PB;585.3
PB;
SP;
MT;696.7
RJ;
CE;395.6
PA;561.4
AM;470.8
SP;459.2
GO;398.2
ES;
SP;691.5
RN;
PA;427.7
MG;
BA;
PA;645.3
RJ;
SP;
GO;643.9
MG;610.4
SE;463.0
RJ;395.3
MG;467.2
GO;480.8
GO;413.7
RJ;629.3
MG;642.9
PB;638.0
RJ;470.4
GO;614.0
ES;387.5
BA;450.1
SP;
RN;680.1
RJ;
DF;859.2
PI;441.0
GO;593.0
ES;
MA;514.3
SP;688.1
MA;372.0
SP;
PE;622.0
AM;461.5
MG;418.4
CE;
AM;505.7
SP;
RJ;706.8
GO;424.5
ES;
AM;456.4
BA;452.4
MG;413.4
TO;547.0
MS;
SC;714.0
GO;420.2
PA;472.7
PA;638.1
PE;423.9
PE;488.5
RJ;
GO;476.7
MG;567.0
BA;582.9
RS;
RJ;490.9
CE;489.5
PR;607.7
AL;
CE;368.5
CE;443.1
SE;
BA;496.1
CE;522.3
PR;451.4
SC;
RJ;
PE;416.9
DF;451.3
MG;393.2
BA;
GO;636.8
RS;847.0
RS;451.1
MA;615.2
SP;678.9
PA;386.7
CE;599.7
PI;377.0
PE;437.5
BA;
CE;
PR;451.5
SP;536.8
MA;390.2
CE;729.8
SP;
BA;
CE;416.8
PB;505.2
RS;
MG;515.6
MG;504.4
PE;
CE;688.5
PA;396.8
RN;577.1
RJ;631.5
MG;665.8
GO;
CE;514.0
MA;556.6
CE;393.8
CE;
ES;
GO;
PR;
CE;
PA;465.9
MA;446.5
BA;372.1
DF;
BA;468.0
CE;423.3
RJ;491.6
CE;518.2
PR;473.9
MG;512.7
SP;424.5
RS;708.8
SP;411.9
RJ;454.1
PE;691.9
MT;446.1
AM;593.8
BA;426.5
CE;477.4
PA;387.3
MT;
MG;451.4
BA;633.0
RN;401.4
RJ;526.7
CE;
SP;689.6
AC;450.8
MG;
GO;422.7
MG;607.6
SP;759.9
CE;368.2
RJ;
PA;399.6
GO;
AP;375.8
BA;513.2
GO;449.7
MA;
CE;358.7
GO;598.7
MA;547.1
GO;425.9
CE;424.4
PE;460.9
MG;437.9
SP;486.5
PA;
CE;703.7
MA;473.7
GO;425.6
AM;458.6
RJ;
RN;616.3
GO;
BA;
GO;
RJ;729.8
RS;497.0
MG;508.1
CE;534.7
PA;673.8
SP;501.0
TO;
CE;391.3
PA;736.7
BA;581.8
SP;594.0
MG;463.6
MA;442.0
CE;445.1
PE;467.2
MG;538.7
PA;515.0
BA;
PE;
PE;462.8
PE;
SP;739.9
SP;556.0
SP;724.6
PA;461.5
MG;587.0
PE;425.1
PB;541.5
GO;492.6
GO;443.8
DF;537.7
PE;762.8
SP;478.2
SP;677.4
MG;568.5
AM;433.1
GO;443.8
MG;599.0
CE;
SE;517.1
SP;833.5
MG;613.0
MG;720.3
CE;710.9
PB;709.1
SP;
AL;499.3
MA;462.1
MG;521.4
ES;
CE;608.1
MA;666.3
CE;536.0
SP;521.9
ES;
SP;626.8
CE;387.6
RN;580.5
SP;423.5
RN;481.4
PR;472.5
RN;
BA;504.6
CE;405.7
SC;
RJ;
RJ;616.1
MA;433.4
BA;564.7
CE;395.3
MG;422.0
MG;
GO;420.0
PI;483.0
BA;
RN;576.5
SP;578.9
SP;728.4
PI;
SC;487.8
ES;
MG;
PE;463.0
PA;486.0
GO;586.3
RJ;466.8
RJ;557.3
PE;455.1
SP;617.2
PI;417.5
MG;
CE;450.2
PI;646.5
AM;482.0
SP;543.9
BA;515.0
PA;406.0
SP;407.3
BA;435.0
SP;679.6
MA;639.5
MT;428.8
MG;622.1
CE;549.9
PE;499.4
SE;518.4
RO;401.6
RN;435.5
RS;
CE;448.9
SP;
MG;709.6
RJ;683.7
MG;436.4
MG;737.0
RN;575.4
RJ;512.4
AM;514.4
GO;
RJ;462.8
SP;537.4
CE;
PI;404.6
PE;410.4
CE;429.1
PA;
MA;503.0
SC;535.7
PR;776.7
RN;560.5
SP;557.9
RJ;475.1
MA;514.4
CE;427.7
CE;429.9
PE;554.6
PE;715.0
PB;
MS;
RJ;655.2
MG;595.2
BA;729.8
AM;
GO;
RJ;536.1
GO;
PE;525.9
PR;
PA;520.1
RJ;400.2
GO;516.9
MG;439.3
AM;549.1
BA;439.4
PE;571.3
ES;591.0
PE;517.5
GO;573.8
MA;473.1
SP;
MG;381.9
BA;574.2
BA;
CE;702.2
CE;500.2
BA;760.7
RS;640.1
MG;774.8
MG;
MG;651.3
RS;622.8
MA;565.1
CE;638.6
PR;634.6
PA;701.9
SP;
PR;
BA;586.7
BA;624.6
CE;444.6
RJ;
CE;503.6
AM;
DF;432.3
RJ;466.6
DF;696.5
SP;438.9
PI;415.3
PB;513.5
GO;
SP;421.8
PI;
AM;531.3
AM;531.8
MG;431.0
MA;440.6
ES;462.6
PB;
TO;589.3
AL;548.3
MG;689.9
BA;606.9
MA;497.5
PE;695.8
RR;609.5
GO;
BA;415.5
CE;483.3
SP;425.9
SC;488.4
CE;571.2
MG;
CE;558.4
MG;795.8
AL;705.2
BA;
SP;481.6
AL;437.2
SE;446.8
SP;616.7
RJ;433.6
BA;403.9
MA;611.8
PI;433.2
MA;401.8
RN;493.3
SE;436.0
SP;605.1
MA;412.8
MA;
RJ;408.4
RN;
ES;600.1
MG;
BA;403.9
RJ;514.2
CE;415.0
CE;
GO;
ES;
GO;
CE;
BA;512.2
RS;432.4
RJ;847.0
PR;
SE;
PA;
TO;610.4
MG;602.1
CE;714.9
MT;578.6
SP;464.5
MG;
RN;746.2
SP;462.0
MG;677.0
GO;491.8
RO;557.0
MG;
CE;513.1
RS;
GO;
RJ;668.5
RJ;
ES;481.3
MG;579.0
GO;469.2
BA;380.4
MG;
CE;429.4
CE;532.1
SP;629.0
BA;478.3
PB;501.7
AM;
PB;774.9
BA;734.2
SP;
PB;429.4
PA;656.2
GO;442.7
MG;597.0
SP;521.7
PE;
PR;633.6
MG;843.0
MA;457.8
GO;558.9
GO;483.6
PR;554.6
PA;389.5
CE;754.4
BA;436.1
SP;472.0
BA;410.5
CE;
RS;564.1
CE;613.3
CE;571.3
AP;
SP;
SP;857.7
RJ;
PB;517.8
SP;676.0
CE;483.5
RJ;432.5
PE;
SC;
RJ;566.3
GO;418.4
SP;
SC;544.9
GO;361.1
PA;506.3
RN;566.2
SP;415.0
CE;504.5
RN;521.7
MA;562.0
PB;441.5
AM;
CE;507.0
PB;424.3
SP;
PE;616.8
RS;461.1
SP;511.9
PE;366.8
CE;475.0
PR;
BA;467.8
SP;464.8
BA;697.3
MT;517.3
MT;494.6
GO;374.3
SE;510.3
MA;475.6
PB;786.2
RJ;668.3
TO;510.3
SE;570.1
PE;485.8
MG;794.6
CE;459.3
SP;570.5
CE;388.2
CE;481.9
SP;644.0
SP;434.9
GO;420.6
MS;599.6
RS;549.3
MT;
MG;687.1
CE;477.6
SP;677.0
PR;634.1
MS;589.2
RN;491.7
SC;414.8
PA;506.2
CE;692.7
PI;
PE;
PI;521.6
RN;
BA;486.5
PA;
RJ;
CE;
GO;597.5
SC;673.5
CE;
PE;
RJ;
CE;731.3
RJ;
BA;389.2
TO;492.9
PB;459.2
CE;
CE;
MA;
SP;458.8
BA;392.9
RJ;611.0
CE;
PI;
PE;512.8
ES;510.6
PB;
RJ;608.5
SP;
PA;457.3
SP;801.2
BA;636.7
MA;500.8
AL;385.3
RS;451.4
GO;396.1
TO;412.8
CE;
RS;
MG;
PA;533.8
SP;463.5
RS;654.9
DF;375.6
PB;634.3
CE;645.1
SP;
PB;470.1
ES;
SC;
SP;
PR;403.9
PB;379.4
MT;
BA;564.9
BA;544.5
MG;524.2
SP;478.7
PR;636.8
AP;468.3
MS;437.6
MS;446.4
CE;396.1
SP;365.3
CE;
PE;
BA;
MG;
PE;
GO;
PE;674.8
CE;416.3
CE;
RJ;701.2
PI;534.5
SP;400.8
GO;411.1
PE;735.4
PI;
AM;442.8
MG;692.8
CE;804.3
MG;483.7
CE;415.8
CE;503.5
GO;775.1
SP;832.2
GO;526.8
AL;404.5
SP;537.3
PA;602.7
PB;634.5
RS;
PB;
RJ;
PB;560.1
CE;591.6
RJ;537.6
GO;649.0
PE;465.5
PI;620.6
MT;
AL;482.1
RJ;452.2
MG;
MG;484.0
CE;814.7
RN;497.2
PI;516.3
CE;440.3
RS;785.4
MG;472.7
MG;688.3
PI;546.8
SP;599.5
MG;429.2
AL;
CE;662.7
ES;395.2
MA;385.3
SP;583.6
PB;486.4
MA;541.5
MG;725.2
AP;654.8
RS;434.0
GO;
RJ;571.2
MG;754.0
PA;650.8
GO;
SP;399.6
SP;491.6
RO;
BA;
RN;401.8
PE;820.0
MG;453.5
PR;514.1
PI;410.0
MT;505.6
MG;650.3
MG;468.1
PE;452.6
BA;601.8
PI;446.1
BA;483.6
BA;411.6
MS;684.3
BA;
PI;664.1
MG;732.7
PA;703.6
PI;469.2
PB;
SE;598.3
CE;
CE;
MG;387.5
CE;453.0
SP;
BA;
PB;437.2
GO;437.1
PI;397.7
AL;493.9
GO;597.6
AL;495.9
BA;
PE;657.4
MA;
RS;648.7
BA;610.4
RN;401.8
RJ;
SP;771.2
MS;548.0
RS;481.9
GO;
PI;
MT;649.9
CE;499.9
SP;482.0
MG;674.4
MG;642.4
GO;
GO;479.7
CE;409.4
MA;665.5
PB;464.2
PB;474.7
GO;466.4
BA;
PE;674.1
RJ;577.1
MS;
MG;645.8
MA;
CE;631.2
AL;456.8
SC;643.9
PB;490.3
MG;656.9
SP;
MG;812.9
SP;479.1
GO;566.6
SP;634.5
SP;
BA;604.8
RN;
SC;454.8
PI;
RJ;452.5
PB;538.0
SP;548.7
RN;500.8
MS;
ES;612.7
BA;524.6
PB;371.4
GO;590.9
SP;572.0
CE;492.5
RS;567.8
MG;
BA;437.4
MG;706.8
MG;
SP;710.0
PI;489.6
PR;474.1
GO;596.5
PA;578.8
PB;409.3
SP;527.2
SP;584.0
MG;421.2
BA;750.4
PE;466.9
SP;
PR;610.4
RN;815.9
SP;463.6
BA;
AM;
RJ;732.0
RJ;517.0
DF;435.9
MG;
GO;
CE;397.5
BA;529.1
SP;622.8
SP;536.0
RN;
BA;599.6
PA;516.6
PE;553.4
CE;469.1
SP;
SP;719.4
PR;
SP;536.7
PB;403.2
SP;
GO;
SP;624.7
SP;655.0
PA;453.5
MA;
SP;
SP;618.2
RJ;
CE;437.8
MG;
CE;461.4
BA;420.7
SP;487.2
GO;379.7
GO;601.5
PE;666.8
GO;384.4
MT;394.0
RN;854.4
CE;480.3
PE;
SP;588.8
PR;
BA;611.8
GO;
MG;450.9
PA;431.8
MA;438.5
MG;807.2
MG;590.8
CE;469.9
MT;586.8
MS;
CE;542.4
BA;565.7
PE;644.4
SP;392.4
ES;586.2
PB;671.4
RJ;
SP;376.0
BA;729.6
BA;519.8
RS;811.3
CE;423.1
GO;486.2
RO;742.3
RN;710.5
PR;419.8
MG;691.1
BA;
MG;550.8
PE;619.6
CE;538.7
SE;440.6
PA;650.7
CE;
CE;553.8
CE;555.6
BA;561.4
MG;618.0
ES;635.4
AC;
RN;
CE;532.1
MG;
BA;
MG;641.5
RN;526.1
SP;428.3
RJ;464.2
AM;378.8
BA;559.2
AM;357.8
SP;729.9
ES;
PE;
RS;
MA;431.6
BA;550.1
GO;487.0
RN;650.6
PI;
MA;424.3
BA;493.1
CE;411.6
MT;405.3
BA;408.0
CE;496.1
SP;428.9
CE;591.2
MG;
SC;807.3
PB;391.3
SP;517.1
TO;575.6
PA;467.8
SP;
TO;519.1
RJ;541.3
CE;393.5
CE;759.4
SP;584.5
CE;670.4
SC;
SC;499.4
PA;
RJ;791.3
MT;695.9
GO;417.4
MG;430.0
SE;438.3
SP;
MG;589.5
PB;365.0
MA;
PA;402.6
SC;701.9
RN;784.9
PA;716.8
RS;433.4
CE;
PB;371.3
GO;491.7
PA;546.8
RJ;
BA;
MT;472.5
SC;733.7
SC;
RJ;507.0
CE;468.8
GO;
GO;
MA;424.8
PB;786.0
SP;411.2
PI;440.5
PE;
CE;393.2
PA;605.0
SP;
MG;822.8
SP;598.5
BA;
MG;728.0
GO;629.7
PE;
DF;502.9
SP;723.4
BA;601.2
PB;449.3
MA;545.1
BA;709.0
AL;575.3
AL;
PA;
ES;577.7
GO;868.7
SE;505.5
MG;
PB;
RN;656.7
PI;768.6
SP;625.8
MG;541.7
PA;451.2
PB;441.1
RJ;406.7
CE;506.1
PA;503.8
SC;514.7
GO;385.1
CE;
CE;
RJ;560.3
MT;691.3
BA;687.6
BA;559.6
PR;699.2
BA;553.2
RS;585.9
CE;497.9
GO;
PI;404.5
MG;476.7
RS;576.8
PB;502.3
PE;
BA;410.1
GO;
PI;412.7
SP;486.3
MG;
MG;743.8
MA;
PB;364.5
SP;423.3
MA;478.0
PA;384.4
GO;
BA;512.4
GO;445.6
GO;
SP;796.7
RR;601.6
RJ;
CE;703.1
MG;
CE;528.3
MG;776.1
RN;565.0
BA;
PE;662.4
GO;
MG;702.5
RJ;497.2
MG;451.4
CE;444.4
PR;806.4
ES;
SP;385.7
BA;365.7
SP;581.9
DF;422.0
RS;766.1
PR;637.9
SP;498.8
MG;571.1
MG;524.0
SP;
GO;429.5
MS;421.7
MA;534.8
BA;607.9
MG;703.1
MG;618.4
SE;
PI;381.5
SP;601.6
PA;523.8
MG;543.4
BA;364.1
MG;722.7
SP;454.2
MT;
AL;443.1
RJ;
AM;651.7
PA;388.6
MG;401.9
GO;
MG;
SP;499.2
GO;360.1
RJ;423.8
PB;598.8
RJ;513.5
MA;704.4
MA;373.5
CE;515.3
PI;700.9
MG;436.5
SP;607.0
RJ;540.9
SP;556.1
MG;
RO;
PI;497.4
MA;432.7
SP;568.8
RS;
MG;630.3
BA;410.3
SP;688.9
PA;548.6
MT;698.8
CE;396.8
CE;618.5
SP;498.7
BA;403.9
MG;706.8
CE;530.2
RJ;678.1
PE;387.4
BA;502.6
PE;371.4
PE;412.5
PI;688.8
RS;710.6
PR;493.4
PI;593.1
GO;671.9
RJ;
GO;634.4
PE;401.7
BA;
PE;608.9
SP;755.0
RN;
SP;626.4
PA;569.2
RJ;489.2
SP;
PE;653.5
PE;402.0
CE;409.3
BA;591.9
CE;687.7
PI;397.0
MG;404.3
MS;435.2
PI;793.4
MG;473.7
MA;489.6
SP;
SP;718.4
GO;767.4
GO;479.2
RJ;
SP;707.0
BA;400.4
BA;512.5
CE;539.3
BA;464.6
BA;579.5
BA;438.2
SC;
PE;710.0
RS;944.1
CE;402.5
BA;635.5
ES;586.3
PE;442.6
DF;
PR;501.4
AL;589.7
MT;536.1
BA;
RJ;516.4
GO;
BA;783.3
MG;
SP;634.4
BA;476.9
GO;490.8
DF;
GO;587.8
RJ;695.9
PE;536.4
RJ;638.9
AL;410.4
MA;
PE;573.3
RJ;390.6
SP;607.6
BA;
SP;
PA;524.5
PB;558.8
MG;
MA;
PA;534.3
BA;407.7
MG;
SE;457.0
PI;616.3
PE;655.8
GO;602.9
DF;498.3
PE;574.6
DF;553.5
MG;
RS;
SP;543.7
GO;
PR;522.4
MS;516.8
RJ;488.0
MA;464.3
SC;691.1
PA;412.9
DF;
MG;700.5
SP;725.7
CE;451.0
SP;803.5
MA;375.6
RJ;509.4
CE;507.7
GO;565.5
SP;613.8
GO;415.3
MG;414.2
MG;606.6
AM;400.8
DF;390.4
RJ;674.0
AL;408.6
SP;755.5
PE;
PB;497.0
GO;401.1
DF;551.8
MG;
AM;457.7
CE;376.0
RN;465.1
SP;
MG;581.3
PA;506.9
SP;466.8
CE;438.4
RN;411.2
CE;432.2
SE;404.9
PB;666.4
PE;517.5
CE;566.9
PE;411.9
SP;637.4
RS;
ES;
AP;
RS;928.5
PB;558.3
RN;452.5
MA;542.3
PE;407.4
PE;519.0
MG;429.1
SP;565.6
PA;399.3
PB;564.0
RJ;502.6
GO;445.6
MG;635.4
BA;532.7
MT;408.2
PA;485.3
PA;412.1
AL;
MG;526.5
RN;487.3
RJ;731.9
PR;603.5
MG;
BA;477.5
MA;
SP;723.4
SP;727.8
PE;479.2
RJ;388.4
RJ;477.1
SC;
MT;388.6
PR;504.2
RS;
PE;742.3
CE;731.2
RS;427.5
MG;599.1
CE;
SP;689.7
MG;578.9
PI;457.1
GO;526.9
SP;716.4
PI;625.1
SP;583.1
PE;679.6
MG;
CE;806.5
SC;673.7
GO;402.1
CE;386.6
PA;521.7
MA;492.8
CE;
BA;482.2
RN;553.4
GO;387.2
RJ;450.9
GO;
PE;653.9
RS;
PI;
MT;
MG;
GO;436.8
RJ;542.9
BA;502.3
RJ;
PA;551.9
SP;831.7
RJ;
GO;466.3
MG;694.1
PR;538.3
DF;531.7
ES;561.7
CE;470.0
GO;608.9
RR;626.2
CE;479.3
CE;374.5
GO;384.8
SP;
SP;444.7
SP;779.0
AC;388.0
MG;679.5
MS;523.5
MT;
RN;552.6
GO;
PB;473.5
BA;445.1
GO;470.9
PE;380.3
PA;558.2
SP;492.4
GO;504.4
RS;
SP;381.1
BA;
MG;
PA;466.3
PA;
ES;412.5
PA;399.0
RS;654.9
CE;508.9
CE;421.8
PR;
PB;517.4
MA;418.0
PA;517.4
CE;408.1
RN;394.5
SP;
MG;377.3
PI;448.6
MG;
PB;726.2
MT;677.7
PE;506.6
MA;443.4
PE;654.6
MG;439.8
SP;451.6
RJ;738.5
PA;489.3
SP;667.5
ES;
CE;454.6
RJ;654.7
MS;447.2
GO;
RJ;588.4
RJ;756.3
MA;
MG;632.0
CE;429.8
PB;
RN;384.7
PI;480.3
GO;465.0
PI;571.4
GO;493.9
SP;666.1
SP;
SP;410.9
PB;692.4
BA;666.3
MG;390.2
MT;620.3
GO;
MA;460.0
BA;473.4
BA;453.1
MG;661.3
RS;528.1
MG;429.2
RJ;698.1
RJ;408.2
BA;469.2
BA;429.7
PA;623.6
PE;573.1
RS;
GO;475.0
PI;
PR;
GO;424.2
CE;408.8
SP;831.0
RJ;495.1
GO;425.9
SP;586.3
CE;630.9
PB;540.8
BA;621.4
RJ;380.3
PB;431.5
MA;482.0
PE;633.8
MG;431.2
RJ;
CE;376.2
SP;639.4
MT;536.8
SE;480.3
RJ;
CE;415.0
BA;456.9
MG;732.7
PE;482.7
MG;569.2
CE;477.1
PA;428.7
GO;414.9
MG;
PR;
SP;
RJ;713.9
GO;508.7
CE;
RS;
PI;397.3
RJ;547.8
PE;731.8
PA;642.0
PI;509.1
PE;607.2
PI;695.5
PI;
MG;688.8
SP;485.1
MG;427.2
RN;427.2
PA;
PR;
AL;521.6
RJ;706.0
SP;654.8
SP;698.0
GO;646.1
SP;413.6
BA;585.8
CE;459.3
CE;485.0
CE;515.2
GO;625.8
GO;459.3
RJ;811.6
MA;740.5
BA;
GO;559.7
SP;441.8
BA;415.0
CE;
MA;462.6
RJ;629.5
SE;719.8
PE;417.2
SP;613.7
PA;684.4
CE;381.6
PB;817.9
MG;
GO;392.5
GO;610.9
RN;463.9
RN;499.0
CE;414.9
CE;
CE;
PA;372.7
PR;
SP;458.4
MG;449.5
SC;405.5
SC;474.7
RJ;594.5
BA;510.5
RJ;557.9
CE;589.1
SE;707.9
PE;627.4
SP;794.6
PI;687.7
RN;414.9
CE;701.3
CE;394.1
GO;
RN;
AM;447.6
RJ;604.9
PE;439.4
MA;
BA;528.5
RN;443.0
DF;883.3
TO;
GO;616.1
DF;
SE;
PE;608.0
SP;463.5
RJ;507.9
RJ;
GO;415.8
SP;377.6
MG;424.0
GO;586.9
RJ;612.2
SP;483.0
GO;363.1
PE;390.7
DF;756.4
CE;
PB;556.9
BA;390.0
PB;505.4
GO;454.8
MG;584.1
CE;414.1
GO;457.3
BA;615.7
MA;603.2
RS;
CE;
MT;411.7
AL;499.9
CE;677.0
CE;
PE;750.7
BA;645.7
SP;
MG;443.0
MG;634.7
GO;564.5
PE;716.9
SC;602.5
MG;790.4
GO;418.5
PE;486.9
GO;407.4
ES;465.0
SP;
MG;502.4
SP;
DF;435.9
PE;461.3
AM;
DF;408.8
MG;432.2
RJ;559.3
GO;430.5
PB;
PB;452.3
RN;446.0
BA;511.5
PA;
RS;550.7
BA;
GO;586.8
PI;617.5
GO;
RJ;
BA;708.1
RJ;561.4
MG;540.7
MT;385.5
PA;683.1
MS;788.3
RJ;475.8
RJ;710.4
RJ;
GO;492.5
RN;631.7
RJ;674.1
GO;472.2
RN;
PE;518.0
MG;615.3
PB;672.8
MG;665.7
CE;511.6
RN;
AL;429.0
RJ;573.3
PE;536.9
PE;441.7
AL;569.0
RJ;827.5
PE;570.8
PR;450.9
SP;614.2
MG;
CE;368.8
SP;384.5
SP;
GO;
BA;
TO;
ES;390.6
PA;385.3
BA;762.4
PA;491.4
PA;
SP;467.0
RN;
CE;
PA;
CE;472.1
GO;429.9
SP;
RO;
PA;
SP;642.6
GO;572.9
CE;394.3
GO;461.5
PB;397.1
BA;555.9
ES;
ES;610.5
RJ;758.4
RJ;517.9
MG;447.4
BA;412.3
SP;414.8
SC;
DF;659.1
SP;
SP;482.3
MA;399.9
MG;697.7
CE;448.8
RN;428.5
PB;546.1
RJ;659.4
PE;628.8
RS;531.9
CE;560.7
ES;685.7
MG;535.9
MA;388.1
AM;445.1
RS;
RN;411.4
GO;377.6
AC;
PA;542.3
CE;447.5
SC;391.3
AM;
CE;
RJ;547.3
MG;858.9
MG;711.6
MA;672.4
GO;433.1
GO;
MG;463.3
MT;707.8
RN;581.4
GO;399.9
AL;
CE;436.8
ES;
BA;
MG;
PB;671.8
PA;724.5
MG;623.7
MG;630.6
CE;440.0
MG;545.1
PA;406.9
RJ;
PB;428.8
PA;579.6
GO;
GO;507.8
RS;544.1
ES;668.2
SC;
MG;572.1
GO;
GO;547.7
PB;
RS;
PE;506.3
PR;
CE;399.6
MG;635.2
GO;536.0
MG;519.7
CE;445.8
ES;393.9
CE;443.8
RJ;818.8
PB;618.5
CE;449.2
ES;523.5
PA;395.6
MG;417.9
CE;424.1
PI;472.6
PE;614.8
GO;397.0
PE;709.0
PE;555.5
SP;699.4
PR;
SP;534.2
MG;618.9
CE;452.1
RJ;562.8
CE;622.4
GO;631.4
RS;666.9
BA;606.1
MG;695.5
PR;732.0
AM;
MA;516.1
RN;702.7
GO;371.7
RS;642.8
MA;717.0
PE;
MG;
MG;511.4
DF;612.2
RJ;717.5
MG;444.7
GO;521.4
CE;824.5
SP;659.2
RJ;401.5
RN;545.9
SC;614.5
GO;394.3
SE;489.5
MG;690.3
RS;485.7
GO;567.1
MG;553.7
SE;515.1
SE;432.1
PB;399.7
CE;406.0
AL;
PA;562.4
RJ;707.5
MG;395.1
CE;565.2
PE;
PA;373.5
AL;536.4
MG;764.4
SP;625.0
GO;
AL;458.5
RS;626.7
PA;516.5
PR;669.6
PR;
MA;508.7
BA;488.5
DF;423.8
MG;759.6
SP;395.6
BA;692.1
BA;443.1
PR;496.1
CE;375.5
PA;475.7
PR;719.1
SP;512.5
SP;
AP;456.6
BA;509.2
RJ;457.5
MG;378.3
TO;502.7
MS;
SP;473.7
RN;616.7
PE;
AM;490.3
CE;380.1
CE;
MA;479.7
CE;515.6
DF;410.7
RS;595.9
DF;594.5
SP;714.1
BA;631.7
AM;390.9
PE;460.9
RS;586.2
CE;
SP;443.8
RS;511.1
SP;619.4
PA;481.4
RJ;415.4
SP;
SP;466.7
PI;743.8
TO;
PB;495.9
MA;438.6
MA;412.0
RJ;432.2
MG;786.7
PR;
CE;692.8
SC;710.6
GO;512.7
GO;
CE;
RJ;
CE;
BA;466.9
GO;
MA;425.9
GO;600.5
RJ;550.9
SP;452.7
SP;388.4
CE;613.6
AL;672.5
BA;
PB;686.1
MG;646.6
ES;480.2
CE;511.3
SP;441.2
PE;700.6
PI;616.4
MA;447.7
SE;548.2
GO;396.9
CE;451.7
DF;703.5
PE;
PA;478.2
SP;509.0
BA;
CE;442.9
AL;
MG;536.5
GO;497.6
RO;438.0
PE;607.4
AM;454.8
PE;452.2
MG;486.5
TO;359.3
GO;503.5
SP;497.4
GO;
RJ;457.7
RN;411.2
SE;469.6
DF;
MG;776.4
BA;
PE;616.9
ES;405.3
MG;507.6
PI;683.4
GO;657.5
BA;
MA;386.3
MA;
MG;637.7
RS;
SE;376.9
PI;413.0
PI;559.0
MA;463.9
SP;416.5
PE;527.9
BA;435.0
DF;441.0
MG;514.3
RJ;558.4
CE;421.9
ES;436.7
ES;761.2
PA;476.6
PI;
RN;617.8
BA;425.7
GO;530.7
CE;491.6
PR;
PR;719.9
BA;398.5
CE;579.6
SP;
RN;414.4
SP;543.9
GO;477.6
MG;566.6
MA;417.6
RJ;684.7
AM;
AC;
PE;438.6
MA;502.9
SE;713.2
DF;427.0
MG;481.2
SP;433.6
PE;
RN;632.6
PE;409.3
RJ;
PE;423.9
PA;
MG;500.0
SP;598.0
PE;486.3
RS;604.0
BA;552.0
CE;
PA;
BA;444.1
PA;433.3
GO;
CE;419.2
PE;
RJ;
RS;429.5
CE;422.3
PE;512.5
SP;522.8
MG;
RN;
PI;470.5
BA;543.2
PE;468.9
RJ;537.7
MT;647.6
RJ;569.7
SE;496.9
PB;472.9
CE;
CE;538.4
PA;
SP;
TO;453.8
CE;399.5
SP;436.3
RJ;517.4
PA;370.8
RJ;492.3
RN;683.2
AM;479.1
RJ;586.8
MA;570.2
MS;654.4
CE;
CE;413.4
MG;702.8
PE;511.2
GO;610.2
PE;
MG;592.9
RO;596.1
PB;
SE;478.7
AM;448.2
RJ;432.7
MG;702.9
AP;381.5
MG;
PR;416.4
PR;693.7
AL;439.4
RN;479.7
RJ;
MA;419.2
SP;803.3
PE;462.9
PE;461.9
PR;533.6
GO;533.0
RJ;491.6
SP;912.3
CE;473.6
PE;551.5
RN;
BA;513.7
ES;437.1
PA;389.1
SE;580.2
BA;440.7
RJ;414.2
TO;804.7
BA;
GO;481.3
SC;576.2
AL;436.7
SP;
RN;646.1
SP;627.2
MG;451.2
PI;421.7
PR;727.7
BA;
PI;402.9
MG;737.3
GO;
DF;
BA;459.8
RJ;446.9
MA;557.0
BA;592.0
PE;
ES;
GO;
MA;619.6
PB;636.5
AM;566.5
BA;409.7
MG;493.2
SP;
GO;
SP;
CE;
SP;647.9
PE;
CE;732.0
RS;470.5
PA;391.9
ES;612.5
PE;494.2
GO;480.3
CE;874.3
PI;483.8
PB;634.8
PB;436.6
GO;561.5
RS;537.3
SP;471.9
SC;586.3
CE;663.4
RN;563.6
PA;653.6
PB;466.6
RJ;558.2
CE;548.0
SC;741.5
MA;443.6
SP;524.0
BA;785.4
CE;509.6
CE;467.7
AM;422.4
RN;404.4
MG;469.2
SP;375.6
BA;
MS;434.1
AL;680.4
GO;563.7
RJ;
RS;451.3
TO;669.2
SE;481.0
AL;601.4
GO;400.2
CE;
RJ;
SP;524.4
PE;500.8
SP;475.4
DF;609.6
RN;650.6
PA;
BA;
PB;487.7
MG;723.1
MG;403.5
CE;459.9
ES;
PE;643.5
SP;617.9
BA;446.9
PA;432.2
SC;613.6
SP;506.3
PA;455.4
BA;473.4
MG;424.3
MG;
CE;
AL;385.2
PB;481.2
DF;504.0
AM;441.1
PA;423.8
AC;421.2
RJ;421.6
RJ;550.3
RJ;461.9
RS;660.7
RJ;527.0
MG;
SP;613.8
CE;
MS;701.0
DF;
GO;596.3
SP;791.5
AL;
RJ;744.2
AM;694.2
GO;445.2
PE;495.8
GO;436.2
SC;
AL;
BA;
GO;564.9
SP;494.7
MA;718.5
RJ;438.8
MG;484.5
GO;488.0
PE;445.3
CE;409.0
RS;493.9
GO;404.0
GO;407.2
CE;404.6
RN;577.5
PB;429.4
CE;
CE;617.3
GO;611.1
SP;534.7
MA;508.7
MG;647.8
MT;638.6
GO;
MG;446.0
RS;572.4
RS;599.8
MA;
BA;
ES;409.8
CE;444.0
CE;
PE;614.2
BA;499.6
DF;579.0
CE;414.2
MG;
MG;642.9
RJ;490.5
CE;693.0
CE;465.1
PE;
BA;656.8
RJ;
SE;643.3
BA;595.7
PB;564.6
PA;378.7
SP;507.2
CE;428.7
CE;416.2
PE;430.5
CE;
RS;618.2
PA;
PR;518.0
DF;
PI;768.1
PB;627.9
PR;707.8
GO;
SP;
RS;451.4
PR;
DF;
BA;
BA;497.6
PA;496.6
BA;427.5
PA;437.8
MG;674.2
GO;580.2
CE;460.7
MA;691.3
SP;652.5
SC;543.8
SP;546.4
RO;
ES;
BA;677.5
GO;661.6
PB;415.5
MS;521.9
PB;
CE;463.6
PR;697.7
SP;653.3
MS;435.3
PE;428.1
GO;391.0
RJ;477.6
AL;669.7
CE;735.1
GO;506.0
CE;411.1
PA;784.8
GO;506.7
MG;627.2
PB;476.7
CE;481.4
MG;741.7
RJ;
PI;549.0
MG;738.0
PB;704.4
BA;604.0
MG;624.3
PE;753.7
DF;386.0
PB;560.7
DF;
PE;476.5
RJ;481.3
MG;618.8
SP;478.9
RJ;497.9
RS;
RJ;417.4
SP;788.9
SC;459.0
PA;381.7
BA;670.0
RJ;464.5
CE;618.9
BA;547.5
PE;462.9
RJ;603.0
CE;443.7
AP;655.1
GO;594.0
MG;625.3
CE;
AL;450.5
AM;
BA;678.4
RS;
GO;397.6
BA;
PI;438.2
BA;505.4
PR;464.9
MT;447.9
ES;492.4
MA;
ES;481.2
PE;
PI;804.5
DF;428.1
RS;676.5
SP;804.9
SP;527.6
PA;512.0
MG;367.9
RN;396.0
CE;481.8
RS;388.1
PI;597.6
PR;694.1
SP;583.7
RN;739.5
PI;
PA;565.3
SP;462.6
BA;
MA;
CE;419.3
BA;529.5
AM;
BA;401.7
BA;
CE;
BA;453.0
BA;473.5
MG;
RN;783.3
CE;675.5
BA;490.1
CE;
PB;481.2
RS;621.7
PR;
SP;404.9
CE;585.3
BA;475.9
BA;494.7
SP;643.8
BA;558.6
MG;630.4
GO;641.3
PE;520.5
MA;
SE;437.7
PR;511.9
ES;668.5
MG;686.4
MG;688.9
MG;
MG;570.2
BA;
CE;510.6
MG;381.0
MG;450.6
RS;656.9
AM;524.4
PE;474.9
AC;419.2
RS;
PB;
PR;785.3
GO;474.5
DF;457.0
SP;626.4
PE;583.6
SP;680.2
PB;425.6
SE;727.6
AL;514.3
PB;425.9
RO;436.3
MG;400.6
MA;
AL;608.7
MG;
GO;374.5
CE;636.8
DF;
MG;
MG;
SE;459.9
MA;386.7
CE;414.6
MA;409.9
CE;631.8
MG;768.4
MG;469.8
MG;828.8
CE;514.5
SP;550.3
BA;397.0
BA;659.1
PA;503.3
BA;
PB;392.8
PE;
PR;645.6
BA;430.1
PB;608.3
MG;387.4
BA;511.1
GO;490.2
MG;610.9
SP;584.8
SP;770.0
RS;676.5
BA;676.5
SC;418.8
CE;629.7
PA;435.6
GO;507.6
MG;827.1
PA;
BA;
PE;473.7
PA;437.0
PE;660.1
PI;527.4
RS;
PI;764.1
BA;493.9
PE;
MG;595.4
BA;483.4
PB;
GO;
RJ;421.4
PR;750.2
RS;457.1
RS;553.7
GO;406.0
GO;499.6
RS;634.7
TO;
SP;
CE;494.8
RN;689.2
SE;498.8
BA;442.0
PA;436.3
PE;632.8
GO;502.4
PA;458.7
CE;436.8
MA;412.3
RJ;636.0
BA;429.8
PR;576.8
PB;
MG;527.9
RJ;
SP;
SP;420.0
BA;377.2
SP;692.4
PB;485.3
PR;496.9
PR;
MG;550.8
PA;614.5
GO;477.2
PI;785.8
MG;645.1
CE;532.3
PE;441.7
SP;435.0
RS;698.7
BA;434.9
ES;630.5
MG;
PE;561.3
SP;471.6
PE;
SE;
CE;570.0
PE;553.0
PR;690.0
BA;763.3
CE;537.3
CE;498.2
DF;
RS;727.4
CE;673.3
RJ;676.0
PI;656.6
GO;
PA;525.1
CE;400.7
SC;737.3
RJ;548.7
CE;634.2
SC;675.3
ES;644.6
BA;416.3
SP;702.2
PE;621.1
CE;432.9
BA;668.7
DF;743.7
SE;555.7
MG;360.7
RJ;458.6
GO;
MS;567.4
DF;712.3
SP;542.1
DF;632.1
PI;579.7
MG;580.3
GO;460.0
CE;428.0
CE;428.6
MG;564.8
AM;447.9
PI;425.0
RJ;
PE;
CE;593.1
MG;713.4
RJ;
MA;415.9
AL;509.2
BA;690.1
MS;592.4
PE;527.9
SP;405.3
PA;
CE;452.7
PE;
ES;481.7
MG;754.9
RS;611.9
ES;684.9
RS;558.8
RJ;427.9
PA;535.6
MA;539.2
PB;387.4
SP;
PI;380.3
CE;451.7
MS;
RJ;452.2
PR;647.9
CE;
GO;400.5
BA;769.5
PE;463.0
BA;646.1
BA;479.0
CE;380.3
PR;704.0
SC;704.3
CE;473.9
MG;470.9
MG;616.1
SC;558.0
PR;658.7
PI;462.3
CE;446.4
PA;757.6
CE;402.1
PA;537.1
SP;594.3
SE;384.9
CE;402.2
SP;520.9
RJ;777.6
CE;801.6
SP;663.8
PR;435.8
SP;529.1
MA;
CE;568.1
RS;405.8
CE;533.1
PA;
MG;387.2
CE;669.7
SP;
CE;702.6
CE;
PR;467.5
PE;419.0
RJ;668.9
SP;547.6
RS;531.9
DF;631.6
CE;537.3
MG;607.1
PE;559.5
PA;430.0
RN;694.5
CE;460.7
GO;
ES;560.2
PI;452.8
CE;
MG;620.3
PA;
SP;388.3
MA;535.2
PE;481.6
PE;705.5
SP;444.3
CE;624.7
PI;
CE;
PB;
PA;400.9
DF;508.6
GO;428.6
SP;501.4
CE;517.2
BA;608.8
MT;629.9
RJ;720.3
DF;417.1
PA;516.4
MA;427.9
MG;
SC;549.8
RN;699.0
SP;488.0
MG;372.4
SE;544.8
MA;572.5
GO;
PE;506.7
PB;429.1
TO;451.6
MA;
SP;724.6
SE;595.2
CE;545.2
PB;616.7
MG;
MA;
PB;445.5
SC;610.2
PR;456.2
PA;532.6
CE;472.9
AL;846.4
MT;
PI;428.8
PE;424.6
RS;
PA;413.6
GO;
BA;
BA;700.9
RO;526.6
CE;
GO;393.5
PA;
SE;586.5
DF;519.4
BA;387.5
CE;
MA;677.2
SP;
PE;683.8
MA;416.9
MG;469.2
SP;541.9
SE;564.6
GO;404.7
RN;476.4
MA;
RS;
SP;
BA;
CE;624.7
PA;503.0
AL;513.3
MA;428.3
CE;420.6
BA;
MA;
RJ;406.8
DF;
MG;544.1
CE;581.1
MG;718.8
SP;547.9
BA;642.7
SP;
SE;591.0
PE;
PE;379.7
PR;526.3
AL;375.5
BA;
RJ;429.3
BA;477.1
SP;475.2
PB;485.7
CE;416.8
SP;
PR;
RJ;484.9
RJ;435.5
PE;477.1
RS;475.0
ES;515.5
PE;624.5
PR;542.4
MG;521.1
CE;
SP;663.2
CE;505.5
SP;698.0
MA;535.7
PE;467.2
SP;457.5
BA;
MG;561.2
PA;390.3
MG;546.1
BA;408.5
MS;500.1
RN;612.1
SP;645.0
MG;521.1
RN;682.8
MA;426.8
MA;422.7
PA;475.7
PB;720.7
MA;
GO;453.9
RJ;415.1
MS;
RS;401.2
PR;
RS;521.5
PE;579.7
SP;702.8
PA;
CE;490.8
CE;480.4
RS;
MA;447.9
BA;
DF;
RS;527.1
MG;629.6
PA;538.3
MA;513.6
PE;704.7
SE;472.8
PE;410.8
RJ;424.0
RS;748.7
SP;742.4
BA;401.0
RN;439.5
MA;374.7
MG;
CE;
BA;655.6
SP;520.3
PA;472.6
PE;474.4
SP;633.5
RJ;476.4
GO;
GO;484.6
BA;533.2
MA;396.5
PA;478.5
AP;
MA;622.1
ES;575.3
RJ;
CE;532.8
ES;432.0
MG;493.4
CE;553.0
RN;498.1
RS;731.7
SP;817.2
CE;526.0
SE;
MG;457.3
SP;627.9
BA;390.6
BA;521.0
PB;468.1
BA;629.0
MA;557.6
RS;465.0
RJ;432.7
SC;667.5
RS;630.6
CE;
SC;444.2
RJ;466.3
SP;590.6
CE;639.3
MG;381.0
MG;621.3
MA;
BA;
MG;639.1
RJ;395.9
MG;
GO;
MA;536.9
SP;510.5
CE;
ES;516.2
MG;603.1
ES;
RJ;569.1
SP;
PB;588.6
CE;675.4
PB;452.2
AL;618.6
PR;379.2
SP;498.5
PB;
AM;519.0
MG;659.1
PB;599.6
PE;
PI;
BA;451.0
PR;437.3
MG;726.3
GO;364.8
RJ;431.7
SP;
PA;477.5
RN;680.9
CE;464.9
GO;
SC;851.0
ES;438.6
PE;407.0
RJ;716.7
DF;634.5
SE;571.2
PA;
GO;363.1
BA;469.5
AC;
GO;512.4
RJ;508.0
AL;443.4
ES;624.6
DF;803.0
AP;475.7
PE;637.2
PA;
AM;
SP;439.2
SP;
BA;481.3
RJ;712.3
RN;454.2
MA;530.7
MG;681.4
RS;
AL;368.9
SE;498.4
CE;501.1
RS;490.1
SP;494.2
ES;439.0
MG;412.9
PI;606.9
TO;467.4
GO;455.3
RJ;516.9
GO;578.8
BA;402.8
CE;559.5
PE;406.7
SC;539.1
RS;398.0
PA;677.9
BA;707.3
MT;425.6
SP;411.9
SP;594.9
SP;614.0
RJ;508.2
PE;441.5
SP;
PB;692.2
CE;515.1
GO;572.5
AP;501.8
PE;571.5
MA;460.3
SP;687.5
RJ;473.9
MG;473.7
BA;430.7
AL;709.1
GO;479.9
SC;439.5
PB;488.6
CE;406.5
RJ;587.9
AM;575.2
MA;519.1
SP;522.6
GO;
PB;552.6
RS;484.9
RJ;427.7
RJ;806.4
GO;
PB;843.6
CE;594.8
PE;531.3
MS;
MA;460.8
PA;598.2
MG;496.1
MG;432.7
TO;384.3
ES;
CE;490.4
PE;758.6
CE;415.2
SP;756.7
BA;
RS;542.0
BA;571.3
AL;661.4
CE;366.0
SP;730.4
RJ;689.0
RJ;449.9
RJ;408.8
BA;497.6
MG;619.0
GO;531.7
SP;570.4
MA;569.6
PA;419.9
CE;528.8
BA;467.3
MG;665.3
PR;453.6
MG;478.1
SP;
PA;403.3
RN;657.1
MG;672.7
MS;448.8
PR;545.1
BA;498.9
SP;679.9
PE;682.5
ES;679.6
RJ;613.4
PR;388.4
CE;496.6
RJ;642.8
GO;651.9
BA;583.3
BA;382.0
CE;
PE;
SP;735.6
PI;
MG;662.0
RJ;396.5
PI;492.3
BA;485.7
PE;492.9
SP;
BA;429.0
GO;
PR;510.3
DF;
GO;401.9
RJ;
CE;414.8
AM;
RJ;667.2
PA;479.3
SE;599.1
RJ;451.2
BA;
RJ;452.0
CE;
RS;536.3
ES;418.2
RS;518.2
BA;479.8
PA;402.4
PA;
SP;632.0
PB;408.9
GO;710.1
PA;
MG;597.4
RS;706.6
SC;
SP;550.4
SP;425.8
BA;407.4
MG;466.6
MG;721.7
RJ;403.3
SP;409.4
GO;707.3
BA;669.2
GO;
CE;679.5
GO;
PR;433.9
DF;679.1
CE;560.6
BA;515.7
CE;
PB;
BA;575.0
MA;
PB;442.0
BA;528.9
PR;605.6
PE;593.4
CE;629.9
BA;455.0
MG;724.5
PA;429.2
SP;582.5
RS;
SP;
TO;
MT;
CE;528.0
SP;662.7
BA;879.1
RJ;620.4
PA;478.7
RS;688.3
PA;418.5
SP;677.7
MA;548.2
RS;
PA;406.9
PA;422.0
SP;
SC;
CE;491.1
GO;460.1
SP;
PI;489.2
RJ;630.7
PB;430.7
PR;
MG;424.9
PB;567.8
RJ;395.5
SP;609.0
SC;421.2
CE;367.0
ES;544.1
SP;769.8
CE;507.1
TO;418.2
PA;533.6
PE;527.0
MA;403.6
PB;654.2
PE;568.1
PI;451.5
BA;502.0
SP;662.2
MG;
PA;
RJ;
MA;378.6
CE;481.2
PB;424.6
MS;
SC;
RJ;634.2
PE;438.4
MA;
ES;582.3
PE;598.1
CE;
PB;590.1
PE;
GO;
RJ;685.8
SP;612.7
GO;585.9
BA;392.7
AM;
PR;
AM;452.1
SP;398.6
SP;612.8
BA;519.1
BA;451.0
CE;492.5
PE;436.5
GO;649.9
RJ;
CE;495.0
PI;421.1
CE;626.3
RS;658.4
SP;659.4
AL;
GO;503.5
PA;423.7
RJ;513.2
RJ;423.2
SP;511.2
GO;411.4
PI;443.0
PA;411.8
MG;494.2
RN;616.4
RO;
MG;473.7
RS;641.4
BA;461.7
BA;553.8
CE;418.0
GO;561.1
MA;432.8
MA;658.6
SP;417.2
CE;515.9
PB;
BA;595.5
BA;
PA;476.8
RJ;
BA;497.8
AM;649.3
MT;457.0
SP;602.3
PE;705.3
RJ;
AL;405.3
PA;513.2
MG;
BA;
RJ;446.8
PR;
AM;397.7
MA;502.7
PR;670.9
SC;683.6
CE;411.8
AP;393.7
PA;
CE;651.2
BA;445.8
PI;434.1
RS;
MG;676.9
CE;
MG;689.7
AL;779.4
GO;584.6
RN;554.7
GO;635.4
AL;480.0
CE;645.9
SP;705.9
CE;422.5
SP;676.3
AL;593.3
PR;451.3
RS;666.6
AM;416.5
MT;
BA;486.4
PE;434.0
PE;646.8
MG;
PR;
SP;
GO;
MG;404.5
SE;539.4
MA;535.8
CE;448.5
PR;452.2
RJ;485.0
AL;379.9
DF;603.7
MG;695.2
SP;763.3
MG;427.5
RO;778.3
PA;621.4
AL;602.5
GO;431.0
PI;745.6
SC;751.0
BA;622.9
CE;414.6
RN;394.0
SP;773.6
CE;437.5
AM;387.5
BA;
MG;760.2
PA;544.4
AL;
BA;582.1
RO;406.2
AL;627.2
PA;357.8
CE;422.5
RS;605.0
GO;385.0
MG;476.6
PA;668.1
SC;
MG;529.1
PE;410.3
PR;503.1
BA;408.0
PI;515.1
GO;
BA;
PI;415.4
BA;557.1
SP;637.8
BA;423.5
CE;488.1
PR;
BA;517.4
PA;396.7
CE;493.5
PB;543.3
AL;
RS;839.1
TO;620.4
CE;
GO;431.7
PR;
MG;394.9
PI;452.5
SC;729.2
RS;485.2
MA;385.8
SP;476.9
MG;
PB;
PE;480.7
PE;511.4
PI;491.8
RS;
CE;529.6
RN;669.8
SP;585.2
SP;475.1
MG;778.3
AL;502.1
RO;585.2
BA;
PE;
RJ;611.6
BA;564.3
PE;
MG;
PR;
PI;683.4
MA;467.9
PA;528.0
GO;
MG;589.7
PE;435.2
MG;
MG;
TO;523.1
GO;673.8
CE;506.3
SE;366.7
AL;481.8
TO;
RJ;612.9
AP;
MG;490.6
RS;445.9
RJ;426.4
RS;419.3
PE;662.6
PI;446.9
RN;441.8
BA;556.3
GO;
BA;444.2
RN;680.6
GO;
AL;629.5
GO;507.6
GO;462.9
SP;597.5
CE;646.4
CE;494.0
MT;538.3
SP;508.6
MG;710.8
PE;733.8
CE;426.5
PE;417.5
SE;447.2
DF;612.7
SP;822.5
PE;664.2
BA;423.0
BA;380.8
MG;467.6
GO;
CE;488.4
RJ;524.2
MT;479.1
SP;702.7
MG;626.7
SC;846.8
MS;681.1
BA;496.7
RS;
GO;494.2
ES;
PA;409.6
PA;399.3
PB;516.6
SP;462.3
PA;442.6
GO;381.9
PA;605.5
PR;496.5
PE;410.6
AM;628.7
PE;656.1
MG;719.5
SP;701.2
SP;
CE;701.2
MA;
SP;390.1
CE;525.7
MG;
BA;669.2
PA;695.8
GO;670.2
CE;557.8
CE;690.3
PA;590.4
PI;
BA;412.3
MA;
CE;503.9
MT;426.0
MG;825.4
PI;476.3
BA;409.1
PB;448.7
CE;604.0
DF;
PR;416.0
BA;470.3
SP;679.9
PE;460.4
BA;452.3
RS;
MG;443.9
GO;487.3
PI;463.0
MG;633.7
BA;
PE;465.0
PI;621.6
RJ;631.4
SP;438.9
ES;457.1
MG;
SP;454.7
GO;427.4
RJ;760.1
BA;681.2
PE;402.9
RN;
BA;552.3
BA;449.6
AC;450.7
MG;700.3
RJ;686.1
SP;944.1
GO;
DF;527.1
MG;490.6
MT;505.2
RN;
MG;373.8
PA;446.2
CE;509.1
BA;453.0
MA;607.1
MG;649.9
PB;661.7
GO;405.9
ES;
MA;
PA;435.7
SP;721.3
PE;522.5
GO;757.4
MT;592.5
CE;407.4
TO;419.4
CE;582.3
BA;
SP;
MG;673.8
SP;
PR;546.6
BA;461.6
BA;574.2
MS;
MG;594.3
RJ;602.9
SP;458.1
SP;573.2
PB;527.2
SE;798.5
CE;567.1
PA;423.6
PB;592.0
BA;630.7
RS;500.8
MA;534.1
PA;
MG;
PI;625.7
PA;377.4
RJ;655.5
CE;
CE;428.6
SP;
SP;723.7
PA;452.1
CE;
MG;481.1
GO;566.2
CE;580.4
CE;476.2
PE;
CE;391.4
BA;397.7
RJ;
RJ;654.4
GO;513.6
MG;617.0
BA;390.4
SP;555.9
MA;
BA;605.8
CE;447.4
CE;686.9
RJ;
SE;439.1
TO;
PE;438.9
MG;538.3
CE;450.9
GO;667.0
SP;
SP;750.6
DF;734.5
MA;454.1
RJ;502.9
RJ;427.3
MA;520.9
GO;366.0
RJ;
RJ;698.6
GO;736.4
MA;380.4
PR;624.4
RJ;
RJ;419.8
RS;432.9
MG;592.7
CE;
BA;394.2
PB;397.0
PE;537.1
RJ;528.0
RS;422.5
RJ;378.1
PB;644.0
GO;528.6
TO;554.9
BA;
GO;
CE;587.2
MG;714.3
RN;507.2
PA;521.9
SP;498.7
RN;589.9
CE;449.3
RO;394.3
SP;402.1
CE;517.1
PE;808.0
BA;410.3
RS;523.6
TO;554.4
MG;568.9
ES;
PI;401.1
PA;461.4
AL;636.5
SP;624.9
MG;774.5
MG;538.1
RS;
SP;425.6
CE;498.5
PR;457.0
CE;462.9
RJ;627.4
RJ;648.8
SE;480.0
BA;434.4
GO;
SP;646.7
MS;508.4
SE;598.1
PE;456.8
BA;425.3
SP;369.0
CE;
MG;639.4
RJ;
BA;379.9
MA;
PA;587.2
PB;590.1
MG;749.3
RJ;441.9
PE;594.6
CE;760.9
BA;479.3
ES;598.5
MT;409.2
RJ;514.9
MA;497.4
PI;472.9
BA;430.3
RJ;
RO;446.4
BA;466.6
MG;614.3
CE;
MG;
GO;
SP;
PE;615.4
MG;647.1
CE;519.6
CE;699.2
GO;530.9
PE;610.9
PR;594.6
PI;416.5
SP;740.9
BA;636.2
RJ;
PA;505.0
CE;
RJ;
MA;521.7
MA;
MG;
MA;622.8
BA;497.1
TO;579.0
PA;576.7
BA;474.4
BA;652.5
PE;
CE;534.5
PB;
CE;703.7
RJ;
PR;519.6
PI;562.6
SE;565.7
RO;543.3
BA;395.1
MG;566.2
RJ;610.7
AL;465.4
TO;
CE;430.8
MG;688.0
GO;548.8
MG;642.4
DF;608.6
RS;630.0
MG;717.3
SP;611.5
BA;592.1
PA;411.4
PA;
TO;632.8
SP;563.4
MG;505.6
MG;
MG;517.8
BA;501.2
PB;540.9
PB;720.8
PE;732.9
PA;426.9
MG;666.9
MT;716.4
CE;724.0
RR;534.7
CE;371.8
MG;426.2
ES;733.5
GO;612.9
MG;629.6
ES;553.9
DF;543.6
CE;428.0
CE;
RJ;
BA;492.7
RS;
PB;
PI;
SC;416.8
RJ;551.8
RN;474.8
SP;
MG;616.2
PR;623.2
GO;
MA;440.2
CE;
PE;403.1
BA;447.6
PR;535.2
PA;
MG;753.2
MG;680.7
SP;600.8
RR;496.9
CE;
GO;
MA;471.3
PR;
BA;426.6
AC;756.8
MG;717.1
MG;
PR;765.4
CE;495.2
SP;437.7
SP;641.8
PA;
ES;792.4
MA;499.0
BA;507.9
MG;407.3
SP;554.9
BA;
BA;400.9
RJ;698.6
SP;453.7
MG;530.4
MA;
SP;657.1
BA;621.6
DF;430.8
SP;581.1
PB;417.3
PB;521.4
GO;479.8
RS;
MA;496.2
MS;432.0
CE;451.0
SP;588.0
BA;459.3
PA;
MG;543.4
SC;732.3
MG;521.7
SP;
RN;447.6
PI;636.6
SP;606.5
BA;484.2
SP;484.0
MG;409.3
BA;
MG;474.7
MG;726.6
BA;627.5
RN;
PR;517.9
RJ;410.1
PR;554.0
PA;431.0
RJ;420.8
AP;444.2
PB;
PA;388.5
SP;458.0
GO;523.3
PR;389.9
SP;615.7
RN;427.9
BA;442.7
RS;474.7
CE;462.3
MG;418.9
PE;383.9
RS;444.4
PE;670.7
MG;584.9
MG;522.4
RJ;404.4
PR;
SP;550.5
MG;
PE;669.7
RS;
DF;476.4
BA;418.1
SP;375.6
BA;457.8
PR;631.9
PE;506.7
RJ;470.6
SE;
PB;550.0
CE;511.1
MA;412.6
RS;676.6
SP;
CE;533.3
GO;561.4
SP;563.8
MG;720.5
PE;454.0
SP;697.1
PA;515.2
SP;796.0
CE;509.8
CE;
SP;656.7
RJ;456.9
PE;787.1
RS;664.8
PR;606.0
RS;432.8
DF;429.7
MA;490.4
GO;652.9
RS;
CE;
BA;531.3
PB;557.7
SP;406.0
MG;
PB;552.1
CE;463.0
CE;629.1
CE;568.8
SP;
MG;
MG;
MG;
SP;
MG;
ES;395.6
GO;569.6
RN;374.1
RJ;389.5
PA;523.5
GO;487.6
SP;588.8
SE;650.4
SP;688.1
PE;550.7
CE;632.3
CE;531.8
BA;708.3
MT;651.8
PB;724.7
MG;554.0
MG;662.9
MG;434.8
GO;447.2
SP;597.8
MG;497.2
PR;420.8
SP;458.4
PB;658.9
GO;595.9
AC;549.1
SP;589.2
RJ;
CE;390.6
PE;437.7
GO;549.1
BA;383.3
SP;577.8
BA;639.4
RJ;441.3
PE;722.5
PR;583.7
SP;472.2
TO;
RS;725.8
SP;618.1
BA;
BA;767.9
GO;482.6
MG;
TO;
SP;569.8
TO;
CE;600.1
BA;
MS;508.9
MG;648.4
MA;580.6
ES;410.6
SP;491.7
AL;489.5
PB;
SP;748.0
BA;484.9
PI;465.2
PE;440.4
PE;371.5
RJ;398.9
SP;389.2
PI;510.2
SE;
PE;533.9
GO;432.0
MG;446.2
CE;
RN;699.1
PB;425.1
MG;561.5
SP;470.6
SC;792.1
RN;515.6
SP;448.1
MG;686.7
RN;
SP;745.5
PI;487.2
MG;
TO;522.7
CE;429.2
ES;
SC;672.0
MG;596.7
PE;664.4
CE;494.0
GO;
SC;657.8
MA;661.1
RJ;475.0
CE;540.5
RJ;530.8
PB;416.2
CE;
RJ;444.5
BA;583.6
CE;465.9
CE;
PR;420.3
RS;
GO;440.6
CE;424.9
RJ;544.5
RJ;446.5
PE;
CE;589.6
GO;445.3
MG;781.2
SP;622.7
CE;418.5
BA;
RJ;
CE;533.6
RJ;486.7
PA;384.5
SP;743.6
PI;
MA;411.2
DF;673.1
SE;
MT;562.3
RJ;
CE;
RN;489.5
SP;
ES;635.6
AM;464.8
CE;630.4
PB;489.8
BA;422.0
CE;703.7
SP;419.6
AL;850.4
MA;
MT;
SC;
PA;437.3
SE;
CE;446.0
MA;542.4
BA;
MA;554.8
MT;739.2
BA;427.4
PI;502.8
PB;538.5
PA;417.0
CE;398.0
CE;403.9
DF;400.5
CE;616.4
CE;419.1
CE;471.4
SE;616.0
GO;562.3
CE;
RN;678.3
RJ;541.1
DF;805.1
PR;407.9
CE;485.3
CE;451.5
PA;
BA;
SP;
BA;430.6
CE;602.9
MG;542.8
SP;595.2
SE;638.2
SE;456.7
SP;634.7
SC;500.4
GO;641.9
BA;496.3
CE;
PA;390.5
PA;457.9
RS;
ES;
PR;
PE;622.9
AM;662.5
PA;
GO;
SP;766.3
GO;
RJ;
BA;470.6
SP;552.7
BA;464.5
CE;472.5
GO;411.0
BA;485.2
PB;488.5
MG;538.5
MA;384.0
BA;430.5
BA;719.9
MG;483.0
SP;643.7
MG;672.6
CE;
MA;487.4
CE;554.5
DF;591.0
BA;457.4
MA;615.2
BA;502.7
PR;624.9
MG;422.2
MT;435.9
CE;448.9
RS;
GO;560.7
BA;646.4
PB;
CE;635.2
DF;466.2
PB;
RJ;447.7
SP;617.8
PR;533.8
PR;473.6
PI;436.5
BA;508.7
PE;413.0
PA;481.6
PR;469.2
RO;666.8
ES;384.4
PE;
AL;
CE;
GO;414.1
MG;815.4
MG;501.5
SE;445.7
PA;401.8
SP;683.5
SE;360.3
MA;571.8
RO;722.4
AM;631.8
CE;683.8
CE;
GO;
GO;397.5
GO;397.6
SP;398.8
MG;
BA;600.4
SP;
SP;736.2
ES;533.9
BA;607.3
RJ;420.0
SP;568.1
MA;515.7
DF;
GO;
CE;462.8
PE;399.9
CE;665.7
AL;538.1
BA;447.3
PE;485.8
PA;498.6
PB;487.1
TO;
CE;701.4
MG;
PR;
MG;506.6
MS;729.0
CE;445.4
PR;484.8
CE;521.2
MG;708.2
RS;637.9
BA;394.8
AL;468.8
BA;
MG;448.6
MS;
BA;
MG;454.6
AP;433.0
MG;
GO;678.1
GO;418.5
SC;560.0
CE;474.7
SP;500.2
SP;
RO;632.1
PB;402.9
SP;421.7
MG;473.1
PB;448.9
CE;
SC;461.0
SP;698.7
SP;435.1
GO;
GO;462.7
BA;618.6
CE;436.7
RS;686.9
BA;675.3
PI;792.4
CE;763.2
MG;673.4
SP;658.5
PB;
RJ;591.8
MG;660.6
RJ;668.0
PR;469.7
PA;452.8
PI;401.6
GO;486.4
CE;
CE;470.7
SE;547.2
RJ;458.7
RJ;
DF;766.0
PR;659.7
MG;408.6
BA;421.4
MA;
CE;461.7
PR;
PB;464.7
RN;539.5
GO;497.9
SP;510.6
BA;454.5
ES;538.4
PA;436.3
SP;517.9
PE;661.0
PA;408.9
SP;449.8
MA;393.3
SP;692.8
PA;429.7
RN;
ES;702.0
CE;528.3
GO;384.5
CE;438.3
CE;537.5
PE;584.0
SP;628.7
BA;597.0
BA;408.9
CE;
RS;425.2
CE;535.6
MG;674.4
RN;
CE;684.7
PE;469.9
RJ;
CE;458.9
MA;544.2
SP;671.6
PB;642.8
TO;421.4
SP;503.2
GO;681.7
MG;619.6
AM;386.2
GO;
PI;477.2
GO;500.7
GO;415.4
SP;692.9
PA;404.5
SP;527.2
MG;724.5
SP;465.0
PE;394.5
CE;556.0
ES;557.8
MA;
MA;531.8
SC;608.3
RJ;427.6
MG;615.2
PE;606.3
BA;
BA;480.4
BA;448.0
MG;525.7
RO;575.1
PA;452.9
SP;718.8
RS;603.6
CE;635.3
PR;
GO;466.7
PE;465.9
SP;544.1
SP;
ES;593.6
SP;552.9
AL;561.5
MA;506.2
PB;
SP;
MT;756.1
CE;404.7
CE;446.0
GO;546.4
RS;557.6
ES;424.7
MA;485.4
SC;752.1
SP;719.5
SC;
PE;497.3
PI;464.7
RN;568.0
MG;601.0
MG;616.6
SP;
RJ;
BA;672.8
RS;675.2
BA;562.2
SP;744.1
MG;508.6
SP;433.7
CE;599.7
BA;478.1
MG;922.7
PR;
AL;
ES;393.4
PI;411.6
MG;469.0
MA;562.1
CE;674.0
MG;
PA;504.7
MG;449.4
TO;
CE;486.8
GO;446.6
CE;474.2
PA;452.9
PA;455.5
PR;596.6
MT;521.6
MT;
MG;572.9
SC;824.4
SP;
MG;
RJ;658.7
MG;438.4
BA;
MG;
RJ;453.2
PB;445.8
CE;408.2
GO;499.7
PA;498.0
SP;790.9
RJ;630.6
RJ;
PI;617.0
MG;
MA;457.6
ES;441.1
PA;444.6
RN;635.4
MG;635.3
MG;701.6
RS;455.9
MG;505.6
PR;454.0
CE;564.4
PA;407.5
GO;
SP;556.0
RN;
SC;763.2
SP;712.5
RN;630.7
PA;456.1
CE;538.1
RS;
RJ;567.4
MG;406.4
MG;
CE;550.2
BA;591.3
PE;671.5
MG;
BA;512.9
DF;760.5
MG;656.5
RJ;396.1
BA;470.0
GO;
PE;411.7
RN;481.6
MG;391.8
AM;
RJ;389.8
RN;516.1
RS;429.9
SP;586.7
SP;598.9
PB;530.6
CE;639.3
RJ;
PE;499.6
SC;621.3
PB;513.1
PA;525.7
MG;486.2
SP;717.6
RN;549.3
DF;477.9
PA;496.4
CE;375.4
GO;389.6
PA;508.3
CE;445.5
SP;628.8
CE;382.0
SE;
RS;
RS;703.0
SP;481.3
MT;503.0
RN;514.9
PR;441.6
RJ;
AL;388.4
RN;825.8
SP;
MS;631.3
MG;
SC;
PR;
RJ;497.9
PR;532.3
BA;473.8
BA;430.5
MT;
BA;613.6
PE;
DF;538.4
RJ;
CE;433.1
RJ;392.1
PI;614.5
SP;794.7
RS;
GO;
PI;
BA;
PE;591.0
ES;458.3
MG;518.4
MG;613.1
PB;424.8
SP;748.8
PE;
CE;
SP;
GO;
PA;
MG;474.8
SC;646.0
MA;490.3
MG;
MT;413.5
MG;570.5
BA;
SP;460.3
PI;559.8
ES;513.7
CE;774.0
PB;425.5
PI;470.8
AM;618.1
RS;
BA;631.4
CE;401.2
CE;532.6
TO;613.6
PA;431.6
MG;
RN;444.6
CE;465.6
MT;443.2
BA;683.1
SE;563.3
CE;678.4
PA;593.4
CE;405.8
DF;422.7
MG;712.3
SP;769.0
CE;682.3
BA;425.1
RN;480.3
MA;441.7
RS;
MG;564.0
MG;709.5
MS;682.7
RO;375.8
BA;444.4
PR;579.4
PR;405.7
MA;644.3
RS;817.3
BA;668.0
BA;394.6
RJ;
MG;
SP;
RS;833.1
SP;616.7
PR;444.8
PB;
RJ;384.3
PB;
SP;
MG;
MG;571.6
DF;428.5
AP;667.2
PA;379.1
SP;425.7
GO;
ES;847.5
RJ;417.0
GO;530.6
MA;531.8
CE;570.3
BA;510.8
BA;514.7
RJ;451.4
CE;411.9
BA;
PI;514.4
SP;621.4
GO;657.9
CE;483.9
SE;482.8
CE;459.8
BA;554.7
GO;
SC;511.3
RJ;429.4
GO;383.7
RJ;
RN;522.0
GO;
CE;483.2
MG;659.9
MG;
SP;666.7
SP;
RN;564.1
PI;388.3
BA;496.1
AM;572.8
RS;404.9
MT;
SP;660.3
RS;422.0
PR;736.1
SC;553.2
PR;598.9
RJ;754.7
PA;429.9
ES;462.4
SC;524.2
MA;444.1
RJ;613.1
RO;494.5
GO;
AM;468.0
PB;444.0
PB;486.3
BA;
MS;651.7
TO;519.8
PA;
GO;
MS;572.8
SP;472.0
GO;608.9
PB;695.2
GO;
MA;414.4
BA;426.0
RS;617.9
PI;907.0
RJ;466.0
SP;571.5
MG;641.7
MA;419.8
RN;688.8
CE;528.4
CE;577.0
SC;521.9
PA;
BA;
PE;426.7
MT;459.0
MG;
CE;376.3
GO;
PR;720.1
GO;752.4
AL;533.7
PA;531.6
SP;635.8
MG;415.2
MG;
SC;
CE;
RJ;426.0
MG;741.2
SP;536.5
GO;
AP;445.9
GO;440.5
RJ;563.7
MG;578.2
BA;
TO;482.1
GO;
TO;609.5
CE;598.6
RJ;
SP;836.4
PI;
GO;414.2
BA;516.9
TO;611.9
PA;363.8
CE;394.8
BA;481.5
SC;536.2
RJ;
RJ;669.9
PE;
MG;643.5
BA;
CE;
AM;406.6
TO;396.6
PA;559.0
SC;740.0
CE;600.9
RJ;791.2
PE;614.3
PE;637.8
CE;404.7
MG;632.3
RJ;646.3
MG;665.1
MG;438.2
AL;469.7
RJ;453.2
PE;414.4
MA;527.9
RN;556.1
MS;
SP;
BA;581.0
GO;
PA;436.4
CE;403.6
BA;555.1
MG;480.9
PA;730.3
CE;
PA;508.7
RJ;476.3
GO;425.6
MG;671.4
CE;420.6
PR;
SP;684.0
SP;
CE;564.6
MS;550.0
MT;
ES;415.8
BA;
PB;
BA;691.4
SP;463.6
RN;493.6
MS;
CE;694.9
PI;465.7
PA;522.3
PA;405.4
PE;423.9
PR;486.3
RN;588.7
RS;622.3
MG;618.8
PI;403.4
SP;
RJ;
PB;570.8
GO;493.2
AL;480.0
MA;578.6
SP;665.1
BA;475.5
PA;
BA;413.6
RN;809.4
PE;
MA;
SP;600.3
PA;441.4
MA;674.8
PR;587.5
PA;419.0
MA;583.5
MG;680.3
CE;530.2
ES;
CE;481.2
PI;683.7
RJ;590.0
ES;651.1
MG;731.6
SP;442.5
RS;681.4
RN;533.8
SP;545.1
SC;527.3
BA;632.5
CE;511.6
CE;
RO;452.2
CE;697.6
AP;454.6
BA;
BA;421.1
BA;420.2
BA;536.7
CE;476.4
CE;495.9
BA;655.9
PE;
SP;641.2
CE;515.2
PE;397.4
MG;749.9
RJ;408.1
RN;522.7
RS;535.1
DF;799.0
MS;476.0
SP;
SP;637.8
GO;
SE;
PA;519.7
MG;653.8
PB;491.1
AL;468.4
AL;358.4
CE;419.4
CE;440.8
BA;449.2
DF;754.3
SP;
SP;
MG;795.2
SP;
GO;680.4
PE;419.8
MS;500.6
SE;745.9
CE;
SP;555.8
CE;592.5
CE;409.6
AL;435.2
AL;460.3
AM;778.0
PA;621.7
RJ;571.2
SP;
CE;445.4
BA;591.4
MG;
GO;504.0
MG;421.3
GO;567.2
RJ;484.3
PA;505.2
RJ;575.7
SP;
GO;
PA;617.0
BA;610.1
SP;657.0
BA;
MA;445.7
SP;432.3
MG;697.1
CE;469.0
GO;747.6
RJ;
PA;416.5
RJ;534.5
PR;424.4
MS;649.3
BA;469.5
BA;557.0
BA;627.2
MG;612.2
CE;428.8
SC;
SP;761.6
RJ;430.5
BA;531.6
PE;
PI;464.8
MA;555.6
PE;453.0
MG;
SP;
BA;459.7
RJ;573.0
PA;397.9
AP;389.2
PR;549.6
CE;446.7
CE;623.5
SP;
BA;
SP;734.5
BA;615.2
TO;477.3
SP;
BA;612.9
PA;475.8
MG;506.0
SP;499.2
RJ;517.3
SP;856.9
CE;412.4
BA;769.0
SP;511.3
PE;447.1
MA;381.5
CE;537.6
SC;
TO;459.9
CE;
RS;642.0
SE;652.4
PR;407.2
MG;753.1
PE;575.7
MA;519.8
MG;421.3
CE;751.6
RJ;
ES;410.3
BA;582.2
PA;380.7
RJ;566.4
GO;
GO;414.6
PE;439.2
CE;454.1
SP;
SP;777.8
RS;732.6
SP;446.7
GO;
GO;374.0
RJ;393.3
BA;477.1
SP;700.8
MG;535.2
SP;
BA;395.9
MA;610.8
PA;
CE;548.0
RS;479.3
MG;
PB;501.3
MG;547.7
RJ;460.2
MT;819.2
PB;426.3
MG;618.3
GO;513.7
PA;396.9
BA;800.3
ES;680.4
DF;
PI;447.6
BA;637.0
MT;398.3
SP;553.7
SC;408.0
MG;
PB;473.0
PA;
SP;575.7
PA;473.3
RO;428.4
SC;387.0
RJ;608.9
SC;
DF;689.7
CE;401.6
BA;519.8
PA;504.6
RS;359.8
PA;519.3
BA;400.2
GO;470.8
ES;699.9
MG;434.1
GO;391.7
MG;831.2
PA;
RJ;493.5
RJ;
RS;
PE;500.4
BA;402.7
SE;
MA;508.5
MG;523.3
PI;646.6
GO;595.2
SP;639.4
MS;518.9
GO;597.9
RN;433.1
MT;365.4
PE;446.5
SP;553.9
RS;
AM;699.0
PA;398.1
MA;403.5
BA;535.4
PR;
GO;
MA;541.1
MT;
AP;
CE;
PE;415.8
CE;632.1
RS;513.8
AM;501.2
PE;525.8
MS;
SE;548.3
MT;388.1
BA;672.9
PR;
GO;
RJ;553.7
RJ;904.9
PE;
PI;610.9
PR;491.1
BA;512.0
RN;395.7
ES;577.3
SP;650.0
SP;
CE;
SP;906.8
TO;
SC;641.0
MG;607.5
GO;
MG;791.5
MT;
RJ;
RJ;453.7
PA;
GO;638.6
SP;668.0
GO;476.2
CE;426.3
CE;546.2
GO;428.1
MG;834.2
AL;417.4
BA;491.0
MA;470.6
PB;
CE;651.6
GO;543.6
CE;452.2
MA;603.2
SP;
CE;
TO;521.5
SC;532.9
PI;477.3
GO;543.8
BA;477.5
CE;
GO;422.1
PB;482.7
MG;593.1
CE;504.7
BA;572.6
PR;430.6
RS;541.7
MG;595.1
BA;714.5
MG;
TO;635.0
SC;
PI;455.8
PI;480.0
PA;371.3
SP;445.5
CE;370.9
BA;
GO;659.1
PE;473.8
DF;457.8
BA;
RJ;
GO;
SC;
MG;
SP;
PB;591.9
ES;427.4
RN;467.5
MG;
MT;689.5
MG;502.8
SP;681.4
BA;668.8
CE;413.7
MG;563.8
SP;
PE;565.6
CE;620.8
CE;436.6
SP;481.2
MT;565.1
PR;543.0
SC;
PR;570.4
PE;470.1
RJ;678.7
CE;603.6
MG;714.1
MG;
GO;
GO;465.7
RJ;566.7
GO;473.6
PE;426.7
DF;
MG;
GO;470.8
SP;573.9
SP;496.0
CE;485.8
PE;676.4
GO;490.6
CE;636.9
PR;501.1
CE;428.0
SP;
AL;562.7
MT;
AC;485.8
MG;666.3
CE;593.3
AP;
MA;
BA;631.0
RJ;551.2
CE;688.0
MT;562.7
PI;696.1
MA;512.7
PE;489.1
AM;517.0
SP;762.2
MG;446.8
TO;
SP;708.0
AP;366.7
SC;625.7
RJ;612.6
SC;
MG;538.1
MG;627.2
PA;475.6
SP;739.4
BA;
RN;430.5
CE;382.3
MA;401.6
BA;485.3
RN;578.9
MG;421.7
AM;
PB;546.8
BA;
DF;627.9
BA;
SP;517.1
RJ;474.4
GO;387.9
SP;
GO;429.4
SP;862.7
RJ;478.1
GO;462.2
CE;539.1
RJ;497.3
CE;356.3
CE;420.0
RJ;437.5
BA;537.4
MG;514.5
RO;580.5
PE;
BA;551.1
SP;427.1
AM;
MA;
DF;477.4
RJ;
SP;620.3
DF;375.7
BA;415.3
AM;483.1
ES;409.6
SC;673.9
MG;
BA;
CE;
CE;426.5
SE;817.2
RS;751.8
SC;
MG;469.2
BA;467.6
SC;469.6
GO;463.7
MG;545.3
RJ;432.3
RJ;532.9
RS;666.6
MA;
GO;460.7
PR;419.8
SP;532.9
CE;743.4
GO;389.7
SE;418.7
MT;
SP;414.3
CE;386.6
SP;733.0
GO;439.1
PE;785.1
PA;636.2
PR;497.2
RN;443.3
RS;462.5
SC;688.6
MG;414.9
RS;746.6
SP;455.5
RS;481.6
RJ;633.3
MA;601.6
PB;606.6
RJ;732.5
RS;763.4
BA;415.8
BA;474.7
PE;436.8
PR;
MS;785.3
BA;480.2
BA;445.6
CE;545.3
CE;403.9
GO;605.7
ES;702.3
AC;412.1
RJ;590.1
PI;391.8
CE;581.4
GO;423.7
SP;521.2
SE;559.2
MA;500.3
RN;476.2
SP;530.8
SE;
SP;
CE;498.9
MG;607.9
SE;425.4
RJ;686.6
PR;756.4
GO;
CE;666.0
AM;388.4
RJ;551.0
RO;546.9
GO;554.1
AL;537.4
MG;429.6
CE;441.3
AL;739.1
RN;755.0
CE;577.4
AL;452.7
SP;712.4
RJ;414.5
CE;451.9
CE;531.7
CE;613.7
GO;738.8
RS;774.2
SP;508.5
RJ;
CE;453.7
PE;
PB;482.4
SP;
PB;614.5
PA;
GO;
PA;484.1
SP;570.0
GO;505.7
MG;733.6
PE;565.6
PA;517.0
BA;447.5
PA;392.1
RS;661.9
RJ;492.6
MA;
PE;805.5
CE;760.9
RN;458.4
PI;456.4
SP;449.4
GO;
SP;
GO;506.7
CE;639.5
CE;460.3
RS;377.6
SP;821.1
MG;533.0
MA;
GO;524.6
RS;
MA;540.0
SP;
MA;
CE;509.9
RJ;
RS;635.4
PB;568.7
BA;403.8
PB;
PR;
DF;397.6
GO;455.5
SP;
PE;429.6
GO;
PA;
MG;491.3
GO;511.6
GO;502.9
CE;477.8
MG;583.6
BA;
AP;455.9
PA;376.6
GO;459.8
PA;
ES;638.4
CE;377.8
PE;529.1
ES;629.8
CE;625.3
TO;665.9
MG;
MA;
BA;728.2
MG;606.7
CE;
MA;382.7
PA;507.1
SP;556.2
PE;
MS;
PE;593.6
PI;435.4
RJ;451.6
CE;606.7
RJ;467.9
PA;573.0
SE;528.1
MA;396.7
PE;580.5
SP;415.3
GO;501.9
RJ;
PB;
BA;492.9
MT;
PB;448.4
BA;717.4
ES;635.1
SP;532.0
PB;460.5
CE;408.2
CE;467.7
MG;604.4
CE;
CE;518.6
SP;769.2
SE;589.8
SP;615.4
TO;717.9
CE;510.5
SP;
MG;438.0
PB;613.7
CE;642.4
MG;410.3
MA;652.1
PE;851.3
SE;509.7
CE;
GO;
PE;604.8
MG;642.9
GO;471.6
MS;
MG;704.7
PR;492.8
GO;437.4
GO;
PA;422.7
MG;
RJ;
SP;779.9
TO;523.9
SP;
SP;658.0
MG;661.5
TO;419.8
PE;
SC;619.4
RJ;670.4
RS;
CE;606.2
GO;486.9
PA;461.7
MA;482.4
PE;
RN;
SP;415.2
BA;439.4
MG;501.1
BA;464.0
MG;551.1
CE;488.8
MG;
SC;
MG;582.6
CE;497.8
RJ;
CE;693.3
RS;383.4
GO;475.5
CE;588.7
RS;
PA;607.1
RJ;685.5
CE;623.6
PI;627.0
PR;683.8
PR;576.6
GO;
GO;590.5
SP;429.2
CE;
RS;513.1
PE;402.2
MT;442.2
GO;642.5
RS;635.2
MG;435.2
AP;479.7
PI;
CE;418.6
MG;761.4
SP;571.6
PI;684.8
RJ;547.5
RJ;703.1
SP;678.4
RO;527.7
GO;453.8
GO;442.1
RN;474.1
PA;548.1
SE;658.1
RJ;603.3
ES;488.7
SP;
SP;508.4
PI;890.7
MG;666.0
SC;410.0
PE;635.3
RN;555.2
SP;573.5
CE;588.4
SP;544.5
SP;735.0
GO;527.8
SE;707.6
PA;442.0
MA;
BA;386.5
PE;482.4
ES;516.3
MG;
CE;
PA;567.0
MG;457.4
PB;576.5
PI;525.2
RS;
GO;648.6
PA;
RS;620.8
ES;464.3
MG;717.6
RN;604.5
SP;602.6
GO;
PB;
CE;
PE;449.2
MG;652.6
GO;490.8
GO;531.9
RJ;653.8
BA;443.6
SP;
MG;586.8
MG;
PR;550.4
MG;
PR;635.6
GO;422.4
RS;
SP;
PR;500.1
SP;619.2
PB;627.1
PB;622.8
RO;704.7
BA;490.7
PE;
PB;473.1
PR;657.7
RJ;637.6
MT;
RJ;525.9
SP;606.5
MG;685.9
SP;438.7
MG;500.7
SC;746.8
BA;402.8
RJ;
RJ;
PB;
SP;559.1
MA;594.7
SE;548.0
PE;548.0
SP;
BA;
CE;404.3
MG;572.3
PI;429.9
MG;497.5
GO;725.7
SP;761.1
RJ;629.5
PI;419.1
RJ;395.1
PB;434.6
RN;
AC;424.5
SP;
CE;637.4
PR;417.5
RJ;593.0
SP;501.9
RJ;622.9
BA;665.9
GO;483.1
BA;424.2
GO;
SP;
SP;624.4
SP;682.6
PE;
GO;525.7
SP;528.0
SE;
MG;425.4
RS;519.6
PR;527.5
GO;559.0
CE;427.4
PE;479.7
RJ;515.8
BA;638.9
PA;529.2
RJ;644.2
PA;525.6
PE;656.6
SC;493.6
PR;
GO;554.9
BA;
PE;420.2
GO;575.8
ES;633.4
RS;416.2
PR;670.6
MA;643.1
MG;486.2
RO;491.9
GO;664.8
AL;561.8
SP;608.4
MA;
SP;714.2
BA;
PR;572.0
GO;479.4
MA;
RN;
PB;
PI;583.0
BA;388.4
CE;789.0
SP;
PR;488.9
PE;
MA;518.6
PE;443.2
CE;426.5
RJ;606.4
PA;417.4
MG;
CE;442.2
RJ;
DF;635.5
SP;558.1
MS;
PB;377.4
SE;545.2
ES;490.7
PR;410.8
BA;587.6
MG;602.6
SP;
PA;521.5
RO;558.0
CE;403.3
MG;630.3
PE;372.5
GO;447.3
MS;719.0
CE;527.4
MA;527.6
PR;498.9
PE;
CE;357.6
MT;602.1
RN;581.9
PE;
ES;457.5
PR;445.4
GO;392.7
MG;629.3
MG;785.8
BA;430.5
BA;552.5
RJ;
PA;649.6
MG;590.6
BA;
GO;410.3
PI;653.2
MT;
SP;
PA;467.4
GO;592.4
PE;
MG;
SP;
BA;477.0
AM;561.6
PR;394.7
RN;472.8
AP;378.9
MG;404.2
PE;
MT;704.3
PR;466.5
CE;
PI;466.5
GO;728.1
PE;606.7
RJ;536.3
CE;
SP;548.9
SC;644.2
AP;442.6
GO;
PA;558.2
RJ;802.1
PB;486.2
CE;780.4
AL;593.9
MG;630.0
CE;
CE;495.6
RS;626.7
BA;
PA;395.8
CE;
MG;621.9
MT;561.9
PA;407.3
RJ;683.4
CE;
CE;443.0
RJ;670.8
MG;423.1
SP;470.8
CE;449.3
RJ;
RJ;654.9
PR;
PA;
PE;
CE;480.0
CE;435.4
MG;361.4
CE;491.0
PR;589.2
MA;
SP;460.3
RJ;560.5
CE;379.9
GO;479.3
SP;667.3
PR;665.6
PA;641.2
PB;444.5
RN;493.8
AM;
SP;432.9
RN;766.2
SP;
GO;495.9
PE;694.2
PB;615.6
SE;581.2
SE;613.7
DF;669.4
GO;
RJ;
PI;407.9
PA;436.4
PA;491.9
ES;715.5
MG;640.2
GO;600.4
CE;544.9
BA;427.4
GO;442.5
CE;630.1
SE;454.0
CE;
BA;419.5
RJ;
PE;569.1
RN;
AL;492.6
PA;516.7
PB;522.3
PE;
SP;701.8
SP;620.3
PR;461.3
SP;661.2
PR;
MG;
RJ;802.3
SP;
SP;
BA;508.2
MG;487.8
MG;
RS;448.4
BA;484.5
PA;428.2
PE;473.2
RJ;838.0
AP;404.4
BA;
RN;778.1
CE;623.4
RN;
PA;400.5
CE;
CE;
CE;430.2
PA;569.8
PA;681.9
PB;482.5
PB;771.9
SP;647.9
SP;604.4
MA;557.7
CE;689.3
MA;499.3
MG;621.3
RO;529.6
RS;684.7
GO;425.4
CE;
SC;
PA;
MA;395.3
MG;401.2
MG;386.4
BA;492.5
GO;422.8
AL;567.9
PB;733.6
CE;700.2
CE;705.4
CE;
PA;516.2
PA;636.8
RJ;519.6
PI;864.7
SP;472.0
RN;459.3
BA;499.5
MA;419.5
PI;465.1
GO;430.0
BA;555.1
PE;657.5
RJ;445.0
SP;673.1
RS;507.5
MA;509.3
BA;562.7
RJ;635.1
RJ;549.8
PA;401.3
PR;555.0
RJ;534.7
RJ;680.0
PR;599.0
MS;
BA;514.9
PB;636.3
PR;
BA;665.6
PI;502.0
BA;544.2
DF;
MA;391.0
MA;
MG;916.4
PA;416.4
BA;590.8
SE;407.9
BA;
RJ;648.0
RJ;699.6
GO;631.6
PE;446.1
RJ;799.0
CE;637.4
MA;
PA;390.2
RJ;498.2
SP;665.4
GO;424.9
SP;831.3
PB;387.4
MA;
BA;557.0
CE;399.2
RJ;692.2
GO;
BA;
ES;449.4
SE;635.4
MS;458.1
SP;588.4
MG;
MA;448.8
MT;451.7
GO;604.2
SP;644.3
PI;486.0
SP;503.2
RN;668.5
CE;526.6
MG;686.9
PI;653.5
PB;521.8
GO;464.1
CE;655.1
RJ;691.4
SP;520.5
SP;375.0
MG;690.8
ES;593.5
CE;533.6
BA;583.0
MA;
CE;410.1
SP;673.3
SP;663.2
CE;454.0
SP;512.4
GO;744.8
PA;521.5
ES;417.7
SP;640.3
PA;572.6
AC;507.9
MT;414.0
GO;438.3
BA;
PA;
PI;481.5
PR;
PA;545.4
PI;
GO;460.4
MA;414.8
MG;675.3
GO;433.2
MG;443.9
MA;467.7
PR;535.7
RJ;656.2
BA;443.6
CE;
SP;
MA;422.7
AM;404.2
PA;
SP;585.6
PI;659.6
PA;661.2
MA;
AM;
BA;392.4
MA;394.5
CE;399.7
CE;572.1
SP;435.5
SC;670.2
SE;397.3
RJ;435.3
MT;369.1
MG;694.0
GO;510.3
PE;
RJ;520.2
SP;732.6
PI;500.9
PB;
RJ;
CE;429.3
PE;477.3
BA;570.8
PA;677.2
MG;589.3
SP;542.4
CE;582.5
RJ;584.9
BA;500.9
BA;418.0
AC;435.2
SP;410.4
PB;489.4
CE;450.6
PA;
PI;
MG;732.6
MA;549.3
BA;444.9
MG;544.8
PE;680.5
PR;642.7
RJ;
MG;450.2
CE;427.5
PR;408.5
RJ;638.0
CE;517.9
MT;651.7
ES;491.6
MG;555.1
RN;438.1
MA;
SC;
SE;441.8
MG;
RN;460.4
CE;493.6
SP;
CE;
MG;
BA;689.1
SP;492.8
GO;
ES;574.5
RJ;528.6
SP;483.3
SE;758.5
PA;486.4
RN;565.6
MG;
SP;516.6
MG;
PR;440.6
BA;355.9
PA;396.1
SP;
MG;797.5
CE;717.4
RS;619.4
BA;
BA;398.5
MG;500.0
ES;865.5
SC;542.4
MG;412.8
DF;728.0
PA;423.5
CE;
PA;
SP;586.3
GO;
SP;395.6
RS;508.0
MG;610.8
SP;723.6
PE;437.6
PI;582.6
RS;370.4
RJ;
RJ;619.0
BA;435.9
MA;585.0
GO;415.2
GO;
MG;630.1
TO;
SP;692.6
MG;537.8
CE;427.6
SP;697.7
DF;504.9
GO;
PA;
PI;384.7
MG;621.7
CE;566.6
MA;472.8
PA;386.1
PA;434.3
CE;678.4
RJ;475.6
SE;590.0
ES;
PA;475.9
MS;
RJ;
PA;
AM;592.2
RJ;434.9
PE;
SP;
MG;811.3
SE;701.3
PE;
GO;571.5
MA;393.3
MG;670.9
SP;489.5
CE;526.3
CE;483.0
SP;571.7
CE;
GO;
RJ;810.5
PA;
SP;605.4
GO;
SP;565.1
SP;449.7
CE;505.0
PR;
BA;
MA;418.1
RN;
MG;705.6
RJ;732.1
GO;606.1
PA;386.4
RS;
SP;488.7
DF;722.6
CE;449.4
PE;
MA;680.7
MG;440.5
SC;457.5
MG;376.1
PR;
BA;
SP;591.6
GO;
RJ;600.1
MG;677.9
BA;
MG;755.2
BA;495.8
RO;503.1
SP;660.5
SP;661.4
MG;576.8
SP;
CE;369.2
MA;464.7
SE;434.2
MG;381.1
BA;605.2
PI;596.6
CE;
PR;
PE;
DF;701.1
GO;543.1
BA;496.0
MS;
SP;
BA;583.4
MG;493.5
PA;481.0
RS;504.1
BA;418.1
PE;
MA;713.9
RJ;647.6
PE;658.4
CE;
DF;549.1
MA;
SP;455.1
PE;619.4
GO;535.0
CE;586.7
TO;714.6
BA;385.9
BA;480.1
GO;461.4
RJ;
SE;517.3
RN;570.0
AM;695.8
CE;390.9
SP;
GO;553.3
GO;374.3
RJ;474.8
MG;650.9
BA;444.5
DF;
BA;469.2
SP;637.8
PE;388.5
MG;500.9
BA;396.4
SP;404.1
SP;820.7
MG;632.2
RN;430.9
SP;
SP;553.8
CE;434.0
CE;427.0
TO;515.4
PA;
SP;
GO;429.2
SP;
SE;477.2
MT;700.6
BA;452.0
PE;544.6
GO;820.3
SP;516.3
MG;365.1
SP;470.9
PA;440.9
GO;434.4
PI;504.1
RJ;431.3
BA;513.8
RS;417.9
SP;512.2
MA;
PR;734.6
AL;659.8
PA;436.0
SP;507.9
SP;508.9
MG;
PA;
AP;789.4
SP;873.0
PA;796.6
BA;443.2
MG;433.4
SP;457.5
PE;
ES;816.5
PE;380.3
MG;576.4
PR;
RJ;668.3
PA;528.0
MT;
SP;484.0
RJ;498.2
SP;751.7
RJ;515.5
GO;616.5
MA;584.1
PE;574.4
SP;
GO;
RJ;425.8
SP;
SP;398.1
BA;
RS;
PI;455.7
SP;396.6
RJ;598.5
AP;510.1
SP;616.1
RJ;493.7
PA;462.0
SP;605.4
PE;476.2
MG;547.9
PB;422.9
PE;614.0
PR;
MG;574.5
MG;775.7
CE;458.8
RS;631.4
GO;
CE;627.0
PE;439.1
SC;568.5
MG;711.5
GO;
SP;470.4
GO;415.6
CE;
PA;460.2
PE;811.5
BA;382.2
MT;654.8
SP;
SP;711.5
PA;587.1
RS;372.1
BA;501.1
MA;
SP;681.4
RN;521.0
SP;417.4
SP;474.0
CE;655.4
RS;
CE;574.3
RS;482.7
BA;374.8
AL;687.3
GO;490.9
GO;468.9
BA;577.0
MG;
MA;384.0
MG;440.4
RS;645.7
SP;701.7
GO;425.9
RJ;418.6
PE;731.7
MA;596.6
BA;640.8
MG;554.9
AL;
SP;607.1
PE;607.6
SE;563.4
SC;643.7
CE;504.0
BA;499.9
BA;392.4
MG;541.5
BA;386.4
BA;584.3
SP;794.2
PA;
MT;
MG;529.9
GO;667.2
BA;
CE;
PE;419.2
SP;761.8
MG;499.2
MG;733.3
MS;515.4
RN;450.2
MG;440.7
RN;390.8
PE;404.8
RJ;508.0
SE;393.7
SP;403.3
PA;416.0
PR;638.9
SP;468.5
PB;422.3
SP;504.9
GO;471.6
CE;472.0
CE;455.7
CE;474.8
AP;572.3
GO;386.8
SP;373.1
RJ;392.0
PB;444.4
PR;608.9
ES;438.8
AM;401.5
RS;
GO;416.4
CE;474.2
GO;
PA;395.6
BA;516.4
RS;
RN;587.4
GO;868.9
TO;587.8
BA;506.1
BA;366.7
BA;
RO;
PB;469.5
MG;445.2
MG;466.2
SE;450.9
CE;
RJ;553.9
GO;
RS;
GO;608.6
CE;645.1
RN;
GO;535.7
SP;706.3
MA;434.8
GO;515.2
RJ;548.1
PA;403.7
RJ;629.8
BA;383.6
MA;406.7
ES;421.8
CE;418.3
RJ;750.9
BA;587.0
CE;
BA;545.3
MG;505.8
SE;
RS;398.1
BA;
MG;
RJ;502.9
SP;583.4
RS;562.5
PB;523.0
PE;492.0
CE;394.3
GO;533.8
PE;396.4
BA;565.8
PE;445.4
ES;407.1
SP;473.4
PE;
GO;462.8
PB;470.6
RS;423.3
CE;375.8
CE;407.1
SP;616.6
RJ;
RJ;373.4
PB;495.9
DF;427.6
SP;433.3
GO;388.7
RJ;467.3
MG;799.6
PI;507.9
RS;
BA;780.7
DF;693.9
RS;
AM;
GO;411.8
SP;469.0
MG;
GO;
GO;507.6
BA;580.4
ES;821.2
PI;590.0
MS;541.0
SP;
MG;
GO;681.5
SP;595.5
PR;629.2
PB;377.8
PA;445.1
RJ;687.6
MG;686.6
PA;419.8
PE;424.4
RS;
CE;435.6
MG;
MA;459.7
CE;494.7
PA;467.9
PE;
AL;416.7
BA;436.2
BA;448.4
GO;
PB;730.0
GO;555.5
PA;656.5
BA;454.1
PE;686.4
PA;606.1
AL;439.6
MG;685.3
MS;
CE;548.7
MG;681.5
RJ;
MA;453.6
BA;394.4
PA;
MA;780.5
MA;491.4
RJ;447.6
PA;572.5
BA;437.1
AL;453.3
PB;528.9
BA;415.4
RJ;703.3
PR;559.5
PI;
RS;513.6
GO;454.4
DF;
MG;731.1
GO;
GO;
PA;377.8
PE;414.7
PA;406.5
RJ;559.8
BA;451.4
MT;632.9
SP;434.1
SP;
RJ;452.0
PA;416.2
PA;
ES;487.2
MG;647.2
GO;588.4
GO;474.7
SP;467.5
SP;649.2
SP;768.3
PE;481.0
SP;642.1
RR;
CE;
GO;415.4
BA;746.4
SC;530.6
CE;531.9
BA;501.0
GO;
PI;792.0
MS;387.5
PE;680.5
BA;675.0
RJ;
CE;388.5
BA;
PE;
PI;627.5
SE;496.2
SP;556.0
RN;417.5
GO;410.2
TO;422.9
GO;417.0
PE;782.1
PI;413.0
MG;498.7
GO;460.3
BA;585.4
SP;679.5
CE;480.7
RJ;798.0
ES;424.6
GO;397.5
SP;577.2
RJ;452.5
GO;482.2
PA;414.8
GO;
CE;599.3
RN;523.0
GO;507.2
RN;
GO;
CE;
PR;496.6
MA;629.0
RJ;
PE;
SP;506.4
RJ;638.0
PE;572.7
CE;572.4
DF;
PE;
RJ;515.0
SP;555.6
AL;396.2
RJ;493.2
GO;402.9
PR;565.5
TO;592.2
PA;579.0
BA;606.6
GO;
SP;436.5
RJ;574.3
AL;707.1
RJ;381.2
CE;559.1
MT;445.4
SE;711.7
ES;593.1
CE;631.6
BA;418.6
BA;476.3
PB;452.6
PI;585.0
MG;612.7
SC;552.3
RS;705.7
PI;572.6
SP;754.1
BA;686.1
MA;
CE;472.1
CE;821.0
AC;
CE;616.0
CE;588.7
GO;470.3
GO;816.5
PR;817.0
RS;506.3
RJ;
RJ;
MG;508.3
PB;724.8
CE;448.0
MA;649.8
MA;
MG;454.7
PE;393.7
RJ;571.3
MA;472.0
BA;428.6
CE;420.0
RN;493.9
CE;479.8
MS;387.0
PE;394.4
GO;537.0
SP;623.7
CE;579.3
RJ;697.9
SE;415.9
SP;631.2
GO;505.1
PE;725.5
PE;386.2
RJ;398.3
MG;427.0
CE;399.5
RJ;469.1
PR;450.2
PB;
BA;516.5
GO;580.3
GO;
PE;584.7
BA;509.2
CE;611.4
MG;
BA;517.7
BA;495.8
PA;522.7
BA;398.6
CE;
MA;
SE;524.4
SE;480.4
BA;403.3
SP;652.2
PB;
MA;507.9
PA;403.3
MG;
MG;489.7
PR;663.6
PB;424.6
SP;
PA;534.8
SP;642.6
SP;441.7
GO;371.8
SE;714.4
MG;
RN;438.4
GO;623.4
CE;390.6
CE;584.8
PE;664.8
DF;571.2
MG;490.0
AM;410.2
CE;362.7
CE;430.3
CE;508.7
BA;400.6
RJ;468.3
PB;574.7
PE;548.0
BA;445.1
PI;530.5
PB;585.3
MG;493.4
RN;495.9
BA;
SP;
CE;754.3
CE;438.4
PI;489.5
RJ;539.9
CE;
BA;526.7
TO;624.1
MG;502.0
GO;
SP;
PE;635.6
TO;501.9
CE;541.5
PA;410.4
MG;576.7
BA;501.9
RJ;629.0
GO;684.4
BA;
MA;453.3
MG;696.2
MA;691.2
PI;592.0
ES;560.5
PB;
SP;459.4
RJ;730.7
CE;421.8
AP;604.2
PE;643.3
PA;494.0
CE;638.5
PR;
MG;765.5
TO;539.0
MG;686.6
BA;477.1
AP;
MG;387.2
RJ;720.1
MG;761.8
BA;423.8
CE;496.9
SP;552.0
CE;
RJ;368.9
RS;527.7
TO;476.4
PB;460.9
GO;490.1
RJ;445.7
DF;496.1
PE;388.7
CE;
SC;487.1
TO;679.4
BA;417.5
MG;745.1
RS;641.5
CE;475.5
GO;560.0
CE;555.3
AL;406.7
RS;686.0
AL;445.1
RS;705.2
MG;643.0
PR;616.7
RN;
RN;
PA;504.1
RJ;656.9
BA;454.7
BA;419.7
MG;699.8
RJ;624.5
GO;404.9
MG;513.6
PR;369.5
AM;582.8
SP;484.9
CE;552.4
AL;723.7
CE;451.0
SP;418.2
BA;584.5
PA;515.7
SP;
BA;433.9
GO;459.6
PA;
CE;504.5
RJ;
GO;392.8
MG;758.9
RN;552.7
MA;837.3
RJ;572.8
PA;743.4
PA;500.4
RJ;
MG;
SP;
BA;461.1
SP;438.8
CE;
RO;512.0
BA;464.9
SE;657.0
CE;725.8
PR;715.6
SP;371.6
CE;435.6
SE;491.1
MG;534.6
RS;413.0
PA;541.1
SP;442.2
BA;474.7
ES;
GO;577.0
MT;
PA;
CE;405.9
AM;518.0
PE;373.1
TO;
SE;436.1
PE;650.4
MG;599.0
RJ;498.0
BA;490.2
PI;481.5
MG;479.0
BA;591.9
SP;444.2
SP;611.5
DF;683.8
PE;404.3
CE;592.5
MG;686.7
MG;428.2
PA;530.9
MA;381.1
MG;
PE;
SP;752.3
CE;434.5
MT;667.9
BA;684.5
MG;
MS;393.6
PR;383.6
SC;549.6
MG;697.6
PB;441.8
CE;589.8
PR;589.8
MG;
PR;388.8
SP;861.8
PI;436.7
PA;
CE;539.7
SC;
SP;492.2
RJ;681.4
BA;754.2
PA;
MT;608.9
GO;495.6
MG;544.6
SC;392.7
DF;411.2
PR;491.1
ES;489.4
BA;
SP;721.3
RJ;642.2
PA;427.8
BA;482.8
AL;471.0
MG;570.0
SP;561.4
SP;743.8
PA;510.9
SC;
BA;
DF;406.3
PB;491.0
SP;
PR;599.1
PE;457.1
PA;678.9
RJ;689.7
PE;449.1
RS;470.3
SP;700.8
GO;
MT;
PA;598.9
BA;467.2
MG;
CE;488.1
MG;
SP;571.6
CE;593.0
RJ;756.1
RS;487.8
CE;
SP;689.5
PA;506.7
MG;521.5
GO;417.1
PR;388.5
PA;662.6
MG;568.5
RJ;437.6
BA;384.7
PE;553.5
PB;464.8
CE;397.0
MS;397.8
SP;715.0
RJ;510.7
RJ;519.6
PI;380.3
PR;
PI;400.3
SC;405.8
BA;393.4
CE;
MG;
PI;601.8
ES;444.3
BA;523.7
SP;456.0
CE;428.9
MG;510.0
PE;630.2
GO;530.1
PE;768.4
RN;541.8
MG;592.5
CE;661.4
CE;374.7
SE;464.2
MA;627.1
PA;732.6
CE;611.2
GO;
BA;567.7
SP;
MG;447.0
CE;595.2
RJ;516.1
MA;505.9
RN;598.1
BA;470.6
RS;622.4
MG;
AC;445.2
AL;564.8
RN;
SP;510.5
BA;407.9
RN;526.9
RS;529.8
AP;436.4
PA;397.1
PA;
PE;536.9
SP;529.4
PR;617.9
BA;648.7
RN;485.1
MG;692.8
PR;
MG;532.4
SC;
AL;602.8
CE;554.1
PA;625.5
BA;490.0
CE;
CE;
DF;536.5
PR;
SC;765.4
SP;559.9
AP;
ES;773.9
MG;
GO;
BA;556.3
CE;
AL;460.5
BA;398.6
PA;455.6
SP;497.6
SP;
PA;415.7
PE;521.6
SP;625.8
BA;492.3
PA;
PI;683.9
SP;
MA;521.2
TO;418.4
MG;540.2
PR;398.5
SP;394.5
RJ;
RS;633.3
PI;513.5
SP;712.2
MG;468.8
SE;652.3
RN;373.5
AM;
MA;584.6
RS;589.7
CE;476.7
SP;577.8
BA;577.3
PR;
ES;
PI;417.0
GO;461.7
AL;578.5
PB;401.7
PB;
MG;680.8
GO;
PB;
BA;390.9
CE;415.5
PI;383.7
RO;
RN;492.1
SP;
BA;575.4
DF;612.1
PB;667.4
RS;478.0
TO;709.1
BA;482.3
SP;
TO;555.4
CE;390.0
CE;359.9
MG;479.6
GO;618.3
MG;
MT;450.5
DF;449.3
DF;
BA;392.1
DF;535.9
MG;775.2
SP;578.8
GO;
CE;411.8
SC;481.2
MA;621.2
PE;466.7
MG;684.3
RJ;
MG;482.1
CE;525.4
SE;400.6
MG;
PR;474.2
RN;433.1
MG;
SP;491.8
CE;433.4
GO;643.7
CE;489.1
PE;
CE;429.3
PR;507.6
MA;425.7
PA;
MG;
AL;469.8
SE;533.2
SP;445.4
SP;
PA;457.4
CE;423.5
BA;654.0
BA;625.5
CE;726.3
MT;513.3
BA;691.5
RS;700.2
PE;385.9
PB;469.2
MG;471.0
RN;519.5
SP;
GO;560.3
MS;
PI;737.0
RN;
PE;775.5
RS;451.6
BA;466.1
PE;
CE;
MA;491.5
PI;631.3
PR;707.5
MT;500.6
SP;712.6
MA;363.4
RS;691.9
RJ;683.3
CE;424.7
RJ;418.7
SP;433.2
GO;572.2
PE;462.6
SP;547.2
PE;433.2
CE;
GO;370.2
GO;
MG;601.5
BA;464.4
MG;524.4
SP;412.7
PR;509.3
SC;407.4
BA;545.8
MG;708.3
CE;597.1
MT;
CE;752.4
MG;602.6
RS;756.8
RJ;740.5
PE;706.6
CE;447.9
CE;375.9
PA;429.8
MG;641.3
RJ;
RJ;507.5
RJ;
PI;714.7
MG;
PE;400.9
PB;476.2
PA;471.6
GO;
RJ;456.3
SP;776.9
BA;379.5
AL;
RJ;435.1
RS;
SC;
GO;501.3
PA;386.2
MG;
PA;769.4
BA;490.7
SP;573.9
SP;538.5
AM;501.7
SP;439.2
CE;
MG;543.5
GO;
RJ;468.5
PB;621.9
RN;450.3
PI;502.2
CE;
CE;459.9
CE;597.3
RO;442.0
MG;591.5
CE;419.0
PB;442.3
RJ;
RJ;448.8
PE;481.4
MG;644.9
SP;430.8
GO;576.8
PE;399.8
MT;
SP;578.3
MG;576.5
MT;585.5
GO;402.1
CE;
SE;434.4
RS;515.9
GO;799.1
MG;440.5
MG;
RS;
DF;446.7
PA;449.0
AM;502.4
MA;
PE;445.8
MT;623.7
RJ;449.0
MA;443.7
GO;408.3
PR;486.3
PE;578.9
SP;425.8
AP;556.7
RN;452.4
BA;
PE;730.7
RS;577.4
RR;688.8
RN;391.2
RJ;700.2
PA;606.3
SP;566.7
PA;699.4
CE;396.8
GO;543.8
PA;460.7
DF;730.3
PB;
PE;484.6
PA;391.6
CE;776.1
CE;459.3
MA;387.1
SP;459.6
BA;659.6
MG;798.5
PB;431.1
GO;606.3
SP;503.2
GO;
RJ;434.4
PE;526.1
MA;454.5
TO;
PA;
SC;
RJ;512.5
MT;631.0
RN;556.7
MA;456.7
BA;
MT;564.2
SC;535.2
CE;587.6
BA;429.5
MG;688.7
MG;539.1
RN;601.9
MG;801.7
RJ;
BA;
MA;417.2
PB;559.8
PB;484.9
RS;417.5
RJ;663.1
SC;587.0
ES;
BA;420.4
SP;497.2
GO;
BA;395.6
PI;449.5
SP;525.4
BA;554.3
PA;397.8
DF;585.4
CE;456.5
BA;
MG;490.4
RS;709.1
GO;
CE;384.1
RR;
MG;
CE;466.5
PE;428.1
SP;623.8
SP;568.6
MG;
MG;563.6
RJ;643.9
PI;745.7
RN;
BA;427.3
CE;699.9
CE;373.4
DF;438.5
CE;638.6
CE;
PR;761.3
PI;498.3
GO;508.2
MG;417.2
MG;443.1
RJ;
CE;442.4
PE;
PB;809.5
PI;
SP;
GO;464.7
SP;654.4
MG;611.6
DF;710.9
MG;608.6
PR;
CE;630.1
RJ;408.3
CE;840.4
MG;759.5
MA;421.8
GO;584.4
SP;746.4
RJ;533.4
SP;
RS;464.5
GO;409.6
RJ;816.1
MG;385.9
GO;
MT;
SP;
MA;471.4
RJ;771.1
MG;
RJ;565.3
PA;571.3
BA;569.2
SP;697.8
PA;602.2
CE;745.1
GO;495.5
PE;716.8
CE;659.4
CE;748.0
PA;434.7
CE;
RJ;736.7
BA;586.4
AM;495.1
MA;606.5
BA;463.4
GO;488.5
MG;435.2
PB;
PE;439.9
SP;607.3
GO;
ES;
GO;
CE;536.2
GO;
CE;400.0
RJ;462.9
CE;378.2
RJ;693.1
SP;581.3
SP;585.2
CE;669.2
PA;603.3
CE;
ES;446.0
MG;410.2
SP;
SP;464.5
ES;737.8
PA;483.9
RN;
SP;425.8
SE;704.9
PA;364.5
MG;402.2
BA;666.0
RJ;559.8
SP;484.4
BA;547.6
PB;429.9
MT;
RJ;
SE;559.1
PE;401.3
AM;493.7
ES;589.3
GO;512.7
SC;624.1
BA;532.6
PE;584.7
GO;422.3
PA;436.9
SC;625.4
TO;825.4
MG;389.8
PI;408.5
RS;513.1
SP;744.1
PR;415.6
PR;
SP;487.2
CE;640.1
MG;723.1
BA;533.5
SP;599.5
PE;
RJ;415.8
MT;743.2
CE;428.6
PB;597.1
GO;434.2
MT;523.7
RS;801.8
SC;409.9
RJ;481.5
GO;
PR;488.0
TO;375.7
PI;612.4
DF;702.0
GO;475.7
CE;748.7
CE;538.6
DF;
GO;386.9
GO;
MT;483.2
BA;
CE;483.6
SP;647.5
SP;751.4
SP;576.4
GO;555.1
MG;
MA;
RN;357.6
MG;629.1
RJ;
SP;
MA;503.8
SP;586.4
SP;421.3
RJ;600.5
RS;651.6
CE;
BA;581.0
RS;847.8
GO;407.7
TO;507.5
BA;
SP;
RJ;785.6
SC;716.7
SP;731.6
PA;
GO;679.7
RS;446.2
MG;537.6
GO;472.9
GO;
BA;411.8
PE;801.4
MT;842.5
PA;
SE;
CE;663.5
PE;
MG;593.4
MG;717.2
RJ;446.9
PR;479.2
RJ;521.4
PA;432.4
PB;
SP;717.6
MG;570.7
RJ;529.0
GO;
PA;695.8
SP;589.1
MA;401.0
AL;
SP;565.1
CE;485.2
MS;582.7
AL;
RN;502.7
MG;587.5
MG;
BA;459.7
GO;444.0
SE;636.6
PE;650.9
RJ;
MG;704.5
RJ;
ES;509.4
MT;
CE;660.5
SP;411.0
SP;522.6
SP;466.2
DF;403.5
PI;
SE;
PR;637.0
MG;746.5
CE;708.6
RJ;507.2
BA;411.7
RJ;616.8
BA;491.8
PA;
RN;564.9
PE;416.9
CE;423.5
MG;613.6
RJ;673.6
MG;
AL;501.5
SP;
PI;
MA;633.1
SP;688.0
PE;394.3
SP;655.0
CE;759.2
PI;536.6
PI;387.0
BA;555.5
ES;444.1
PI;407.2
PE;471.9
SP;730.2
BA;388.8
RJ;546.3
MG;
PE;541.5
PI;
RN;429.3
CE;375.1
TO;830.2
ES;
MG;477.0
MG;588.8
PE;563.2
BA;526.2
RS;
RJ;538.7
MG;543.9
GO;
CE;581.0
PI;
BA;781.1
GO;
PB;
MG;531.1
PA;609.9
PE;
PB;824.7
RJ;457.9
TO;506.8
MG;676.8
RJ;584.2
SP;
CE;373.5
RJ;734.9
GO;
MT;536.3
SP;736.4
GO;393.1
PA;582.1
SP;726.2
GO;510.1
PB;
BA;597.1
CE;
RJ;566.5
PE;795.1
PA;440.0
PE;461.4
MG;705.9
MA;469.0
RJ;532.2
MG;
SE;494.6
PB;441.1
SP;412.3
SP;457.8
DF;629.5
RS;
SP;610.5
PE;593.1
SP;462.3
SE;510.6
AM;619.7
SP;533.3
RJ;395.5
SC;740.0
SP;
SP;545.2
AM;
MG;726.5
PR;506.5
MS;615.7
SP;672.3
PR;732.2
MG;428.9
TO;459.9
AM;631.5
MG;577.0
MG;
MG;665.3
PA;436.2
BA;398.0
RJ;395.5
SC;507.5
DF;751.1
CE;
PB;379.8
CE;404.3
PE;461.9
GO;
PI;
BA;466.0
MT;436.7
ES;652.6
BA;634.5
SP;
RS;690.0
CE;402.1
BA;440.7
SE;418.2
RJ;686.0
CE;558.6
PB;668.3
SP;643.9
RN;
SP;459.3
PR;545.5
AL;658.6
GO;372.7
CE;
CE;598.6
SC;580.0
CE;560.3
TO;359.6
MT;
SP;
GO;384.6
PI;431.7
MG;
SP;738.3
MG;353.8
BA;418.3
CE;474.4
BA;456.5
PR;
CE;679.1
PB;516.1
GO;
GO;384.7
RS;486.6
PE;752.8
MG;576.5
SP;755.8
BA;611.5
RN;507.0
RS;782.9
CE;544.1
SP;675.1
SC;
SC;
CE;420.1
MA;647.3
BA;
PE;703.7
MG;459.4
RN;379.4
BA;570.9
CE;475.6
SP;480.5
PE;
RJ;516.6
CE;556.2
GO;654.7
SC;526.6
MG;447.2
PI;473.9
RS;379.3
SP;527.9
BA;454.7
MT;791.5
CE;453.9
CE;529.6
BA;
GO;487.1
PA;532.0
PE;743.8
RJ;668.2
SC;654.8
SP;391.9
MG;547.5
PI;387.2
PE;
AM;538.3
DF;600.4
BA;635.7
SC;
PB;394.9
SP;458.1
RS;437.9
RJ;617.5
PI;516.5
GO;406.9
SC;531.3
MA;649.1
GO;
PA;493.3
MA;411.1
BA;673.6
PA;
GO;537.2
RN;663.0
GO;539.3
BA;579.4
SE;
PA;
GO;430.1
ES;788.9
CE;
CE;677.7
PE;651.2
GO;
AP;522.4
MA;384.0
MG;626.3
CE;463.4
MG;447.3
RN;676.3
GO;369.8
MG;702.8
MG;458.3
ES;499.0
CE;504.8
CE;479.6
GO;513.6
GO;455.4
PB;448.9
BA;
PE;549.5
SP;477.2
MS;552.3
SP;445.8
PA;684.2
SP;
PA;695.3
MA;411.4
BA;380.2
RR;651.7
CE;
MT;
RJ;477.2
CE;561.8
SP;776.9
AL;435.5
SP;761.8
AP;457.1
MG;641.3
BA;489.8
PB;539.1
GO;651.6
PR;578.8
CE;542.5
BA;521.3
PA;470.1
CE;573.5
MT;
RN;399.7
MS;659.6
PA;469.5
CE;
ES;466.3
MG;
CE;728.3
MG;678.5
BA;507.5
SP;665.4
PA;576.8
RN;481.2
GO;462.2
ES;424.9
RN;559.2
SP;
GO;566.2
RJ;435.8
RS;
BA;432.3
MT;464.2
MG;603.9
MG;403.4
GO;
BA;525.0
RN;425.5
SP;
SP;741.0
AL;421.1
SP;
SP;673.8
CE;
DF;815.8
GO;498.2
PA;400.0
CE;413.3
CE;428.9
BA;423.9
CE;397.5
RS;414.1
MG;424.8
PA;421.9
SE;659.0
ES;558.7
PR;672.3
MG;
AL;449.8
PR;702.0
RJ;638.1
RN;452.8
TO;360.7
DF;
GO;433.3
RJ;468.5
SC;604.2
PA;
BA;543.0
GO;407.6
RJ;519.3
PR;463.2
PA;497.8
MA;449.2
BA;406.3
PE;642.6
ES;
MA;466.6
SC;
PE;393.4
PR;563.3
RJ;702.9
PB;
PE;532.6
MG;541.2
RN;563.0
MA;440.9
RN;421.7
RJ;613.9
SP;682.6
PB;412.7
RS;416.0
PR;399.3
CE;514.9
PA;547.0
MG;
MA;674.6
MT;449.9
BA;500.8
GO;563.2
RS;
AL;622.8
BA;505.0
RR;518.7
RN;400.9
MG;632.4
SC;
RJ;550.0
SP;520.4
GO;
AL;617.4
SP;616.9
PI;
MG;481.4
RJ;
SP;396.2
PA;479.1
RN;407.7
RS;604.5
MA;442.6
MA;494.8
CE;466.9
SP;
PE;591.9
PI;656.2
PE;659.2
RN;499.7
DF;621.5
MG;664.6
AL;458.8
GO;646.7
CE;436.6
CE;
MG;435.7
GO;498.9
TO;678.1
CE;484.4
GO;
PA;446.2
PR;527.5
RS;641.2
BA;
RJ;
GO;
RS;664.8
PR;620.4
RJ;713.6
CE;718.1
SP;421.4
RJ;489.1
PI;667.6
MA;443.7
PA;
PB;
ES;639.9
BA;395.4
RJ;536.8
RJ;499.7
MA;396.4
RN;462.7
SP;
DF;
SP;658.5
PA;435.8
SP;
GO;414.3
CE;
CE;410.9
MG;564.6
PB;432.3
TO;746.3
SP;570.7
GO;622.2
MT;485.7
MS;473.0
PA;
MG;477.6
PI;400.7
PB;
MG;543.3
RS;
CE;583.5
MG;448.1
BA;
PR;521.1
BA;
SP;622.7
RJ;
PA;404.8
MG;
SP;495.7
GO;
SP;478.0
RN;424.6
CE;
RO;
PA;459.4
PB;
RJ;372.1
SP;
RJ;782.3
MG;399.6
RJ;383.9
PE;
RN;
PA;606.9
BA;
CE;
RN;503.6
GO;
PE;633.0
SP;448.3
CE;567.0
PI;390.0
MT;
CE;412.4
PA;439.8
RS;477.9
RN;783.3
BA;
BA;
MG;566.4
PA;569.1
PR;
PB;633.4
SP;731.1
PI;718.0
MA;
MG;708.0
SP;457.3
MG;
RS;469.8
SE;561.3
DF;500.2
MG;613.3
PI;529.7
ES;
MG;639.3
MT;498.1
BA;
ES;511.6
RJ;465.7
RS;477.4
CE;440.0
MA;472.4
SC;
BA;
SP;662.8
DF;378.8
PI;359.1
PI;
MG;495.4
MG;
MG;498.3
MA;779.8
MA;465.2
BA;421.2
RJ;589.9
CE;600.1
MA;
MA;
BA;
MG;762.7
PA;442.2
BA;460.7
PA;485.6
PR;
CE;
BA;505.4
PI;585.2
SP;477.6
SP;548.7
BA;463.5
GO;519.1
ES;514.0
PA;467.1
MG;673.8
ES;446.2
CE;434.2
RS;513.6
MG;402.7
SP;
MG;614.2
MG;558.9
PI;
PE;401.8
MG;659.2
SE;522.2
RJ;
CE;636.1
GO;
PI;
MA;554.5
SP;561.4
RN;659.5
TO;762.3
SP;611.7
PA;
GO;
MG;
BA;505.8
RJ;
PA;506.1
RJ;708.7
AM;676.2
MG;866.7
MG;513.6
PA;678.7
AM;495.1
PE;494.2
GO;
BA;611.0
RJ;481.4
CE;514.6
BA;453.4
MA;706.9
CE;687.8
RJ;
PA;517.4
GO;403.9
BA;466.8
RS;398.9
TO;382.8
GO;458.0
PE;455.3
MG;655.3
GO;635.8
SP;423.9
BA;370.3
MG;589.9
BA;403.3
BA;480.6
ES;716.5
BA;
BA;461.9
TO;
CE;449.8
SE;404.5
PA;618.2
PE;900.5
BA;
CE;564.3
RS;863.1
CE;423.0
GO;
RN;776.3
GO;381.2
RS;
MA;
DF;452.5
PB;733.8
PA;
RJ;
PI;499.2
GO;478.7
GO;447.2
SP;724.6
BA;504.9
PB;
MG;727.9
PE;409.6
GO;
MG;561.0
SC;
CE;898.0
BA;
CE;602.7
PB;467.5
PA;439.6
CE;
GO;583.2
CE;
BA;518.6
BA;
MG;408.1
CE;626.8
BA;480.5
SE;442.3
SP;596.1
MG;
AC;
CE;687.4
SP;454.8
BA;407.2
BA;480.1
RS;475.5
GO;829.5
MA;516.0
PA;454.6
PR;503.1
CE;
PA;482.6
PE;518.7
CE;754.5
PR;465.2
GO;760.9
MG;
RJ;
RJ;461.9
SP;698.7
SE;381.6
GO;509.9
PI;561.8
CE;701.6
PE;698.3
RS;536.8
RN;425.7
AL;387.0
PA;
CE;383.5
RJ;531.3
SP;
PB;450.8
AL;
SP;532.9
RS;529.8
SP;452.9
SP;507.7
MG;
PE;
PB;579.7
RJ;740.7
AL;489.1
AL;480.5
SP;770.8
MA;
BA;563.5
PB;645.7
SP;517.7
BA;442.1
RN;691.3
SP;602.2
CE;
RJ;748.9
MA;411.6
BA;
BA;
DF;442.3
CE;593.0
BA;400.9
SE;566.6
PE;569.8
GO;398.9
PB;545.3
CE;458.6
MG;
RS;565.9
CE;613.6
CE;441.4
MG;
MG;502.3
MG;760.0
RN;587.2
SP;571.5
PA;710.8
PA;593.2
RN;613.3
MT;484.7
BA;475.8
PE;475.7
RJ;511.2
PE;
CE;
MA;647.7
SP;583.5
BA;522.4
PE;
BA;554.1
GO;513.1
BA;576.2
SP;
RN;428.5
CE;560.9
PE;412.4
BA;530.2
PI;541.2
SP;499.6
CE;680.5
CE;428.7
MG;457.5
SP;415.1
PE;
MG;
RN;
RJ;502.2
SE;628.2
RJ;559.7
PE;657.9
PA;427.9
PI;423.4
RS;701.1
BA;599.1
MS;
DF;
MG;598.2
PR;
CE;508.9
CE;827.5
RS;
MG;767.3
ES;
BA;630.5
MT;
SP;495.7
BA;489.5
MT;661.7
PE;426.5
RJ;739.5
SP;
MG;425.3
PB;486.7
PA;
RJ;460.3
MG;465.5
CE;452.4
BA;383.5
DF;370.2
MG;458.5
RJ;
MG;783.1
PI;568.1
GO;
PR;
PB;439.7
CE;404.7
MG;638.4
PI;371.5
PR;559.5
SE;
RN;
SP;456.4
SP;
SP;427.8
MA;531.0
MG;531.6
PR;
BA;576.2
MG;423.5
GO;494.4
GO;446.0
RS;676.2
GO;541.8
BA;
MA;601.1
DF;459.4
CE;
PA;
PA;679.0
PR;
CE;
CE;431.6
RJ;720.4
DF;401.3
GO;534.6
SP;670.4
RN;398.1
PE;688.0
AM;417.1
CE;524.7
BA;430.4
GO;463.3
PE;549.0
PE;
PB;427.2
MA;421.0
RJ;
RJ;
BA;636.3
CE;
RJ;458.3
MG;672.8
MG;576.3
CE;
BA;434.5
CE;464.2
CE;512.4
RS;379.6
SP;683.6
AM;
PI;505.6
AL;403.8
CE;627.9
RO;571.9
PB;850.5
BA;369.0
RJ;463.3
RS;502.8
PR;450.4
MG;525.2
CE;587.7
PE;440.2
PI;
SP;444.5
BA;470.8
RJ;454.0
PA;402.0
RS;772.0
RJ;505.9
PR;682.1
CE;436.1
MG;716.8
RS;416.3
CE;473.0
CE;472.3
CE;388.2
SC;
PI;430.8
RN;416.3
PE;
CE;412.0
GO;405.8
GO;445.4
SP;438.3
ES;689.4
MG;713.3
GO;476.7
MA;645.0
PA;432.2
MG;
SP;632.0
AL;530.8
SP;663.5
SP;
TO;421.4
CE;370.8
MG;716.6
AP;723.8
GO;
MA;471.0
GO;580.0
MG;612.2
MA;547.3
GO;
MG;682.9
RN;604.3
MG;487.2
MA;492.1
CE;527.6
MT;669.5
PA;
RJ;
PB;589.4
PI;
RJ;
SP;
MG;440.0
RJ;483.9
CE;553.2
RN;372.8
PI;684.7
RS;580.5
MA;531.7
CE;432.5
BA;384.6
CE;529.1
GO;498.3
BA;
RS;510.7
CE;474.4
MG;482.2
SP;581.5
SE;618.4
PI;435.2
MA;475.5
SP;
PE;520.8
PI;368.8
BA;775.9
SC;569.9
PA;474.1
PE;420.2
MG;639.1
MG;
CE;629.8
RJ;655.7
MA;437.9
PE;810.0
PA;626.7
RO;
GO;441.4
DF;
MG;
PE;496.3
PB;
GO;476.6
CE;497.1
SC;577.4
ES;704.0
SC;711.2
CE;544.6
GO;513.3
BA;478.5
PB;432.2
MA;482.0
RJ;450.5
RJ;617.3
RN;433.1
MA;460.6
CE;645.7
MT;664.3
PR;598.3
RN;
RN;417.4
PB;631.8
GO;
SC;
GO;
GO;
GO;586.1
GO;
CE;612.5
RN;
MA;544.3
PA;556.8
AL;543.4
RN;402.7
RJ;
CE;
MG;469.4
BA;
BA;
RJ;
CE;476.8
RJ;
PI;639.9
RN;518.4
SE;475.7
RJ;440.3
AC;383.3
MG;731.8
MG;464.7
SP;702.9
GO;
BA;675.4
RJ;496.9
AC;465.6
CE;609.5
CE;504.1
RN;419.2
PB;
PB;567.3
AM;408.4
PB;703.1
SE;514.3
SP;391.4
MG;403.2
GO;381.4
MG;734.0
SP;611.2
CE;452.9
CE;518.7
MT;
RS;481.0
RN;670.0
RN;670.4
RN;422.5
PE;525.5
MA;440.8
RJ;
RJ;526.1
RJ;562.8
PB;
BA;368.1
GO;451.3
MG;521.5
SP;448.3
PB;431.1
PB;598.4
PB;612.3
GO;575.1
CE;
SP;568.8
RJ;667.8
GO;
PB;654.5
MG;599.0
PA;512.5
MG;458.1
PE;534.8
MG;
PR;427.3
PB;
PE;448.9
CE;
MT;575.3
RJ;425.3
SP;465.5
BA;624.4
PE;683.8
CE;449.1
MG;452.2
PB;637.4
TO;456.4
GO;
GO;455.9
SP;720.3
MS;653.5
PE;
RS;401.5
PE;480.2
SP;846.8
PR;
RJ;
RJ;636.3
CE;463.8
PB;693.8
SP;
AC;
CE;430.0
AL;527.8
BA;491.0
CE;566.3
SC;547.3
PA;533.1
CE;390.8
SE;581.2
MG;729.9
GO;
CE;399.9
TO;392.1
MG;380.7
RJ;492.0
MA;377.2
CE;422.8
PE;532.0
MA;521.5
PI;441.8
MA;
CE;512.1
PI;
MG;819.6
RN;655.4
PB;680.6
MT;
RJ;547.4
SP;676.9
PA;419.0
MA;658.9
MG;785.1
PB;752.2
SP;508.5
BA;472.5
CE;505.1
PA;
RS;612.1
ES;481.3
SC;567.7
MA;567.1
SP;554.3
MA;419.9
PE;393.6
MT;713.0
SC;
MA;
RJ;385.1
RS;448.1
SP;662.3
GO;
GO;
GO;497.0
GO;436.7
RN;516.7
PI;501.8
CE;484.2
SC;524.0
RN;516.9
MG;
MG;550.0
CE;
CE;
PB;
MG;419.1
RJ;469.3
GO;
BA;687.7
PE;
SP;843.1
SP;
PA;562.0
RJ;515.1
MG;
SP;395.7
MG;756.8
SP;623.0
BA;378.2
MA;536.4
MA;462.3
PI;444.0
MG;630.9
BA;418.9
MT;470.3
CE;468.5
PA;448.3
MG;470.8
RN;417.8
MA;477.8
RJ;819.2
GO;587.3
ES;494.8
PI;482.3
PE;
MG;681.0
RJ;
GO;440.0
SC;649.9
AM;429.1
MT;558.5
SP;465.0
GO;456.6
RN;393.9
BA;617.3
CE;590.9
GO;505.0
CE;401.2
AP;384.4
GO;
SP;514.5
PA;484.7
MA;713.2
RJ;391.7
PB;753.2
BA;560.6
AM;474.1
RO;743.2
PR;536.6
PB;689.0
CE;401.9
DF;386.8
PB;691.8
PB;471.4
CE;376.8
SE;
MA;516.3
PE;419.8
CE;
CE;445.2
SP;532.9
MS;
SC;
TO;
PA;448.3
PA;538.2
MG;599.2
SP;
CE;
AL;526.8
GO;
BA;471.3
CE;385.9
BA;400.1
BA;455.0
MT;757.3
ES;523.3
AP;457.5
MT;601.1
AM;653.9
GO;
SP;691.5
GO;406.9
BA;514.9
SE;
MG;660.6
CE;397.7
CE;426.7
AL;482.3
CE;383.3
MA;569.0
PR;361.1
GO;
CE;407.9
RJ;754.5
CE;
RJ;449.5
PI;
AL;390.1
MA;542.6
SP;398.5
MA;394.5
SP;719.9
SE;401.7
CE;
CE;580.0
MG;755.7
MG;643.0
PA;407.0
MA;704.2
SE;582.5
PI;
GO;470.5
CE;
GO;
PI;535.4
GO;424.1
AL;428.8
MG;709.2
MA;521.3
PI;546.9
SP;722.4
RJ;688.1
PE;777.4
MA;492.5
GO;544.6
SP;558.0
RS;452.8
PE;615.0
RJ;775.9
BA;500.4
MG;
MG;
MG;
PB;422.5
PE;
RJ;753.6
SP;713.7
CE;723.8
BA;445.5
PE;450.3
MG;533.6
GO;431.4
BA;438.2
PE;406.1
PA;602.3
PI;
PI;465.9
MG;728.6
SC;
SP;628.8
SP;
SC;
MG;737.5
MG;612.4
MA;550.6
MG;430.2
SP;611.9
PB;825.9
PA;
GO;
SP;676.5
DF;617.5
MA;433.0
PE;502.1
PA;
RS;445.3
PR;393.7
MG;
GO;451.5
SP;445.1
AL;599.2
SP;647.2
RJ;558.8
AP;395.7
BA;584.0
PR;767.5
AL;
CE;423.6
BA;358.2
BA;
RJ;366.7
BA;523.3
PR;494.7
BA;
MA;586.2
MG;
SP;674.1
BA;412.3
RJ;439.8
CE;708.4
CE;
TO;472.5
AM;
PE;455.6
ES;658.3
MG;840.3
SC;611.1
AM;432.1
PA;651.2
PI;
SP;
PE;627.5
DF;582.0
PB;400.4
BA;673.6
CE;615.6
MG;785.6
MG;535.4
AM;385.8
MG;679.5
MA;393.6
PI;579.9
CE;525.6
SP;451.7
RJ;
MT;420.6
SP;751.7
RN;484.6
RN;400.1
PI;689.6
RJ;623.9
BA;370.7
PE;726.6
RN;416.4
CE;432.0
MG;579.5
CE;546.8
GO;395.9
MG;525.1
SP;
ES;
ES;685.9
PE;803.8
RS;462.0
RJ;559.7
PI;466.8
RJ;573.1
RJ;711.9
CE;494.6
CE;400.4
SP;
PB;
SE;
PA;476.8
BA;
CE;
RJ;
RR;523.3
MG;733.1
MA;620.7
SP;701.7
SP;
MG;
MG;458.4
PE;420.3
SP;677.7
BA;416.4
MG;565.1
SP;532.1
SP;
MG;525.1
CE;659.4
RJ;449.3
PA;370.2
RJ;705.1
GO;446.1
BA;385.9
RJ;430.1
PE;418.3
SP;514.4
MG;617.2
GO;799.1
MG;637.5
MG;
CE;513.4
GO;426.6
RS;526.2
TO;549.2
CE;380.3
BA;616.9
CE;649.3
BA;714.6
CE;434.8
CE;503.7
BA;
PE;
AP;
SP;600.9
RJ;431.3
PI;417.4
SP;614.3
SP;458.4
ES;481.8
GO;
MG;531.5
GO;
RJ;470.8
MG;
SP;
SC;688.2
RJ;651.4
AL;
SP;739.2
ES;691.9
PA;
PB;492.8
AL;588.0
RR;
MA;441.6
CE;510.6
MG;540.8
BA;
MG;464.5
SP;472.4
PI;393.8
PB;609.2
GO;
DF;371.6
RO;442.7
DF;
BA;389.4
PR;491.2
PA;681.7
DF;
CE;
PA;495.8
PE;533.0
SC;409.0
DF;722.6
GO;651.7
MT;
PE;469.5
RS;
CE;
GO;485.4
PA;726.7
MA;429.5
MG;667.4
MS;472.7
SP;625.2
RJ;
RS;448.6
SP;409.0
BA;600.2
RS;514.0
PR;519.7
AM;477.0
MG;440.4
BA;580.4
PR;
PR;650.3
PE;563.1
PB;593.7
SP;396.0
BA;490.0
MA;455.4
RJ;637.2
MG;464.3
SP;656.4
PR;
GO;477.2
SP;
GO;523.5
GO;456.3
GO;
SP;552.2
SE;
BA;527.8
PR;473.4
GO;460.6
CE;608.3
SE;
SP;614.5
PB;551.9
CE;613.2
MA;394.8
PE;
CE;736.0
CE;618.0
RN;561.8
SP;527.4
CE;448.1
PR;501.0
SP;390.3
CE;
PE;
MA;626.2
PE;437.0
PR;575.1
SP;
PB;491.8
MG;624.8
PA;486.4
PI;683.2
PE;449.1
CE;428.9
BA;434.6
MG;581.6
BA;741.8
MG;
SP;405.3
PI;406.1
PE;608.3
MG;608.1
BA;547.5
SE;497.3
CE;
SE;
CE;
MS;556.9
BA;689.5
ES;
BA;
TO;537.1
MG;411.3
RJ;688.1
MS;
MG;
MG;769.2
RS;433.4
SP;
RS;
MG;694.5
PI;738.9
CE;476.8
SP;402.9
CE;
RJ;
CE;453.0
CE;403.8
BA;477.6
MG;470.4
CE;
SC;
BA;489.5
GO;
BA;
PE;442.1
CE;636.6
CE;
MG;416.1
CE;368.5
CE;
GO;403.6
RN;393.4
RJ;572.7
RJ;498.5
SP;470.3
PE;514.3
GO;417.3
MA;480.8
CE;620.6
MG;651.5
PA;476.4
BA;
CE;463.4
ES;559.6
RS;497.2
CE;494.7
BA;
MG;787.0
CE;566.4
CE;397.3
BA;693.9
PR;708.0
GO;431.7
RN;369.8
SP;449.0
RS;472.2
BA;453.9
MG;676.3
MA;
RJ;466.0
ES;717.9
RS;494.4
PE;
BA;424.8
SP;589.1
RJ;421.4
PE;671.1
MG;429.0
CE;489.0
SC;543.3
AL;428.6
SP;526.9
CE;752.3
GO;403.9
BA;498.0
SP;375.9
MG;612.8
ES;422.3
SC;
SP;539.8
CE;678.2
RJ;477.7
SC;506.3
BA;618.0
BA;467.1
MG;537.3
PI;
PR;
MT;529.3
GO;412.1
PI;508.1
MG;614.2
PA;
SP;619.0
CE;512.4
PE;432.5
GO;508.3
CE;460.7
SP;594.7
RN;453.6
MA;485.9
SE;492.0
BA;530.5
SP;451.1
BA;562.0
PE;507.9
MG;598.7
CE;632.4
CE;473.7
GO;418.2
PA;526.4
RO;800.8
SP;
CE;836.7
PA;447.2
PA;
MS;519.2
BA;
CE;454.0
MT;601.0
ES;413.4
MG;452.8
AL;500.0
MG;585.3
BA;530.6
RJ;
PA;480.6
MG;779.6
SC;540.1
CE;386.8
CE;555.8
MG;
MG;460.3
MG;521.3
RJ;734.7
RO;
CE;570.8
PI;490.5
MG;450.4
PI;515.3
PA;378.1
PI;451.3
MA;492.4
GO;445.1
MG;445.7
PB;689.6
SP;491.2
RJ;
PE;469.0
MG;587.2
MG;519.4
SE;740.0
RS;549.6
GO;502.5
MG;473.8
PB;760.0
CE;544.3
PA;518.1
PA;461.0
CE;364.4
MG;664.4
CE;652.1
MG;442.9
BA;
PE;468.2
RS;625.5
CE;705.5
RJ;464.9
CE;586.3
PE;811.4
GO;394.1
BA;546.7
GO;552.3
ES;634.3
MA;458.7
PB;840.8
MG;849.4
GO;
RN;517.1
MA;486.1
SP;664.5
PB;402.6
GO;
PE;631.4
BA;446.5
MG;754.5
PE;567.6
SP;
MG;583.7
SP;492.8
PA;
PA;428.5
MG;
CE;520.7
SP;583.2
RJ;597.3
BA;
PB;412.3
BA;465.6
GO;434.2
PA;483.8
MA;540.8
ES;
CE;574.6
PE;600.6
CE;
CE;589.6
BA;478.3
MA;458.6
CE;525.0
AL;664.4
CE;659.8
PI;386.8
MG;777.5
GO;519.8
MA;638.9
SP;357.7
MT;632.8
BA;455.8
MA;457.1
SE;
CE;402.7
PR;
SE;588.1
CE;530.7
DF;477.3
CE;546.2
PI;820.4
BA;495.2
RS;485.3
SP;444.7
MA;
RN;560.1
RJ;390.0
PA;
SC;
RS;449.9
BA;515.7
CE;382.9
PE;426.5
SP;496.5
BA;
PB;509.3
PE;603.1
MG;
GO;
RS;556.8
CE;649.0
MG;690.6
MG;574.8
CE;378.4
MA;
PI;462.0
CE;447.3
SP;
CE;634.5
SP;473.5
MA;646.1
MA;
CE;399.4
PR;463.6
SP;
CE;388.6
GO;
MA;593.1
CE;513.1
MG;692.4
PR;631.2
SP;517.3
CE;
AL;437.5
SP;
RN;504.3
PA;
MT;540.7
PE;500.4
MG;762.3
RS;
SP;
PA;750.5
PA;
DF;430.8
SE;
PI;761.4
PA;423.0
PE;799.6
RJ;374.0
DF;429.5
RJ;666.9
PB;631.2
CE;530.2
PB;379.9
BA;
BA;478.3
CE;533.3
CE;
GO;
TO;
PE;669.4
SC;417.9
PI;467.6
AL;473.2
CE;452.9
SE;435.8
BA;502.2
GO;
RS;594.8
RJ;552.7
SP;
AP;501.5
RJ;500.1
PR;716.6
BA;511.0
MG;439.4
MA;533.9
MG;780.4
RJ;476.9
SP;581.2
PA;
CE;454.2
MG;664.9
BA;
SE;
CE;429.1
PA;446.9
MG;600.7
SP;760.8
PA;
CE;
SP;
GO;642.5
CE;449.8
MG;578.9
CE;704.7
MG;709.5
PA;365.7
SP;
AL;390.2
RJ;645.3
RJ;709.1
PB;547.0
GO;
MG;523.8
CE;398.9
RJ;402.9
CE;604.4
MG;541.0
RJ;683.5
BA;603.8
MA;
DF;596.5
MG;586.0
BA;723.8
GO;577.5
RN;676.9
SE;661.0
PA;571.1
RJ;
SP;579.1
RN;554.0
SP;557.9
MA;484.9
MG;775.7
AL;
SP;592.2
AL;519.8
RN;537.8
PA;445.6
GO;469.2
CE;568.6
CE;468.0
RJ;
MG;630.3
MA;
PB;406.5
CE;488.0
GO;
RN;713.3
RS;399.9
MA;658.3
RS;745.1
RJ;484.2
MG;411.6
CE;714.1
RJ;521.8
RN;662.0
GO;714.5
MA;390.4
PI;540.3
GO;404.3
CE;467.6
RO;463.1
MS;593.4
GO;463.9
SE;
RJ;
GO;463.7
RJ;502.6
PE;
AL;792.7
AP;
RS;665.9
MG;711.5
PE;563.3
MG;446.6
AL;472.2
GO;656.7
CE;509.8
MG;400.8
CE;408.8
PE;423.9
PE;619.5
MA;623.9
PA;374.5
MG;
RJ;
MG;676.9
RN;540.1
ES;603.8
BA;490.8
RJ;638.0
SP;632.5
DF;444.5
PA;
DF;454.9
PE;569.3
SP;705.3
PB;872.4
RJ;489.1
BA;468.7
MG;539.9
DF;466.7
RN;392.0
RN;
CE;689.0
PI;460.6
GO;478.8
SP;394.3
MG;462.7
MG;692.2
SP;
RJ;556.2
CE;785.2
MG;589.3
GO;419.4
SP;510.2
MG;
MA;410.4
MG;408.6
PR;451.1
GO;582.9
RJ;
SC;609.1
GO;454.9
SP;479.9
GO;571.9
PI;
PB;368.1
MA;496.5
MT;
RJ;539.7
MA;
SP;541.2
GO;687.7
PR;499.5
RS;
RJ;416.0
ES;465.0
PA;691.8
SP;598.8
CE;518.4
MG;461.1
SP;680.7
PA;398.3
GO;367.7
PB;427.8
SP;415.2
RS;726.0
DF;610.3
BA;
MG;
PA;399.1
MG;656.6
SP;
PB;
SP;569.1
SE;513.2
CE;467.4
RJ;
PE;785.2
RN;560.1
SC;
MA;600.8
MA;492.9
MA;
SP;402.0
CE;665.5
MA;411.4
RJ;755.9
SC;709.3
RJ;621.3
RS;684.6
MG;
MG;523.9
MA;390.9
RN;429.8
PE;
MG;692.5
SP;533.9
CE;
MG;429.5
PA;427.4
SP;574.3
GO;533.7
BA;445.6
PI;404.5
CE;415.6
CE;545.5
PE;
SP;
BA;440.5
CE;524.3
RJ;427.2
MG;703.9
SE;393.0
BA;
MA;639.5
PA;470.9
BA;380.7
SP;477.4
CE;428.9
TO;396.5
PE;
SP;599.4
GO;427.9
PR;588.6
SP;707.8
BA;402.9
MG;686.3
MG;822.2
PR;680.5
SP;644.5
PB;471.4
PE;525.8
SP;611.2
PE;652.1
BA;476.1
BA;454.9
PI;
CE;
SP;619.2
PB;
RS;651.2
MG;550.3
SP;444.2
RJ;418.3
MG;394.8
GO;576.7
PR;431.6
DF;
RJ;495.7
ES;503.1
PA;355.9
RJ;486.2
MG;378.1
BA;512.4
PI;603.8
PB;595.0
PA;394.4
GO;616.1
SP;656.5
SC;598.6
SP;652.0
PB;511.2
GO;516.0
RJ;489.9
PI;553.9
RJ;398.9
BA;
SP;
CE;789.1
PI;523.7
SC;381.5
CE;697.5
MG;675.7
SP;
CE;586.8
PE;422.4
GO;385.2
GO;526.0
RS;548.1
MA;465.7
SP;633.0
PA;504.1
PR;447.3
PR;851.5
MA;429.8
RN;426.7
MG;450.8
MG;542.2
PI;564.5
PB;529.4
CE;576.3
MG;
PR;451.9
MG;
CE;543.0
DF;646.5
MG;764.4
MG;
GO;484.4
CE;475.9
MG;671.7
SP;734.7
MG;774.8
PA;562.2
MS;494.0
RJ;605.9
SC;
CE;495.2
RJ;
BA;506.0
MS;581.1
PA;501.6
PI;660.2
RS;403.2
RS;
GO;566.9
MA;
PA;506.9
MA;439.6
PB;678.1
GO;455.0
CE;689.2
CE;489.0
BA;454.6
GO;539.2
RS;714.2
RN;462.1
SP;587.0
ES;398.2
TO;455.0
ES;441.2
PE;
MG;
SE;404.8
RJ;509.6
GO;
RJ;450.0
CE;391.1
RN;601.0
PB;544.3
RJ;615.0
PE;646.0
CE;898.8
PE;
SE;525.3
PI;449.9
PA;717.4
BA;670.0
RJ;703.8
RJ;552.4
BA;381.5
PA;497.9
SP;705.2
MA;538.3
MG;
RN;417.0
SP;681.9
BA;
MA;473.8
MG;769.3
RN;534.4
GO;436.4
SP;624.8
PR;450.1
SP;565.6
PA;408.7
SC;569.4
SP;646.2
PA;
MA;529.5
RJ;838.4
CE;769.0
RJ;685.0
RS;420.1
RJ;694.8
RN;632.3
PE;746.1
AL;792.1
MA;538.2
PE;
AM;
GO;640.7
PE;483.3
RJ;
GO;574.0
RS;449.9
PR;866.4
SC;554.3
CE;571.5
BA;494.9
PB;456.4
PA;545.3
PE;444.5
RJ;661.5
RJ;557.7
RJ;569.7
SP;599.8
DF;
PB;468.0
MS;
MT;714.2
BA;
GO;428.9
RJ;500.8
MG;703.6
CE;
SP;438.8
PB;437.9
SP;615.0
SP;459.4
CE;530.9
RN;580.0
PI;463.4
MA;537.7
RN;526.8
SP;742.7
PB;501.3
PI;430.5
CE;388.6
SP;423.4
CE;
TO;409.6
PE;412.1
CE;475.7
MG;620.0
CE;368.7
MG;639.9
RJ;622.2
SP;
AL;
PB;447.1
GO;
RJ;724.9
GO;685.9
AC;409.4
SC;613.7
PI;422.8
SP;437.9
BA;
PA;444.9
TO;
RJ;576.7
RS;746.2
CE;419.3
PE;508.4
DF;
GO;386.4
PA;505.4
MA;
AP;403.0
SP;489.1
MG;687.0
BA;
MG;508.6
PR;
CE;
CE;
PI;525.8
BA;586.8
MG;
RS;638.6
CE;833.0
RN;
PI;540.4
PR;
MG;632.3
PR;
PE;469.6
MG;
PR;
BA;373.8
BA;413.6
MA;451.7
PE;
BA;455.5
MG;463.7
CE;453.7
PA;466.0
CE;549.7
AL;477.3
GO;512.0
MG;520.9
SC;
MG;
AP;551.9
SP;586.2
CE;
SP;
CE;
BA;376.9
DF;
SP;593.1
BA;921.1
CE;634.3
BA;
MA;417.3
RJ;571.4
PE;405.1
PB;491.6
CE;438.1
BA;375.7
CE;612.0
SE;
AL;
SP;
MS;418.1
MG;
MA;684.8
MG;435.9
CE;523.8
SP;
PB;
CE;423.3
PA;486.5
MG;602.3
PI;
BA;563.8
PR;551.5
CE;471.2
RR;567.1
MG;504.2
CE;
CE;
PI;412.1
RJ;383.8
MA;431.3
PI;431.9
MS;498.4
MG;604.4
MA;599.6
MG;518.9
BA;555.5
CE;589.1
RO;702.7
AL;732.8
SP;749.7
MA;420.2
MG;606.5
PR;585.3
TO;375.4
PI;357.0
SC;596.6
SP;378.1
PI;600.6
RJ;502.4
BA;433.9
SP;475.5
PA;444.1
MG;504.2
GO;397.5
RJ;480.8
RJ;623.1
CE;494.2
MG;364.7
GO;
SE;612.1
RJ;
CE;699.6
RO;
RS;515.9
AL;494.7
AC;485.5
PA;
RS;680.6
ES;580.0
GO;
BA;473.8
CE;409.3
RS;691.2
MG;416.4
MG;494.6
CE;484.8
PR;629.9
CE;572.0
RS;372.8
RS;748.5
MG;503.1
SP;425.4
CE;561.1
BA;552.7
PA;386.0
CE;656.0
MS;466.9
BA;
PR;598.3
BA;
AL;
GO;442.3
MA;501.8
GO;466.1
BA;582.7
PA;478.9
PE;
SP;
PA;494.0
CE;391.4
DF;547.2
CE;754.4
MA;554.5
SC;608.8
GO;673.2
MG;
RJ;670.8
SE;511.3
CE;
PA;426.0
RS;530.2
RS;416.6
PA;407.5
AL;
MG;512.9
CE;449.5
MG;414.7
PI;707.7
RJ;
BA;412.4
BA;
ES;643.6
TO;402.1
RN;627.3
AL;680.5
CE;426.5
BA;
PE;434.4
SE;
PB;553.1
PB;435.5
BA;550.7
BA;
RN;588.9
PR;620.4
CE;490.0
PA;553.7
GO;451.4
PI;491.5
RS;413.2
SP;503.6
PA;502.0
CE;
SP;442.3
RJ;608.9
CE;507.8
PB;587.9
ES;617.9
SP;559.2
AL;565.8
CE;413.0
PI;615.3
MG;
CE;534.8
MG;801.7
CE;
DF;400.5
MG;815.7
PE;533.4
SP;707.5
MA;519.3
MG;812.3
RJ;736.7
MG;781.2
RJ;814.1
PA;592.6
CE;464.5
AM;386.3
CE;501.7
PI;480.5
CE;394.6
CE;
RJ;510.1
SC;609.9
MS;579.6
AM;443.6
GO;
TO;401.1
SP;494.3
RN;639.6
PE;802.1
RS;545.6
CE;374.2
MA;454.9
BA;421.4
RS;631.1
PI;451.8
BA;550.3
BA;589.5
PA;
RN;585.6
PE;
PR;421.8
SP;579.0
GO;388.2
MG;473.6
PE;455.2
MG;430.6
MA;447.1
PB;499.5
RN;
SP;619.3
MG;454.1
CE;
AM;513.4
GO;370.3
BA;509.1
GO;457.3
MG;531.8
PA;447.6
GO;657.3
PB;446.5
PI;440.6
PE;513.8
SE;
MA;548.0
BA;
GO;411.3
MT;648.1
PA;474.3
BA;774.2
GO;463.4
PA;735.4
MT;591.2
GO;425.0
CE;
AL;541.0
SE;460.4
PA;400.0
SC;
SP;650.6
MG;789.0
CE;659.6
CE;
MA;
RR;
CE;498.7
RJ;
SP;549.2
SP;724.6
GO;434.1
GO;583.8
RJ;458.2
MA;359.0
SE;467.4
PE;481.7
CE;440.8
CE;426.5
GO;
CE;745.3
PR;476.7
CE;507.3
MG;606.4
MG;588.6
RS;673.4
SP;
PE;
PA;
AP;503.9
GO;
RN;723.6
SC;569.1
MA;414.7
SP;633.1
PE;580.2
RJ;
MG;430.9
CE;575.3
CE;585.8
PR;511.4
RJ;668.2
AL;526.1
MG;468.1
PR;714.3
RS;540.7
RJ;414.2
GO;
MT;
MG;776.5
SP;626.5
PA;
PE;530.9
RN;501.2
GO;424.0
RJ;425.1
SC;384.3
SP;488.4
BA;410.1
BA;452.6
AL;397.8
CE;497.4
RJ;555.9
PE;419.0
MG;851.6
CE;418.3
SP;
SP;600.7
MA;445.1
SC;679.3
SP;743.5
RS;664.7
MG;756.9
BA;
PA;
PB;612.6
MG;600.6
DF;610.5
MG;467.4
GO;555.4
GO;442.7
BA;510.9
MA;467.8
CE;530.3
GO;563.5
SC;
SP;
BA;430.7
PE;792.6
PE;617.8
GO;
GO;
PB;382.0
PB;576.6
PB;
MA;453.8
GO;
MA;511.7
PE;394.6
AL;452.6
SP;
GO;390.5
ES;519.2
RJ;
PR;539.5
AM;394.6
PA;381.0
PB;688.5
MG;480.1
MG;508.8
RJ;562.6
GO;469.0
RS;514.7
CE;502.6
CE;436.5
MG;
SP;411.6
RO;486.1
BA;457.0
PA;438.7
PA;632.8
PE;
MG;764.8
PI;388.5
RN;579.4
MG;673.4
PE;473.7
MG;657.7
RJ;
SC;595.2
PB;593.0
PA;
CE;643.8
PE;530.3
GO;656.7
MT;
SE;393.7
BA;553.2
MG;
BA;685.5
RJ;431.4
PA;
BA;456.9
BA;589.7
BA;
CE;492.4
RS;477.1
BA;
PE;682.4
RJ;
CE;716.6
CE;
MT;450.0
MG;472.9
RJ;452.9
MG;477.9
SP;445.8
RN;644.1
PA;537.9
MG;858.7
CE;451.7
BA;
SP;616.9
BA;
GO;406.2
MA;
RS;397.1
CE;632.3
MG;870.9
RS;428.6
SE;381.2
PB;699.5
RN;462.2
GO;
CE;690.2
MS;
AC;
CE;404.1
MG;408.4
BA;434.5
CE;521.8
RN;379.5
CE;428.9
RS;432.0
GO;741.0
MG;433.7
ES;
PR;483.3
GO;
PR;498.2
BA;524.3
MA;688.0
MA;478.9
TO;537.2
CE;473.7
RJ;527.0
RJ;572.8
MG;
MG;674.6
ES;765.3
PR;465.9
GO;
PI;430.5
RO;514.2
PB;408.3
PA;
MS;420.5
PI;468.6
ES;429.7
PE;596.3
MT;
RN;
RJ;680.7
CE;623.6
CE;438.3
MG;620.2
GO;432.4
SP;416.3
SP;913.4
AL;691.9
CE;413.0
MG;743.7
MG;567.8
ES;
PR;655.3
SP;477.7
PA;822.6
MA;538.2
SP;
PB;580.6
SP;574.0
CE;415.1
SP;635.0
BA;402.2
MG;622.9
SP;465.2
SP;633.2
ES;660.0
GO;
ES;546.5
SP;616.0
CE;736.6
PI;578.0
MG;627.1
GO;632.6
GO;538.2
MG;750.2
MG;709.0
PB;479.0
MA;603.5
PE;511.4
RS;539.9
MA;447.9
CE;639.8
PR;529.9
GO;418.6
MA;638.3
BA;
CE;379.1
PA;414.9
CE;652.4
GO;
CE;466.6
MG;437.3
BA;474.3
SP;488.0
PE;431.2
ES;556.0
SP;700.2
SP;510.6
CE;
BA;738.5
CE;464.2
SP;605.4
CE;544.6
MG;629.2
SP;716.4
ES;
DF;
CE;757.8
RJ;408.9
CE;
SC;624.2
SE;452.1
PA;422.4
PE;612.2
MA;617.1
RN;443.5
RN;
PE;
GO;465.2
SP;
MG;624.3
MG;642.6
DF;
MA;460.9
DF;561.1
PR;
MG;603.5
SC;700.6
SP;
PB;677.9
CE;418.2
PB;462.7
SE;
RJ;
CE;449.5
SP;675.7
SP;569.7
DF;778.0
MT;424.7
CE;362.4
RS;579.3
BA;440.1
PB;406.8
RN;548.3
CE;521.2
AL;
PE;415.5
SP;
RS;665.6
PB;405.6
AL;592.7
DF;
PE;536.3
CE;747.2
SP;
DF;
MA;
CE;748.8
RS;
RJ;
BA;391.9
PB;414.1
BA;377.3
RJ;
PA;413.2
SE;459.0
RJ;
CE;
SP;390.7
CE;723.3
RJ;404.5
GO;460.3
CE;420.0
MG;720.0
RJ;561.8
RN;520.1
PA;
MG;622.2
PI;698.2
SP;514.3
MG;414.8
SP;
SP;391.9
SP;533.4
RS;655.4
RN;690.6
MG;630.0
SP;
PI;457.2
RO;
RJ;480.5
PE;374.7
RJ;
BA;687.5
SP;459.8
MG;561.1
PE;529.4
ES;
PA;
RO;
PA;503.8
PR;597.7
SP;400.1
SP;484.3
MG;549.9
PA;565.1
SP;
ES;
PE;
BA;483.6
PE;
PB;568.0
MG;415.4
PB;411.3
BA;690.1
PB;466.6
MG;
MA;578.1
GO;466.2
PA;
AL;591.0
MG;707.7
AM;
AM;428.5
RJ;481.7
PE;699.4
CE;471.3
ES;433.9
PA;653.8
PA;453.2
SP;465.3
MG;689.9
RJ;797.3
RN;698.9
PR;452.2
CE;425.5
BA;412.2
GO;578.8
SP;615.7
CE;659.2
RS;847.2
PA;521.4
RN;721.9
MG;469.8
PA;443.5
BA;391.8
CE;436.3
MG;637.2
PA;619.4
MG;570.7
GO;733.4
CE;444.6
PE;410.2
RS;451.6
SP;655.3
MG;643.0
PR;536.4
GO;540.9
GO;
RN;461.4
SC;623.1
GO;855.4
PI;591.8
RS;415.0
AL;679.5
SP;490.2
DF;503.4
SP;621.9
BA;
SP;
RS;725.4
RJ;784.2
RR;479.6
GO;502.4
SP;437.4
RJ;
PE;528.0
ES;
GO;530.4
MG;670.0
CE;446.6
PA;
TO;
DF;
RO;456.9
PA;
ES;563.4
PB;413.1
PA;
CE;481.9
PA;490.3
MA;
MG;527.0
SP;620.8
PI;447.0
PI;645.2
GO;424.1
BA;407.3
MG;705.3
SP;
PE;514.3
AM;557.0
MG;555.4
SP;405.2
DF;699.7
AL;470.8
AL;
BA;555.5
PB;
MA;
RJ;
CE;495.3
PA;539.4
RJ;494.6
SP;660.3
BA;381.0
RS;441.4
CE;527.6
PE;634.2
CE;513.6
BA;467.2
CE;543.8
MG;704.8
ES;414.4
SP;
PE;
PR;526.9
GO;
MT;365.5
DF;653.8
RS;
ES;408.2
SP;689.8
BA;
GO;406.4
MG;
CE;440.8
DF;723.4
PI;658.4
PI;536.5
CE;459.1
PB;626.1
SP;
RS;589.0
PE;444.0
PA;
CE;606.3
GO;405.0
RJ;509.3
RN;453.3
SP;591.4
ES;877.0
MG;
SP;441.6
RS;511.4
CE;766.7
CE;449.3
ES;656.4
SP;446.2
MA;445.0
PA;479.0
PA;
RS;
SE;431.6
SP;671.0
MT;469.8
SP;716.9
GO;639.4
MA;373.4
RJ;
CE;779.4
RJ;
MG;502.4
AM;588.0
CE;413.6
MA;
GO;696.0
SP;467.0
SP;
BA;539.9
CE;429.0
GO;579.2
CE;
BA;436.8
ES;571.4
CE;
PI;
PR;466.0
SE;497.5
SP;380.9
PB;668.9
PI;463.9
ES;440.4
CE;560.6
RJ;523.2
SE;487.2
GO;485.7
PA;551.3
MA;570.3
CE;855.9
BA;527.3
AL;554.0
PE;550.7
TO;727.2
MG;669.6
RJ;601.6
MG;806.0
RO;428.3
GO;403.2
RJ;510.1
PR;634.9
RJ;393.1
RJ;406.0
CE;511.6
BA;721.3
MA;
PR;467.9
CE;805.2
RN;823.6
RN;642.7
RS;425.6
MG;724.4
SP;472.5
SP;
AL;610.2
SP;692.2
PR;486.3
CE;394.7
BA;600.0
GO;481.2
PA;457.8
SP;633.7
DF;649.8
MA;
TO;
MG;583.4
PA;663.7
MG;381.8
MA;383.1
MA;371.4
BA;434.5
BA;
GO;
SP;
PB;
BA;486.6
PE;580.6
BA;751.6
MG;
SP;477.8
RN;
MG;
SP;584.6
PB;382.7
SP;
PE;
CE;393.6
RJ;
MA;
CE;681.1
BA;589.1
PR;433.6
PI;
SP;704.6
SP;483.7
CE;723.5
MG;580.8
MT;477.1
BA;424.6
SC;495.0
MG;604.1
PA;466.9
MG;458.1
CE;
MG;748.7
PE;442.6
CE;390.3
RS;623.8
GO;685.1
RS;
RJ;680.9
PA;746.8
SC;424.8
DF;534.9
SP;556.3
MG;656.3
SC;
ES;405.4
CE;531.6
MA;461.4
RN;461.5
MA;
RJ;603.5
PI;582.1
SP;796.1
SP;451.3
PE;392.5
SP;711.5
CE;457.7
RS;716.7
CE;456.7
RJ;
RJ;699.0
MG;428.8
SE;
PE;451.4
RJ;717.2
AM;583.2
MG;647.2
PR;425.8
MG;
PA;540.9
BA;
RJ;611.3
GO;509.4
CE;367.4
SP;688.0
GO;574.9
PE;494.5
SC;437.3
PB;485.1
MA;386.0
MA;522.8
GO;
GO;637.0
PB;
CE;516.2
RS;521.0
RJ;497.9
RS;
PA;455.3
RJ;470.7
SP;
SP;441.0
BA;747.2
MG;605.7
SP;523.6
PE;
PE;548.6
PA;
PB;751.6
PE;633.3
SE;504.1
CE;
MG;
RJ;766.2
PE;
BA;462.4
MG;
RJ;547.5
BA;
PE;403.6
RN;671.6
PI;791.0
RJ;611.7
PI;447.6
PI;430.1
BA;
SE;
GO;406.1
SP;782.6
RS;534.1
GO;411.0
ES;383.1
CE;764.9
PA;490.1
SP;699.7
CE;
SP;711.6
PR;415.6
SP;704.3
GO;383.5
RS;521.0
CE;
PI;
PR;687.7
SP;
SP;423.3
MS;541.1
PR;416.3
RS;574.7
RJ;
RJ;526.4
BA;496.8
MA;710.8
MA;514.0
DF;521.4
BA;621.5
RJ;566.1
MG;582.6
SP;828.6
SP;676.6
RJ;409.4
PE;560.0
PR;
CE;425.5
PR;
CE;510.6
CE;465.2
PB;793.9
SP;
GO;571.0
RS;
MA;400.9
RJ;723.9
GO;483.1
MA;
PR;494.3
GO;423.7
SP;405.2
PR;720.3
RS;492.8
SP;590.5
SC;468.6
SP;537.0
RS;392.9
DF;391.8
MA;500.1
PE;383.6
GO;371.0
RJ;708.4
CE;365.9
PE;537.0
AC;401.1
TO;477.7
CE;594.3
MA;446.7
AL;591.7
ES;638.6
RN;
RJ;550.0
PA;556.6
MT;578.0
MG;697.0
DF;
PI;484.3
RJ;410.0
PE;442.4
MG;409.5
BA;
PB;619.3
MG;
MG;
MG;544.1
BA;550.9
MA;420.1
DF;708.6
RS;552.0
PA;524.5
MA;
CE;
PR;
SE;457.6
SP;
BA;
BA;767.2
PE;639.4
GO;435.7
ES;771.7
ES;608.6
SP;526.4
MA;
BA;430.6
CE;443.8
PE;471.4
AL;414.5
SP;694.8
RS;415.9
CE;587.2
PB;
SP;670.1
MT;
SP;404.7
MG;730.3
GO;
PE;
SP;775.7
PR;420.5
SP;490.7
SP;622.6
BA;
RS;
PR;804.5
GO;
PR;
PE;646.3
DF;764.1
MG;710.7
TO;464.5
RJ;720.2
PE;680.6
PB;500.1
SP;
PA;475.3
CE;367.9
SP;461.2
SP;759.4
GO;640.0
SE;629.2
AL;577.2
GO;
BA;686.1
DF;712.5
MG;
SP;650.4
PI;502.9
PI;627.0
PE;
CE;
PA;
CE;443.7
ES;536.4
PE;803.5
PR;673.1
SP;430.9
RJ;471.1
MG;521.4
RJ;
PE;538.9
RS;623.2
TO;692.4
GO;
PI;521.6
PR;573.4
RN;
SP;
MT;
AL;400.6
RS;590.5
RN;439.2
CE;515.3
PE;
PE;587.7
PE;751.6
CE;559.1
PA;447.1
MG;731.5
MA;522.4
MA;465.1
SC;677.1
PB;
SP;566.9
CE;
MG;801.7
CE;761.1
MG;434.4
RO;
MG;715.4
PB;516.4
GO;
SP;560.8
TO;571.9
SP;525.7
RJ;498.5
MG;663.3
BA;513.8
RN;462.4
SP;
RN;565.3
PI;
BA;619.7
MG;604.9
PE;398.7
PE;616.1
MG;575.2
BA;727.6
CE;477.1
PR;537.9
SP;559.1
SP;461.0
SP;
MG;615.1
GO;
MG;540.8
RN;463.2
GO;376.4
RS;667.0
SP;773.2
CE;672.9
TO;
PE;
CE;565.5
PE;
PA;594.6
BA;
PA;498.1
CE;543.4
BA;501.7
PE;535.5
MG;
SP;682.5
GO;483.0
DF;490.1
ES;539.4
SP;712.2
MG;617.1
RJ;638.1
PE;
MG;635.0
GO;
GO;592.8
PB;382.2
RJ;
SP;
SC;749.5
PB;500.3
ES;531.3
GO;
PE;372.1
RJ;
PA;615.8
SC;
MA;451.7
RS;549.8
GO;372.0
BA;512.2
SP;701.6
MA;594.9
SP;
CE;429.1
PE;661.5
PI;481.1
GO;607.3
GO;409.2
BA;693.8
RN;513.6
PR;397.6
CE;
SP;481.0
RS;552.0
MA;485.8
RN;602.5
CE;414.6
BA;409.3
SE;555.9
BA;635.2
RJ;613.7
CE;532.8
ES;421.0
AM;
GO;534.1
MA;461.6
PR;389.4
CE;405.9
MG;725.5
PE;418.0
GO;
CE;
BA;550.8
PB;450.1
BA;
MG;462.9
CE;494.1
BA;496.0
PB;619.1
SP;761.5
GO;387.3
GO;429.8
CE;
RJ;616.2
PE;384.9
PE;687.1
CE;483.9
RS;
PE;595.4
PI;554.1
CE;494.7
SP;496.6
MT;427.2
GO;712.4
GO;402.3
PI;
AL;
SC;459.4
SP;399.3
MG;644.2
CE;524.9
PB;
RJ;614.6
SP;492.1
MG;
MT;
RN;397.1
SP;661.8
GO;
MT;505.4
RJ;490.7
BA;529.5
RS;487.0
PR;600.0
CE;
RJ;421.6
CE;
GO;415.8
PE;649.8
PA;425.8
MA;849.8
RS;667.6
BA;772.7
MG;635.5
BA;567.9
ES;586.5
PA;499.9
AM;
RJ;607.4
PA;558.7
PB;404.9
PE;385.2
GO;
RJ;652.2
MG;458.8
CE;633.9
RS;481.6
RN;383.7
MG;
MT;587.2
MA;441.6
PR;465.4
SP;586.3
BA;497.5
MT;453.6
PA;550.4
GO;414.9
MG;
AM;448.2
DF;
RJ;481.1
PA;472.2
PB;386.6
PA;604.9
ES;462.0
RJ;770.9
PR;656.9
SP;544.9
SP;503.9
CE;697.9
MS;434.1
PE;493.6
CE;609.1
GO;434.4
SC;558.0
CE;424.0
SP;529.3
BA;
CE;
BA;422.6
CE;
PA;563.6
RJ;391.7
MG;574.5
SP;619.2
SP;763.2
SP;
RS;474.1
PA;381.5
GO;534.9
MG;548.0
SP;381.1
RN;
PE;411.0
RJ;434.1
BA;
SP;605.7
MG;637.5
CE;542.3
RS;492.7
CE;684.5
CE;427.6
PE;521.1
PR;
BA;398.0
GO;414.9
CE;625.7
GO;442.4
ES;797.2
CE;
CE;397.4
SP;521.0
RJ;466.6
PA;535.6
TO;424.7
BA;563.9
RN;449.6
RJ;557.7
BA;426.7
CE;395.3
RS;751.2
PA;534.0
MG;753.8
SP;729.0
ES;
PR;
GO;543.7
PE;578.6
MG;693.6
CE;484.1
RJ;604.0
PE;
GO;407.6
PE;569.4
ES;453.4
BA;397.6
ES;463.0
SP;
CE;643.0
RJ;381.6
GO;
RJ;471.1
SP;750.2
GO;831.5
AP;361.4
PE;638.3
CE;452.4
CE;423.2
CE;492.9
ES;626.5
BA;386.3
CE;610.1
RS;
PI;486.5
MA;801.4
SP;485.4
CE;491.0
MG;650.8
BA;373.8
TO;
PA;376.2
BA;
MG;395.2
PB;499.2
CE;634.0
RJ;469.4
MA;369.2
PE;379.8
CE;420.3
GO;491.6
MG;
RJ;538.2
PB;431.6
PA;492.0
TO;675.0
BA;
MG;606.0
MG;453.0
MA;370.4
AM;
MG;647.0
RS;431.2
PA;484.8
CE;446.9
RJ;
RS;701.9
MG;730.5
PA;
CE;558.2
PE;401.0
BA;395.9
CE;511.5
AM;
RJ;
RJ;537.3
CE;465.4
AL;451.9
CE;417.8
RS;485.0
GO;532.7
PB;
MG;439.6
SC;
BA;642.1
RN;435.8
PR;655.0
PR;
MG;
SP;692.5
ES;663.7
AP;497.6
CE;437.7
RJ;656.4
GO;419.2
PE;
MG;713.6
ES;539.3
MG;689.9
CE;499.1
RJ;537.4
RS;
CE;662.0
MG;655.5
PE;
ES;771.3
PR;655.2
PA;
DF;668.5
MG;765.8
CE;480.7
CE;
RN;488.0
CE;495.7
MA;
CE;489.2
ES;867.5
RN;854.5
RJ;833.5
SP;577.6
PA;409.8
MG;
GO;408.5
SP;680.2
ES;509.4
MA;409.5
GO;
AM;
RS;469.3
RJ;879.1
MG;
PE;395.4
BA;
DF;493.1
CE;
PE;485.4
MG;
MA;543.6
RN;496.8
PA;610.0
MA;511.3
SE;648.6
CE;429.2
RS;590.9
PA;435.9
RJ;407.5
SP;729.0
MS;550.2
SP;
PB;429.1
CE;653.5
SP;812.3
BA;
AL;398.5
PB;643.7
RJ;382.4
PA;374.8
MA;410.5
CE;641.8
BA;404.7
SP;609.7
RS;610.9
PR;518.8
PA;528.1
SP;482.0
MA;435.7
TO;
RJ;
RS;417.7
MG;508.2
PB;
ES;580.3
PB;480.0
CE;509.9
PR;678.3
MG;839.6
GO;510.9
PE;427.9
GO;491.3
GO;440.6
AL;439.7
PI;387.5
PE;531.6
SE;498.2
CE;459.2
PB;
SE;415.6
MA;418.1
BA;627.2
CE;455.9
PE;755.6
DF;
PI;567.2
GO;703.0
CE;397.9
BA;644.2
MG;
MG;375.6
CE;436.0
RN;
MG;688.2
BA;568.0
PE;433.3
PA;623.8
SP;726.0
RS;510.6
ES;
SP;405.8
BA;516.6
RS;428.3
RS;528.6
SP;437.9
MG;649.3
SP;
CE;602.1
SP;377.6
BA;457.1
SP;490.4
RS;666.4
BA;
PR;511.0
SP;398.6
MG;580.8
RJ;416.3
MG;576.2
PA;644.6
GO;575.8
CE;564.5
GO;
BA;
GO;
BA;
GO;636.6
GO;559.2
PE;598.6
MG;435.9
RJ;440.4
PE;435.7
SP;
SP;574.3
PA;
MG;694.9
SP;680.6
GO;417.5
PB;396.3
GO;616.1
MG;
SP;761.5
SC;700.1
SP;573.9
TO;469.6
MG;555.6
CE;455.9
BA;603.2
BA;668.1
GO;540.6
BA;410.6
RO;
PA;
AC;443.0
MT;404.9
PB;499.2
CE;530.7
TO;450.9
RN;447.1
PR;666.2
AL;
BA;601.9
ES;
CE;
MG;
CE;
SP;448.9
MG;454.1
TO;550.6
CE;455.6
PE;774.9
MA;499.5
RS;683.2
SP;654.2
GO;
RJ;531.6
BA;416.8
BA;468.5
MS;762.2
SP;701.3
RN;510.6
RJ;673.6
RO;494.2
CE;
PB;483.8
RN;
GO;759.1
CE;548.3
RN;442.4
PB;366.8
PE;542.8
BA;496.5
MA;407.0
MA;555.2
SP;447.2
RJ;
RS;610.4
RJ;414.0
CE;600.6
RJ;619.9
RO;430.7
RS;440.1
PE;635.3
RJ;445.7
RJ;395.8
ES;
SP;519.0
CE;560.1
SP;414.9
GO;456.6
PA;
CE;684.2
ES;655.3
RJ;
SP;664.4
PA;395.9
MA;444.8
MG;
MG;414.8
PE;638.1
RN;488.7
BA;451.2
CE;
CE;447.7
MG;429.8
CE;775.2
RJ;566.0
SP;627.8
ES;593.7
RS;578.1
SP;542.5
PE;405.5
SP;595.1
RJ;583.4
RO;465.0
GO;621.0
MT;
RJ;474.4
GO;412.5
MG;520.5
MG;684.8
MT;672.5
AM;
MG;663.1
PE;421.2
BA;523.0
RN;768.2
PA;360.2
PA;439.3
GO;446.0
PA;370.5
PB;505.6
BA;435.0
CE;506.9
MG;794.5
CE;487.1
CE;
MA;385.8
CE;724.0
PA;404.9
AL;665.8
TO;449.9
SP;434.5
BA;685.2
SE;595.8
SP;469.9
DF;467.6
SP;
GO;
RJ;721.0
TO;
RJ;
PI;437.8
MA;548.9
SC;
MA;559.8
CE;444.2
MG;432.3
SP;576.0
PE;684.3
PA;592.9
RJ;493.5
TO;503.7
SP;
RJ;426.4
RJ;600.4
PA;387.4
MG;
SE;427.0
CE;
RJ;
CE;463.6
CE;381.4
SP;575.0
MA;
PR;
CE;458.9
MA;503.5
PE;
BA;612.3
PE;
MG;594.8
CE;408.8
ES;436.2
MG;694.4
RO;472.0
PE;476.7
MT;440.7
MG;596.2
MG;446.3
BA;509.3
MG;446.4
SP;754.1
CE;465.8
RJ;566.2
CE;567.1
MS;531.3
PR;642.9
SC;809.1
PA;520.9
CE;454.2
MG;514.7
PA;389.9
MA;
GO;475.8
BA;430.5
PE;467.8
GO;453.3
CE;516.8
RJ;428.9
MG;464.1
MG;645.2
MG;658.4
MG;638.9
PA;622.8
RN;590.5
PE;414.9
SE;711.6
RS;523.7
SP;567.8
SP;688.1
ES;503.1
PI;703.4
RJ;671.1
SP;464.6
PR;637.0
SP;519.4
RJ;
PR;
BA;693.8
SP;425.2
CE;
RN;612.6
TO;465.3
MG;492.4
BA;
SP;
CE;437.6
MG;667.9
PI;
MG;609.5
SP;492.0
BA;379.3
CE;461.7
PR;569.3
RS;789.5
BA;
MG;643.3
SP;438.9
MG;
PE;648.2
CE;430.8
MG;523.2
PA;418.2
GO;529.5
GO;473.5
RJ;
SE;432.4
BA;464.0
PI;619.2
SP;705.1
CE;485.0
PI;517.2
SE;533.9
SC;
AL;663.9
CE;
PA;
BA;610.6
CE;
MG;628.5
PB;427.9
ES;470.9
PE;717.1
MG;487.1
RJ;
RN;709.3
MG;614.4
MG;654.4
PA;590.3
BA;468.2
MG;731.3
PE;609.0
GO;
AL;422.2
SP;530.2
MG;569.4
SP;726.1
PE;
PA;547.2
PE;516.2
SP;382.1
SP;511.1
SC;603.5
CE;488.9
RJ;
GO;552.7
GO;
RJ;624.4
BA;393.3
RJ;482.1
SP;
CE;470.7
PE;470.6
BA;628.4
MG;446.6
SE;448.7
PB;557.8
MG;
PE;381.6
GO;689.4
MG;497.7
CE;413.5
SP;615.1
BA;416.2
AL;528.0
RJ;647.1
MA;457.7
ES;527.8
BA;464.0
GO;447.5
RN;
PA;561.1
CE;476.0
PA;730.3
SP;
BA;479.6
SP;542.6
MG;
MA;650.3
MG;559.2
BA;
CE;465.4
RJ;663.4
RN;454.6
MA;486.3
SP;745.3
MA;470.9
PE;451.7
PA;
PE;491.6
ES;
GO;443.1
SP;
DF;
TO;614.6
MG;533.7
GO;656.6
BA;466.8
PA;647.1
SC;472.9
TO;
RN;411.0
CE;537.3
BA;465.6
SC;401.0
GO;638.2
RJ;
BA;554.2
BA;469.9
BA;640.1
PR;556.5
PR;437.4
SC;416.9
GO;576.6
RS;567.8
CE;
BA;505.3
GO;408.0
AL;740.7
CE;
MG;555.6
AP;542.8
CE;655.0
CE;413.0
AL;540.7
SC;
AM;513.4
MG;582.4
BA;618.6
CE;426.7
GO;552.5
CE;425.4
SP;613.2
CE;506.1
MG;494.2
ES;546.5
MA;453.0
PA;459.1
CE;
CE;647.4
RJ;709.2
BA;513.4
PE;752.8
PR;445.2
PA;478.6
AL;413.2
ES;549.8
PA;
MG;669.6
GO;679.5
GO;454.9
BA;447.5
SP;
PB;409.5
RJ;474.1
RN;419.0
BA;533.9
SP;672.6
GO;494.1
MG;685.7
RS;505.6
SP;617.6
MG;366.4
CE;447.6
RJ;576.1
PE;481.2
SP;708.4
RJ;698.9
AM;492.2
AM;442.8
DF;572.7
PR;505.9
CE;510.5
PE;541.6
PA;428.3
CE;612.2
GO;
MG;715.9
PI;574.0
BA;420.7
SP;457.1
PA;545.2
BA;461.4
MG;700.8
SP;720.9
SP;658.3
PA;
TO;495.3
BA;818.7
SP;478.1
MA;571.3
CE;445.3
SP;618.6
SP;
RJ;550.0
PI;406.8
CE;
MG;523.4
BA;611.2
MG;612.5
PI;492.0
SP;680.2
RS;710.0
CE;
MG;720.7
SP;727.6
SC;445.9
BA;757.6
CE;780.7
PB;365.7
MA;461.8
RJ;468.9
MS;
PI;445.7
PA;480.8
CE;
AL;457.0
BA;
SP;
SP;525.6
BA;463.0
CE;460.8
GO;470.4
RJ;446.7
PE;696.4
DF;
MG;466.5
SP;
RJ;
AL;419.7
PE;382.3
RJ;648.6
PE;585.5
GO;410.7
RS;
GO;584.7
RN;
GO;738.2
SP;734.4
SP;639.9
CE;605.7
MG;793.7
BA;454.7
GO;409.5
RS;748.9
SP;573.0
PE;820.0
PR;664.7
PB;416.5
PA;444.4
PI;644.9
RJ;
RN;
RJ;
AM;439.2
DF;474.6
SP;
BA;563.2
CE;426.3
RJ;470.6
RJ;646.2
ES;638.7
RN;547.0
CE;482.1
PE;499.3
CE;456.8
MA;447.1
MT;630.6
SP;
CE;
RS;728.8
SP;384.7
AL;531.8
BA;
RJ;
MA;384.0
GO;467.6
PE;436.7
GO;424.8
PE;
ES;508.3
MG;
MG;479.4
MG;379.7
MS;694.1
AL;476.8
BA;643.8
RJ;
MG;437.3
BA;536.4
SP;434.8
PR;448.1
GO;486.3
RJ;731.9
PR;473.1
GO;
PE;
BA;482.4
GO;435.1
PA;
MT;446.8
SP;745.0
CE;406.9
SP;588.8
SP;477.5
PB;
DF;499.7
SP;371.5
CE;
PI;463.9
CE;
RJ;738.3
PB;382.5
MA;652.6
PI;476.0
CE;520.7
PE;383.9
RJ;449.2
SC;
RS;445.5
BA;
CE;507.5
SE;400.3
SP;
MG;366.9
PA;488.1
SC;465.7
TO;536.8
MG;612.8
MG;375.3
AL;598.3
BA;477.4
PE;454.7
BA;
SP;665.0
MG;
PE;392.2
BA;
SP;631.1
RS;382.7
DF;390.8
RS;387.4
GO;394.2
PI;427.6
PE;638.4
BA;768.7
GO;624.3
PE;578.9
RS;657.6
PB;426.2
MA;513.3
GO;430.7
GO;712.2
PB;419.7
BA;407.4
CE;537.5
GO;532.1
PE;489.6
MA;429.1
MG;660.0
RN;463.6
PA;474.7
GO;538.6
TO;
CE;534.1
PR;
MA;454.1
BA;
CE;
PE;496.9
RJ;699.2
CE;505.1
AM;586.1
RJ;401.3
PA;482.8
SP;572.4
PI;
PA;459.2
CE;461.9
GO;
MG;
PE;491.3
SP;510.9
PE;393.5
SP;783.0
GO;
CE;
CE;630.4
GO;
SC;789.1
PB;424.6
PE;
PA;470.0
CE;654.5
PE;429.6
RN;521.1
SE;675.2
RS;428.6
RN;
GO;462.2
PR;447.9
BA;517.5
RN;433.3
DF;806.6
RO;
CE;386.6
RJ;494.0
SP;646.6
GO;
PR;477.2
CE;594.6
BA;655.0
PA;427.6
SP;
CE;
BA;525.1
CE;404.8
RJ;
MG;642.5
BA;
PR;
AM;
TO;455.4
MA;444.1
SC;
MA;475.1
GO;609.9
SP;492.0
MA;
GO;
CE;
GO;
MA;
BA;
MA;
CE;725.2
SC;
CE;415.8
PA;
GO;479.3
PI;500.5
MT;430.9
MA;404.0
MG;469.7
PR;601.2
SP;
SC;404.2
RO;536.5
RO;476.2
CE;393.6
PB;380.7
MG;422.0
MG;513.2
RJ;417.8
GO;
RR;408.7
PB;
BA;468.6
CE;
MG;684.1
DF;
BA;466.0
RJ;434.4
RJ;522.9
PA;
MG;473.7
GO;
BA;
GO;
RS;574.8
PA;608.0
MA;
PA;
TO;565.9
PB;
RJ;672.3
GO;487.7
MA;438.2
MT;577.7
RS;693.7
RJ;432.5
CE;
RJ;727.1
RJ;
GO;606.8
MG;
CE;638.9
RJ;516.6
PA;620.0
GO;417.0
RS;457.0
GO;566.4
BA;431.1
PE;845.6
RJ;627.9
GO;
RJ;537.2
PB;494.9
CE;
BA;433.0
BA;
PE;722.7
SP;549.2
PE;373.1
SC;512.9
GO;432.5
SP;695.8
SP;500.8
GO;536.1
PI;408.5
GO;426.2
PR;550.2
GO;516.8
RJ;
BA;
SP;785.9
PA;465.0
MG;720.0
GO;
CE;
PE;419.6
PB;634.9
CE;632.8
MG;
MA;518.6
PI;573.3
RN;
GO;554.2
PR;
CE;388.4
SC;406.6
RJ;474.0
GO;443.3
SP;583.1
GO;464.1
BA;466.3
MG;
RJ;
MA;411.6
CE;636.5
RJ;647.8
BA;446.5
SP;753.4
RJ;515.5
SP;528.0
ES;479.7
RJ;439.7
ES;716.3
PR;629.5
BA;496.6
GO;383.9
SP;
PR;536.9
SC;648.8
SP;
SP;
PA;409.9
GO;
MA;443.4
SP;539.0
GO;
PA;643.7
AP;398.2
RJ;507.3
RN;678.6
PE;374.2
MA;
GO;391.2
PA;647.0
CE;659.0
SE;651.7
CE;589.6
RN;506.8
MG;
SE;523.3
PB;
MA;488.9
RN;411.1
RR;461.1
MA;
TO;452.5
PE;457.5
MA;380.4
PR;535.8
GO;555.1
CE;629.2
RJ;678.4
MG;720.2
CE;469.0
MA;602.4
RJ;567.4
SP;573.6
PR;732.6
RS;454.9
AM;
ES;
RN;563.8
PE;444.3
SE;588.4
CE;
SE;537.7
PI;416.0
BA;463.8
SC;486.0
BA;466.9
RJ;564.6
PE;778.1
PE;
MG;531.4
PR;534.3
SP;562.6
MA;
RJ;558.7
AL;469.5
GO;540.3
CE;436.8
PE;436.3
RN;527.5
MS;
ES;560.0
GO;461.9
ES;438.7
CE;397.4
RJ;
MA;400.6
BA;362.7
RJ;526.7
MG;461.9
AM;477.2
PR;546.8
GO;
CE;470.2
CE;409.9
ES;
MG;812.0
TO;381.9
PE;668.5
PE;695.2
RJ;508.1
PR;
RJ;505.5
CE;493.1
SP;482.0
MG;610.4
MG;
MS;455.4
MG;446.5
BA;732.0
SP;665.0
SP;769.2
SP;473.5
PI;449.9
PE;374.8
GO;781.1
MG;583.4
PA;381.3
DF;
GO;
PE;
SE;465.2
PB;460.3
CE;550.2
SC;687.6
RS;761.9
SP;750.5
MG;456.2
CE;368.2
CE;600.1
BA;449.9
DF;597.6
MG;871.6
PI;481.7
TO;525.8
BA;454.4
GO;
MA;536.7
BA;470.4
RJ;568.6
GO;407.4
RJ;712.3
PR;468.6
PA;525.8
CE;578.6
PE;444.3
PI;423.2
SC;516.6
RJ;
RN;385.3
MG;802.1
MT;381.9
RJ;
CE;
SP;689.2
SP;
SP;
RS;594.4
MG;587.4
BA;643.5
MG;631.6
PI;
CE;436.9
TO;436.0
MA;429.8
PE;544.8
CE;431.1
CE;
SP;746.5
PB;400.5
ES;512.3
GO;605.6
MG;763.7
GO;
RN;497.2
CE;696.9
PB;601.6
PE;639.1
RO;471.4
GO;410.2
SP;481.4
SC;564.2
RJ;688.5
RS;505.1
CE;
PI;752.9
GO;
RJ;462.7
BA;639.0
MG;
PA;464.9
CE;
BA;483.8
MS;483.4
RJ;454.1
DF;
MA;671.7
RS;446.7
CE;416.0
GO;481.3
PA;509.5
CE;484.7
MG;586.3
BA;555.0
PE;434.3
MG;408.9
SP;777.1
SP;513.3
MA;390.2
PI;399.8
MT;
PE;480.3
SP;571.3
SC;
SP;
GO;380.2
SC;
MS;589.0
GO;432.8
MG;379.0
MT;499.4
GO;719.6
BA;728.6
CE;547.8
CE;
CE;398.3
MG;
PE;742.4
SC;517.8
BA;588.7
MG;573.7
BA;409.4
CE;479.9
RJ;
MG;685.6
PE;
SP;492.5
PR;556.9
SC;588.5
CE;476.5
PR;
RS;606.6
CE;680.2
PE;404.1
MA;594.5
BA;433.0
RN;
MA;632.9
MG;403.8
CE;597.5
PB;
PE;
GO;486.2
RN;
CE;608.0
GO;471.0
ES;365.8
CE;464.8
BA;431.2
RJ;433.8
BA;396.0
PB;477.4
PA;
BA;426.6
GO;462.1
CE;580.6
RJ;
MA;
RJ;408.9
TO;385.1
BA;531.5
GO;
MT;523.7
RJ;669.4
SP;738.3
MG;749.9
CE;375.6
MS;
MG;682.1
PR;
SE;548.8
BA;398.6
MG;786.2
BA;
TO;453.6
AL;383.8
BA;479.9
PA;600.8
SP;558.1
RN;446.1
GO;
MG;493.3
BA;400.3
BA;535.3
PR;678.4
CE;425.2
BA;630.4
SE;471.2
BA;
MG;502.2
PA;470.4
CE;598.2
PR;687.8
RS;665.5
SP;665.3
PA;427.6
SP;644.9
PA;502.2
PE;
SP;479.7
PB;455.9
PE;
CE;
CE;
CE;
RJ;548.1
RJ;
BA;451.7
SP;627.6
CE;
BA;406.6
MA;737.4
GO;
CE;407.1
SP;521.2
ES;399.7
MG;696.8
BA;517.1
BA;
MA;473.4
RS;376.3
PE;
MT;419.9
GO;422.7
MG;650.1
BA;
PI;820.3
MG;
PA;444.0
MG;616.0
CE;
BA;489.3
PR;398.8
BA;435.7
MG;427.7
RN;483.4
MG;
CE;660.4
CE;
PI;
MA;
BA;575.7
PE;
MG;665.2
PA;515.1
CE;
BA;
RS;425.1
RN;430.9
CE;509.9
BA;410.6
RS;513.3
SP;563.7
BA;
PE;498.9
SE;522.2
SP;549.1
SC;551.0
RS;432.8
SP;465.1
CE;591.8
PE;
RN;633.6
PI;501.0
GO;
ES;480.4
MG;563.7
PA;
BA;516.9
PE;400.7
AM;468.2
RS;519.2
MG;684.3
SP;542.1
ES;431.7
GO;512.2
GO;
MG;
MT;650.0
MT;492.5
SP;690.1
RS;621.8
PB;
PB;444.3
RJ;552.3
RJ;
PR;431.0
PI;789.7
PA;703.3
PB;451.1
GO;504.6
BA;
PR;480.4
RS;504.1
MS;392.5
SP;693.4
AL;575.2
PA;443.8
BA;499.7
GO;476.6
SP;
CE;
GO;569.5
BA;591.2
CE;376.2
BA;424.9
RS;
SP;414.3
BA;490.7
CE;461.9
GO;
PE;509.8
GO;625.6
SP;625.5
GO;373.1
MG;645.4
PE;560.4
BA;435.9
MG;469.3
SP;
PR;
RS;621.3
GO;
SP;714.8
SC;
RJ;530.4
GO;
MG;515.3
MG;613.0
ES;448.1
PR;583.4
BA;458.6
PE;412.6
SP;
SP;371.4
RS;703.3
SC;406.7
MA;
MG;436.0
DF;
TO;406.7
SE;
PE;644.3
MT;
RJ;589.8
SP;607.5
ES;459.4
SP;814.0
CE;
PR;465.5
BA;502.7
MG;540.7
PB;737.2
RJ;558.0
GO;757.6
RS;625.8
SP;568.4
PA;684.8
SP;
MG;723.1
BA;650.4
AL;423.3
PB;593.3
GO;440.4
RJ;431.7
DF;841.7
MG;457.8
MG;798.6
MG;561.5
PA;420.2
SP;713.7
MG;
BA;414.2
PB;492.6
RJ;517.2
RJ;512.3
MG;616.3
RJ;546.4
SE;649.0
CE;490.3
GO;
CE;574.2
PA;
SE;
RJ;
SC;581.3
MG;526.3
BA;370.0
PB;436.1
PA;
RN;644.8
RJ;612.6
GO;
GO;566.9
GO;442.2
PI;664.6
BA;373.6
ES;391.1
BA;572.0
BA;539.6
BA;644.4
BA;370.5
PB;
BA;505.9
DF;517.8
GO;432.6
PI;527.6
AL;399.4
CE;
ES;551.1
MG;713.0
MA;474.9
CE;366.7
PE;728.1
PA;
PA;495.3
SP;463.7
SP;564.7
MA;467.1
GO;462.0
BA;569.8
AL;
CE;
PE;753.8
PB;681.0
AL;526.4
PE;461.9
PA;420.6
PA;
MA;413.7
RS;
MG;410.4
GO;
AM;404.0
PB;
PI;398.6
BA;472.6
SP;733.9
PA;448.8
CE;456.8
PA;
PI;550.1
MA;406.6
GO;787.9
DF;432.7
GO;567.6
CE;406.4
PE;
PE;494.5
MG;
SP;719.5
PB;569.0
AP;654.1
MG;672.3
SE;434.5
RJ;622.4
GO;368.0
RJ;
BA;389.9
CE;456.3
RN;544.3
PR;366.7
RS;628.5
PB;422.6
MA;447.2
PB;661.1
PB;488.2
CE;456.0
PR;380.2
GO;440.6
BA;495.8
PI;
MG;656.9
MG;677.5
MG;488.8
DF;
RS;461.0
PE;
RS;451.5
CE;
RN;751.0
RS;440.8
AL;517.3
PE;525.9
MG;413.3
CE;652.4
GO;652.7
SE;689.8
SP;664.1
AL;575.7
BA;402.3
MA;424.3
BA;
MA;474.0
RS;681.9
PA;
MA;538.2
CE;627.3
CE;
CE;
CE;613.9
ES;533.1
BA;580.8
GO;517.1
RJ;639.8
PI;406.5
MA;
RN;429.0
SP;405.3
GO;
SP;534.6
ES;754.1
RN;406.1
RJ;467.4
RJ;
PA;549.4
MG;694.0
RN;617.0
SP;618.5
MS;
GO;592.8
GO;422.5
MG;638.9
BA;582.7
CE;788.1
RJ;537.7
SP;
GO;443.3
PE;
PR;407.3
SP;668.4
PE;479.0
PE;479.6
GO;
BA;
MA;
PA;505.8
SP;518.5
BA;439.5
MG;
GO;471.0
BA;
RO;382.6
BA;672.3
PE;517.6
GO;656.5
RS;506.0
PB;607.5
PA;
PE;419.3
SP;
CE;522.9
PA;540.9
SP;720.4
GO;546.8
BA;475.1
PR;435.1
RS;652.2
RJ;572.8
SP;
SP;455.7
MG;591.3
PA;447.4
PE;
CE;
PB;395.4
SP;623.7
RO;
SP;
SP;654.1
MA;464.8
AP;
PE;452.5
CE;417.6
SP;415.2
BA;564.2
MG;431.9
DF;370.1
AL;
SP;702.3
SP;
CE;383.7
SC;681.5
RJ;
MG;
PE;
CE;452.3
RJ;
MG;
SP;545.3
BA;
ES;538.4
BA;600.0
CE;454.1
PA;513.2
PE;574.4
SP;779.3
PR;
PR;568.0
MG;393.2
MG;763.2
MG;576.9
CE;666.1
MG;773.1
MA;697.3
ES;499.8
PE;446.3
AM;532.3
GO;509.2
BA;379.4
CE;416.3
RN;360.6
AM;468.4
ES;535.5
SE;415.8
PA;569.0
CE;361.1
ES;448.2
PA;454.7
GO;405.7
SP;500.8
RS;424.5
PA;599.7
PB;599.1
RS;546.1
CE;446.6
PR;
ES;466.1
CE;434.1
DF;528.6
BA;
BA;
PA;390.0
SP;473.1
BA;403.1
MG;454.8
MG;512.3
PA;
PE;439.6
BA;424.0
PB;402.0
BA;385.0
GO;
SP;470.4
SP;604.2
SP;587.7
CE;
GO;
PR;644.5
PE;612.8
PA;482.0
GO;
CE;533.5
PB;542.3
DF;
PE;431.8
GO;596.1
RJ;574.0
SP;
GO;633.2
SP;652.5
CE;429.0
SP;469.3
PI;716.3
CE;606.5
MG;744.4
RJ;775.1
CE;572.9
PB;455.4
MA;386.4
BA;
CE;397.5
MA;416.3
MG;726.1
GO;421.5
MA;395.6
RJ;605.9
RS;575.8
CE;728.6
SP;551.4
GO;553.5
PA;579.0
CE;639.6
SC;624.4
GO;505.7
SP;624.1
BA;
PE;
PR;406.0
RS;449.9
PA;539.3
DF;548.1
BA;393.2
MG;758.3
SP;704.0
SP;
SP;487.2
PA;705.3
GO;404.7
GO;445.0
SP;391.5
MA;531.9
RS;560.2
BA;563.2
RJ;
SP;529.3
PR;636.4
MG;532.4
CE;549.6
MA;443.4
MT;
MG;531.8
RJ;553.3
PB;402.5
CE;
MG;409.2
ES;
SE;641.1
GO;
SP;537.9
CE;
AP;453.9
MA;595.5
RO;
SP;754.9
RJ;466.4
GO;461.9
DF;580.5
SP;496.3
AM;
MA;
PB;482.7
CE;418.7
SP;0.0
PR;382.8
SP;675.0
RS;433.0
GO;471.9
RJ;404.6
MA;376.9
RJ;386.6
CE;647.5
MG;551.8
BA;
RN;393.4
GO;589.1
PB;583.2
PA;394.4
MG;
SE;484.5
RJ;514.8
AL;460.4
BA;580.8
RN;375.0
PI;406.6
ES;
RJ;752.5
MG;511.8
PR;523.4
MG;514.2
BA;438.5
CE;453.2
CE;430.4
CE;
PI;448.1
AL;439.0
SP;661.2
MA;
RJ;
SP;467.0
PE;
BA;
SP;661.5
SP;687.3
PA;417.2
ES;453.0
RS;526.9
PA;488.9
AM;425.2
CE;558.8
MG;
RJ;616.7
CE;397.6
SP;
SE;611.7
SP;533.7
PE;752.9
SP;640.7
RJ;423.6
RJ;485.5
CE;782.0
AL;429.3
GO;
SE;
MG;838.8
PI;615.4
PA;529.0
SP;
GO;383.0
ES;733.6
MS;
RJ;521.7
AL;420.2
CE;605.9
DF;412.7
GO;480.4
BA;539.4
SP;590.0
MS;522.5
PR;
MA;433.5
SC;471.5
RJ;566.0
PE;568.6
PA;690.6
CE;768.1
GO;
CE;664.6
RR;666.2
PA;419.4
CE;454.3
MA;371.3
PB;
PE;770.9
MG;
RJ;742.5
MA;434.1
ES;572.7
AP;531.7
GO;484.9
DF;449.8
PR;
MT;520.4
ES;518.5
BA;423.8
BA;
CE;407.3
BA;493.3
RS;615.2
SP;599.5
DF;541.9
CE;413.8
GO;668.7
PR;639.5
SC;607.4
DF;787.9
GO;833.7
RN;487.2
MA;660.7
SP;
MA;471.3
SP;
SP;711.2
BA;456.7
MG;437.6
CE;
MG;615.3
MA;432.4
PI;484.1
BA;677.0
MG;790.9
RR;
GO;
DF;656.9
MT;591.5
AM;469.8
CE;431.8
CE;
MG;544.0
SP;394.1
PR;461.5
SP;765.4
GO;378.4
RJ;662.5
SP;
GO;537.3
SE;460.8
CE;446.5
RS;563.5
PB;448.8
MG;540.8
CE;531.4
SP;573.8
RN;
BA;506.7
MA;434.7
BA;627.4
RR;451.8
CE;389.8
CE;487.4
RN;552.0
MA;511.5
BA;395.9
GO;383.7
PB;473.2
SP;481.6
CE;504.4
CE;404.6
MG;546.9
BA;
MG;
MG;407.5
RJ;584.4
AP;556.1
SP;459.6
ES;680.0
SP;421.6
PR;611.6
BA;419.1
RJ;577.0
SP;551.7
PR;514.6
BA;507.7
BA;433.0
MT;771.4
PI;597.7
SP;662.1
BA;710.1
PI;684.9
PE;469.2
SP;
SP;
RJ;629.2
DF;549.4
CE;411.7
PR;467.7
CE;
SP;430.2
CE;543.9
PE;516.5
PE;511.1
ES;401.9
RN;778.7
RJ;570.7
MG;655.1
GO;506.9
CE;517.1
PB;527.4
PB;532.0
RJ;
SP;446.4
DF;512.3
MG;537.3
BA;382.0
PE;568.8
MG;548.7
CE;386.0
SP;518.6
BA;
RN;533.0
CE;
PB;475.1
BA;519.2
DF;444.5
SP;810.3
MS;565.2
SP;682.0
BA;415.7
SP;478.3
GO;
MT;652.2
PA;647.9
CE;690.1
BA;
PB;507.9
RR;663.3
AP;
PB;423.5
PE;461.9
SP;477.4
SP;409.1
MG;539.0
GO;
SP;424.1
BA;462.8
BA;449.0
MG;680.3
PE;401.5
CE;546.2
GO;
PA;435.1
BA;670.2
CE;422.3
RS;764.7
PB;588.0
AL;
PI;658.3
PB;
BA;697.4
PE;
BA;389.3
CE;
PE;615.6
RJ;527.0
PA;
PE;434.3
SP;486.7
MG;513.7
RS;
RS;531.6
MG;
SP;385.5
BA;415.5
PE;
RJ;475.6
CE;
MG;
MG;474.8
RJ;428.7
MA;463.1
RJ;594.6
AM;427.5
BA;
SP;737.6
PI;528.6
RS;
MG;
MA;796.1
CE;653.2
SP;526.8
RN;
SP;648.3
DF;666.6
MG;419.4
BA;491.2
PI;503.9
SP;415.4
SP;654.5
PB;
CE;
MA;463.5
CE;468.1
MG;393.6
BA;536.5
SP;606.8
RJ;690.5
PR;
BA;
ES;597.8
BA;651.5
RJ;
TO;713.9
PB;428.4
PA;
MG;423.0
CE;
BA;410.7
MA;555.4
PI;597.1
AM;438.6
BA;411.4
AL;533.9
RN;497.9
PR;448.7
MG;431.2
SP;476.1
SE;469.7
PE;462.4
RJ;648.0
CE;619.8
CE;632.9
TO;565.1
PR;690.2
PB;648.5
SP;582.7
PA;624.3
GO;777.4
CE;399.8
ES;404.1
BA;484.8
PA;697.4
SP;608.0
MG;460.7
RS;670.7
GO;
MG;427.1
BA;638.4
GO;630.0
AM;445.4
DF;753.4
CE;472.9
RN;
RS;477.5
BA;639.9
SC;480.7
GO;548.0
PA;528.0
PE;466.4
MS;
SC;397.2
GO;688.0
CE;391.3
BA;361.2
MA;411.7
RJ;410.3
PI;
MG;719.7
PA;450.9
MA;485.8
SP;765.3
DF;
PB;696.6
TO;601.1
GO;
PR;
BA;486.5
PI;
PB;
RJ;
RS;
PB;404.0
MG;609.1
BA;437.5
SP;611.5
GO;
PA;590.5
SP;527.1
CE;
SC;527.6
RN;370.5
PI;412.0
MG;646.6
MT;
CE;
CE;405.3
MG;727.9
MG;467.7
RJ;
MG;522.1
PI;491.8
BA;
PI;
PI;511.9
CE;414.4
RJ;
DF;435.9
PB;475.2
MA;410.4
RJ;454.7
CE;654.2
MG;669.9
BA;406.5
BA;
CE;
BA;485.8
AL;670.9
GO;427.1
PA;465.0
RN;608.5
RJ;
GO;547.0
RS;484.7
GO;492.8
MA;503.3
MG;735.4
MG;668.8
SE;517.7
PA;526.4
SP;459.8
RJ;485.9
CE;624.5
PR;673.5
CE;395.7
BA;
BA;465.3
PE;494.7
MG;648.0
AL;466.6
ES;507.9
CE;433.9
RN;
CE;575.1
PE;376.2
BA;503.4
MG;671.0
PB;405.0
RS;517.8
DF;565.4
CE;468.0
RJ;
PB;459.1
MG;770.8
BA;369.1
RS;437.9
GO;663.2
CE;557.6
PI;
MG;482.4
MG;490.5
PA;419.8
GO;720.5
RJ;567.4
PI;493.6
BA;
MA;559.3
PR;
SE;398.0
PA;547.2
CE;690.3
SP;565.3
PI;568.7
GO;439.4
SP;602.9
GO;389.0
RN;385.1
SP;551.3
PA;
RJ;442.8
CE;559.2
BA;814.6
GO;441.0
PE;398.8
PE;693.4
PR;776.4
CE;
BA;439.4
AM;537.6
GO;458.0
SE;507.4
GO;711.2
MS;641.1
CE;461.5
SE;492.8
CE;520.5
AL;378.6
PB;775.2
GO;
CE;495.6
AM;399.3
RJ;579.4
SP;547.3
CE;460.2
GO;405.2
MG;
PR;564.8
SP;411.5
PE;729.6
RN;376.8
RJ;416.8
MG;608.1
PE;503.9
GO;684.1
BA;478.0
GO;463.5
MG;566.3
SP;
RJ;587.0
GO;415.5
ES;555.7
PI;519.9
SP;546.7
MG;623.4
BA;403.3
PA;479.5
SP;
PI;450.1
ES;461.2
PE;
CE;
PE;544.7
PE;642.2
PB;
MT;
RJ;430.9
PE;406.7
PI;514.0
TO;689.6
TO;387.0
GO;596.5
MG;649.8
PE;715.3
PB;540.3
BA;
BA;457.3
MG;544.5
TO;469.6
CE;
GO;425.3
MA;383.7
RS;
PB;443.3
AM;452.7
RS;749.4
ES;480.2
RS;
RN;450.5
AL;567.6
RS;549.2
TO;
AP;
RJ;586.1
SP;679.9
RJ;453.7
BA;556.9
PR;
CE;431.4
SP;494.8
MG;715.0
SC;
MG;674.1
SC;
ES;551.0
RJ;554.2
RN;394.4
PE;665.7
CE;587.9
MG;629.0
RS;563.1
PA;
BA;695.6
PE;575.6
SP;
RJ;636.1
GO;
SE;
CE;420.4
GO;483.0
PE;488.6
BA;548.9
RJ;681.7
PE;
CE;
PB;609.2
MG;687.1
MG;631.3
MA;413.2
CE;499.9
SP;711.1
BA;
PE;
PA;402.6
PB;637.4
SP;
CE;550.3
MA;387.8
PE;647.1
SP;429.7
DF;740.7
SE;396.4
RO;441.2
GO;451.9
GO;423.2
RN;
PA;
MG;704.0
CE;368.5
GO;
RJ;610.0
PB;
PE;513.8
GO;
CE;
MG;494.2
RS;
GO;546.8
PB;
PR;
BA;
CE;546.6
SP;398.0
ES;435.8
SP;597.1
MA;
CE;462.9
RS;666.9
BA;693.3
SP;558.8
CE;605.3
AL;385.3
RJ;686.1
PI;528.2
BA;
CE;463.2
MA;463.5
RO;692.3
AP;443.1
BA;499.5
ES;692.7
SP;663.3
MG;697.0
GO;474.5
SP;
SE;500.4
PB;621.6
PI;
CE;684.8
MG;558.9
AP;517.9
AL;437.8
PR;
MG;605.1
AM;454.2
SP;484.1
PE;443.4
RJ;434.1
RJ;389.5
CE;513.2
AC;548.4
MG;420.0
SP;484.8
AL;504.6
SP;691.8
AL;661.9
AP;423.5
MG;690.1
MG;453.0
PA;
PI;458.9
RJ;
SP;443.2
ES;474.1
GO;556.4
RJ;
MG;796.0
GO;631.7
CE;431.5
PE;377.2
RN;532.6
PR;489.9
TO;434.0
MG;653.8
PI;391.0
BA;
MG;459.9
MG;552.2
SP;555.2
SP;787.8
CE;487.1
PB;501.5
PA;
BA;604.9
SP;
GO;551.2
MG;456.9
RS;474.0
DF;644.3
GO;397.2
PB;544.6
SP;871.4
PB;372.0
MG;469.9
RJ;489.0
AM;
BA;398.1
PE;
CE;521.2
MG;
MG;428.6
BA;455.2
GO;
MA;605.7
MG;427.0
BA;628.9
SE;487.1
RS;
PI;597.2
SP;
PR;
GO;599.2
ES;
PB;435.0
SP;536.2
CE;559.1
SP;661.7
BA;372.7
RS;690.6
PA;501.1
GO;442.6
CE;434.2
GO;477.8
MG;522.9
SC;729.0
GO;617.6
CE;415.9
MA;375.3
PI;528.1
TO;412.4
CE;664.5
BA;462.6
RN;
GO;558.9
RN;470.8
CE;640.0
PA;488.4
RN;402.2
GO;490.3
PA;473.7
SC;
MG;729.7
BA;373.7
RS;527.1
CE;571.3
GO;596.5
CE;427.3
SC;483.2
CE;374.0
CE;511.6
CE;415.4
MG;634.4
MG;645.1
BA;369.6
BA;446.9
AM;
CE;555.3
TO;482.9
MG;475.9
GO;371.7
GO;440.0
SC;
BA;399.5
CE;422.0
PE;
AM;654.5
MA;430.2
AL;567.0
BA;718.3
PR;736.6
TO;
GO;417.3
MT;
PE;424.8
CE;436.2
CE;562.8
RJ;431.6
MG;
MA;562.9
MG;428.2
CE;493.8
BA;613.9
ES;424.2
RN;470.3
PR;667.5
GO;
MG;587.7
PB;383.9
PE;486.2
GO;420.2
AM;510.6
MA;464.6
GO;
SC;527.2
SP;540.7
SP;492.6
SE;449.0
MT;654.8
SC;795.0
PI;418.1
CE;454.4
MA;450.8
BA;499.9
RJ;
MS;488.0
SP;542.4
RJ;602.1
MT;467.3
BA;471.1
MG;
SP;530.6
SP;609.7
PR;
RS;500.7
PB;661.3
SC;587.8
PR;
MG;528.8
PR;512.1
MS;
MG;437.6
ES;483.7
MA;
RS;496.5
PE;474.0
RJ;
SP;570.2
RN;382.2
PE;433.5
RJ;506.1
PE;596.7
SP;407.1
CE;378.9
CE;570.0
PA;423.8
PB;491.5
BA;450.0
PE;504.7
SP;771.2
SP;740.0
PE;526.3
DF;459.9
PA;488.6
SP;
MG;454.1
PE;
SP;
PA;523.9
PA;750.2
PB;781.1
PE;388.6
RJ;650.6
SE;
SE;
GO;402.7
SP;707.0
RJ;588.7
PA;
PA;450.2
PA;
BA;453.4
BA;478.2
GO;519.8
PR;422.1
MG;460.3
MG;568.8
CE;424.7
CE;415.3
CE;483.2
MG;443.5
RJ;670.0
RN;587.2
PI;
RJ;450.5
MS;401.0
CE;400.2
MG;604.9
CE;424.6
SP;691.9
PB;389.2
SP;
MA;603.6
RN;605.9
RJ;521.5
MG;531.0
MG;577.1
AL;435.2
RJ;
RO;569.0
CE;411.2
GO;428.8
PR;386.4
AM;
RJ;539.7
DF;713.1
SP;548.1
RS;481.6
BA;409.8
CE;
ES;743.4
MA;586.6
SC;
PR;638.2
ES;
PA;538.2
PE;415.1
PI;463.2
PE;446.1
MG;571.7
CE;
BA;400.6
AM;
CE;524.4
BA;
SP;479.6
SE;
TO;387.5
PE;444.1
PA;427.0
SP;567.9
GO;
MG;459.9
RN;416.7
GO;614.1
GO;
PI;442.9
MG;390.1
GO;586.8
GO;
BA;651.7
GO;743.7
PE;591.7
RJ;
RN;446.3
MG;
RN;
RJ;639.9
DF;554.7
BA;409.5
RS;600.0
MG;632.6
RJ;
CE;683.8
RS;518.0
MG;457.7
CE;447.1
CE;507.9
SP;
PB;499.6
GO;400.8
PB;483.5
SE;473.1
CE;694.1
SP;611.6
GO;559.9
SP;467.8
RS;458.5
MS;494.0
RJ;609.4
PE;457.6
DF;786.6
GO;
CE;547.9
ES;629.1
PE;380.2
GO;422.3
PI;460.6
MA;516.6
CE;402.4
MG;767.8
MG;
MG;608.8
MA;704.6
MG;791.8
RJ;376.4
RN;417.5
BA;597.6
PI;457.7
PA;
RJ;444.8
AL;539.1
GO;587.8
SP;
MG;
MG;886.1
RJ;497.6
PA;811.4
GO;628.1
SP;547.3
RN;496.4
RN;631.8
CE;371.8
SP;448.4
RS;381.8
RN;629.1
BA;
GO;671.4
PI;452.4
MG;379.9
ES;
CE;
PB;592.2
MS;504.5
MA;
RJ;573.0
PA;370.7
MG;426.7
PE;833.2
PB;
PA;477.6
RN;448.7
RJ;481.7
PR;416.9
GO;383.8
PR;
CE;459.2
DF;745.4
SP;613.1
RS;756.3
GO;
BA;427.9
MA;496.0
SP;579.5
RS;484.9
SE;471.9
CE;471.0
RO;
BA;585.1
RN;522.6
MT;405.6
SP;491.9
RS;514.4
ES;492.6
RJ;841.9
BA;591.0
SP;596.4
SP;572.2
CE;528.3
PA;446.3
RJ;455.0
RS;524.7
MG;793.4
CE;811.4
SP;430.4
MA;526.9
PE;419.5
SP;537.0
GO;419.4
RJ;
RJ;605.8
BA;550.5
AM;
GO;599.3
ES;411.5
MA;432.9
PE;432.3
BA;464.2
RJ;661.7
CE;360.6
CE;591.5
PE;406.7
GO;483.8
MG;542.1
CE;394.4
CE;420.5
RJ;
CE;711.1
RS;696.8
BA;432.9
RR;571.1
RN;
PB;597.2
SP;567.6
PE;642.3
CE;
RJ;
SP;749.5
CE;
SP;611.1
PB;494.2
PR;584.3
PA;401.5
RJ;
CE;372.7
AC;602.5
BA;
PE;558.1
RS;640.8
GO;507.7
MA;394.8
PI;461.0
PR;
PB;794.9
RJ;440.3
GO;
SP;594.4
PB;413.0
CE;479.0
MG;
MA;599.0
GO;631.0
RN;
SP;434.0
AM;581.6
PI;548.8
RJ;423.1
GO;446.2
CE;369.0
MG;
ES;738.4
AL;471.3
RS;649.0
CE;648.8
SP;
SC;720.8
PE;421.3
SE;477.8
SP;571.9
MA;
RS;470.9
CE;463.2
PI;
BA;
PB;396.0
PE;493.7
CE;444.7
BA;567.3
MA;416.4
PR;444.9
SP;409.0
CE;690.6
MG;737.8
SP;687.9
MT;639.2
GO;451.7
RJ;486.8
GO;647.4
GO;405.0
RJ;572.1
SP;718.3
MG;499.1
PA;415.6
PA;
CE;506.2
MG;562.4
RS;648.7
RS;480.6
SC;384.6
GO;431.5
MG;
SP;
MG;
CE;455.0
MS;435.9
MG;729.3
RS;
MT;564.0
PB;539.5
SP;615.5
RN;568.7
GO;432.5
RS;788.6
GO;541.2
DF;432.9
RJ;
GO;456.4
MT;428.6
RN;
BA;724.4
RJ;558.0
SP;702.5
RN;393.1
MG;591.1
MG;
MT;713.4
PB;488.5
ES;568.0
CE;
BA;
MA;
RJ;660.7
PB;403.6
SP;424.5
PE;513.3
ES;640.1
RJ;450.2
PA;390.2
PI;
PE;
SC;766.9
BA;446.2
AP;767.1
RO;400.5
GO;
BA;437.2
AM;594.0
BA;828.8
MA;
MA;
PA;485.9
PI;410.7
BA;595.6
BA;
MA;
CE;564.4
PA;739.3
GO;
AL;833.6
RJ;
MG;542.3
MG;717.1
GO;
RS;461.1
SP;671.6
DF;497.7
BA;568.5
SE;511.7
SP;547.8
BA;
RS;738.1
RJ;602.0
PA;601.6
RS;550.3
SP;548.7
GO;
PR;637.2
CE;
PB;409.5
RJ;855.6
PB;
CE;514.1
CE;453.2
ES;541.4
PB;585.0
SP;650.2
MG;508.5
MG;605.6
RS;408.1
PE;
CE;427.9
ES;430.9
PI;
PI;535.6
BA;
PI;495.2
MG;398.9
RN;
SP;702.6
ES;424.0
RN;413.2
RJ;661.4
SC;640.5
MA;650.6
MA;757.1
MG;539.7
MG;501.7
RJ;642.1
MG;565.6
SP;534.8
PE;428.8
GO;508.6
AM;537.5
PA;468.5
GO;826.6
MT;786.2
CE;
SP;
MG;
AL;832.4
GO;495.4
TO;423.8
PR;532.3
MG;462.7
MA;612.0
MA;540.6
GO;479.8
BA;631.7
RJ;491.7
PB;442.9
GO;392.6
CE;520.1
ES;478.7
PE;594.9
PI;561.8
GO;481.1
SE;527.2
GO;397.9
PA;562.0
RJ;430.2
BA;439.7
RN;408.2
CE;459.8
GO;
CE;628.4
MG;581.0
PI;747.8
CE;700.0
GO;
PB;483.2
PR;537.0
TO;388.0
CE;690.3
PI;381.2
RJ;641.0
MG;586.4
RJ;
GO;381.0
SP;632.4
RO;440.0
RS;472.8
MA;791.9
AM;398.8
RS;534.6
PA;
GO;399.5
BA;550.7
MG;730.4
GO;482.3
RS;443.8
CE;
PB;689.9
ES;570.0
MG;506.7
BA;496.5
SC;596.8
PB;610.6
BA;466.3
MG;616.2
PR;433.7
ES;579.9
BA;
MG;
MG;648.9
MG;743.5
CE;480.5
PE;
MG;363.4
RJ;433.2
RJ;
CE;
MG;
PE;494.3
GO;408.9
PB;586.9
MG;620.6
BA;445.3
MG;529.9
PB;
MG;
MA;500.0
MG;890.8
PB;434.5
SP;641.2
MG;747.3
CE;420.0
SE;552.7
CE;385.1
TO;
PE;620.7
AM;412.5
SP;
MG;495.5
CE;
PA;501.4
BA;483.0
GO;575.2
MG;
DF;427.7
MG;432.2
SE;
MG;415.1
PR;
PI;
GO;582.0
PR;427.5
PB;530.8
BA;
CE;388.7
PI;434.0
BA;574.2
GO;473.3
AP;475.1
PB;575.8
CE;417.4
GO;542.4
SP;673.8
RN;429.2
PI;492.5
GO;479.0
MG;
SP;510.1
CE;489.5
RJ;389.9
PI;907.0
GO;808.8
GO;709.4
SC;
CE;533.3
BA;542.4
CE;
RJ;581.5
CE;517.7
SP;693.4
PE;471.5
MG;787.1
SP;395.1
SE;427.9
GO;500.1
GO;444.8
MG;694.6
CE;393.5
AM;419.9
CE;498.3
PR;678.0
SC;662.9
PA;
PB;
PA;459.3
MG;
SP;768.1
RJ;407.5
CE;653.0
RJ;550.9
PR;581.9
RJ;
CE;489.7
RN;485.7
SP;638.1
CE;
CE;423.9
RS;500.9
RJ;576.9
GO;470.7
SP;503.7
CE;417.1
AC;
MT;
MG;763.0
BA;488.7
PA;525.5
MG;622.5
RS;683.9
PA;438.7
DF;568.8
CE;360.1
MS;515.4
MT;416.2
CE;435.9
PE;509.9
GO;
PA;
BA;395.0
CE;412.8
MA;611.8
PA;472.7
RN;
CE;475.2
MG;761.9
MA;559.7
AM;
MA;584.3
CE;
CE;822.4
CE;446.5
GO;403.5
SP;541.9
AM;648.1
RO;464.9
BA;627.7
RJ;376.7
SP;569.3
MA;429.7
MA;396.3
GO;445.7
SP;474.1
ES;506.1
GO;699.9
CE;463.3
CE;539.8
SP;
MG;806.1
PA;548.2
AL;
SP;533.6
MG;533.4
SP;
MG;609.5
PE;745.6
CE;561.9
DF;
RJ;
AL;462.7
MG;546.2
RS;
SP;426.6
MG;441.6
SP;577.4
CE;476.0
PI;511.3
PE;418.8
RJ;526.0
PE;706.0
BA;548.3
ES;684.5
GO;
MA;417.3
PB;701.8
SP;418.0
RJ;395.1
PB;
PB;448.7
RN;608.7
BA;498.7
CE;404.6
PE;513.4
PE;585.1
MG;536.6
MS;
RJ;867.3
PA;441.5
MG;674.5
SP;413.0
BA;477.4
SC;721.9
GO;516.9
MG;529.0
GO;561.8
BA;532.5
MG;
SP;
SP;410.8
RJ;668.5
SE;411.7
DF;463.6
MA;
MG;631.0
PE;374.3
CE;634.6
PI;417.3
MG;
RJ;408.7
RS;605.6
BA;425.0
GO;435.8
GO;532.4
GO;527.1
BA;595.5
SC;485.3
GO;
GO;738.2
PE;465.2
RJ;441.8
MA;630.9
SP;791.3
MS;
GO;
DF;733.7
SP;466.9
CE;503.9
RJ;730.8
BA;481.4
GO;427.0
SP;
RJ;572.7
AL;423.9
GO;458.5
SP;639.6
CE;839.2
PB;433.2
PA;464.5
PB;
MG;
RJ;432.3
CE;
CE;
BA;733.2
PE;407.1
ES;473.7
CE;413.1
AL;
BA;
SP;
CE;533.1
MG;380.1
RJ;691.7
BA;
SP;
SC;628.2
BA;433.2
ES;
PB;438.4
MG;395.3
RS;679.1
MA;453.3
MG;
CE;
PR;596.3
BA;638.4
PE;497.4
MA;472.1
RO;562.3
PE;466.5
PR;622.1
PI;625.4
CE;592.6
PI;464.5
MG;559.0
RN;444.0
BA;607.0
GO;
RN;479.7
PR;594.4
PR;
CE;780.1
GO;
SP;482.5
GO;394.0
RJ;426.8
CE;441.5
DF;
GO;
BA;517.8
CE;519.1
CE;723.0
ES;842.2
MG;549.1
PE;485.9
SP;584.6
PR;653.7
SE;507.3
GO;533.2
RS;565.2
RS;607.6
BA;395.3
RN;509.4
PB;464.8
RN;375.6
AL;527.4
RS;552.5
BA;
AL;
PE;509.8
PI;537.8
CE;400.4
MG;459.6
ES;655.3
RJ;670.5
RJ;608.5
CE;426.0
SC;488.6
RJ;
RS;578.3
CE;471.8
BA;535.1
PE;573.5
PE;822.5
MA;487.4
SP;494.4
GO;
PB;476.4
SP;488.8
DF;
RJ;403.9
MT;420.5
GO;531.1
GO;422.7
PI;639.8
MA;424.7
GO;
PA;417.9
ES;492.4
GO;440.5
PA;473.4
SP;
RJ;602.9
RN;481.4
BA;502.8
RJ;443.5
RJ;447.9
MG;561.4
MG;
SP;443.5
CE;
MG;953.1
SP;656.3
CE;738.1
GO;468.0
CE;758.8
SP;586.9
MA;599.3
SE;575.6
BA;360.4
GO;
PI;475.7
PI;436.3
GO;456.7
BA;506.7
ES;670.7
MG;438.7
CE;474.5
MG;
DF;835.3
MT;400.3
PA;567.9
SP;583.6
SC;565.8
PI;435.5
PE;
PR;407.8
PR;518.6
PE;597.7
MG;375.8
CE;430.8
MT;
PR;786.8
PE;496.6
PR;
RS;732.6
RJ;
BA;562.4
RN;410.8
RS;651.4
SP;548.1
BA;718.1
MA;480.9
RJ;383.8
GO;
CE;398.4
BA;367.3
CE;406.0
PE;717.3
SP;522.8
DF;587.9
RJ;651.6
RO;409.2
SP;727.9
MA;
SP;440.6
AL;446.7
RS;440.8
SP;744.7
SP;
PE;486.3
GO;500.7
RS;
CE;573.5
SE;465.4
CE;
PB;453.4
CE;573.0
PE;794.5
PB;
GO;612.2
SP;
CE;503.5
MG;411.8
GO;377.2
AL;474.9
GO;
PE;410.7
PB;459.8
BA;573.2
CE;
PA;624.3
CE;671.3
BA;711.8
GO;743.8
BA;515.1
SE;573.9
BA;511.3
PA;596.5
GO;
CE;
BA;414.8
MG;502.0
GO;407.6
RJ;650.7
SP;
RJ;
RN;628.7
PE;
AL;379.5
PA;547.6
CE;495.0
PA;397.7
RS;634.8
SP;562.6
RJ;595.4
PA;476.4
PA;622.1
AL;426.2
CE;578.3
CE;594.4
MA;598.0
AP;364.4
RJ;492.2
PI;450.3
GO;532.2
BA;506.9
BA;
PA;410.7
RJ;658.8
DF;451.2
BA;475.8
BA;394.1
PA;439.3
RN;778.0
RJ;484.1
RO;
SP;
MG;760.0
PE;842.3
GO;445.3
MG;545.1
MG;624.4
PE;390.1
MG;
PE;501.0
SP;532.4
SE;521.7
RN;429.3
CE;
RN;
SP;601.2
PB;448.3
SC;478.4
PA;618.3
BA;610.7
PE;
CE;
MG;573.5
RS;636.7
MG;441.0
SP;493.6
MG;536.4
GO;587.4
RN;647.6
MG;694.3
MA;670.3
SP;
MG;666.4
TO;
PE;578.7
RN;672.3
RJ;585.0
CE;611.1
SP;658.4
BA;443.5
RS;567.0
TO;
SP;643.1
PA;412.7
BA;605.2
RN;487.6
RJ;552.0
PA;
BA;565.8
RO;
BA;497.5
CE;435.5
MG;779.5
MG;411.1
SP;472.2
PE;625.3
RJ;385.3
CE;598.6
SC;603.7
GO;688.4
CE;500.3
SE;376.0
SC;489.5
MG;489.8
MA;455.8
SP;675.0
BA;
PA;
RJ;455.4
PE;740.1
CE;441.1
SE;689.0
RS;469.3
SP;443.7
PA;
PI;380.9
RJ;822.6
SP;379.8
RN;482.3
SP;
SE;832.4
BA;
BA;655.3
BA;413.1
GO;374.7
MT;
GO;508.2
PR;421.6
MS;441.0
PE;495.3
CE;488.0
TO;607.1
RJ;501.7
RN;667.1
MG;595.8
GO;427.2
RS;401.2
GO;477.9
BA;495.5
PA;376.5
BA;554.1
PI;446.8
RJ;530.7
ES;444.5
CE;550.3
BA;
GO;605.8
MA;363.4
PE;443.8
PA;507.1
SP;458.8
RJ;
RN;444.7
RJ;608.1
AM;385.4
ES;591.7
RN;679.8
DF;813.4
RJ;591.2
AM;
DF;385.5
PA;
RJ;684.7
BA;394.9
MA;436.0
SC;562.1
MA;647.9
CE;363.6
CE;593.6
BA;725.3
SP;851.3
CE;799.4
ES;458.4
SE;416.0
DF;
MG;601.3
ES;
SE;398.5
MG;649.9
SP;542.2
PE;
RS;461.4
CE;469.2
BA;599.7
BA;383.7
ES;566.0
GO;513.2
AP;
GO;414.5
MG;589.5
SC;472.9
SP;
RJ;443.3
MS;741.4
CE;616.2
PR;554.8
PB;535.6
RJ;405.9
SP;380.2
BA;428.0
SP;480.6
BA;496.5
BA;587.3
CE;
MG;
MG;475.4
PE;626.8
BA;487.7
RJ;432.1
MA;496.2
GO;533.3
MG;689.3
RJ;572.5
SP;411.8
CE;724.0
PA;510.8
BA;551.7
SC;
MG;
BA;747.5
MA;480.8
BA;
SP;764.7
PE;473.8
BA;403.3
PE;
PA;477.4
MG;447.9
PA;499.1
SC;460.8
SP;
CE;365.8
SP;616.6
CE;459.3
PE;559.0
MG;480.0
RR;487.4
BA;476.1
SP;
PA;705.3
BA;516.0
BA;463.6
PR;404.6
SP;520.3
PE;
CE;629.6
PE;490.4
GO;548.9
CE;
PI;677.1
GO;557.8
SP;514.3
RJ;560.8
CE;422.3
SC;438.5
PE;381.3
BA;601.8
RJ;393.0
BA;410.7
RN;360.5
RN;559.6
GO;617.1
RS;615.8
SP;796.8
CE;470.1
SC;689.6
BA;484.9
PA;472.9
PI;584.8
PR;446.4
AP;456.3
PR;618.1
PR;482.4
SP;376.9
PR;795.2
MT;419.8
MG;622.5
SP;488.6
CE;678.1
GO;467.5
CE;
CE;648.7
DF;408.7
PE;429.5
PR;
PA;454.0
RJ;454.3
PA;593.4
PB;790.9
PB;
MG;
PA;
GO;427.6
CE;594.1
BA;
BA;406.4
GO;
SC;507.5
RJ;443.1
CE;623.2
PA;562.0
GO;442.7
MG;460.9
RS;757.8
SP;715.2
MG;576.9
RN;412.6
MT;517.0
DF;435.3
BA;
RJ;696.8
MG;731.7
MG;505.9
RS;645.9
RN;
CE;
PE;
SC;555.8
SP;599.2
PR;516.2
AP;599.9
PA;618.4
RJ;695.7
MG;818.7
GO;
SC;745.6
CE;443.0
CE;492.5
PI;410.4
MG;519.6
MG;437.3
CE;
RJ;466.2
MS;427.3
RJ;611.4
PA;542.3
MG;419.4
RN;701.8
TO;
PI;561.1
SP;530.7
BA;631.3
RJ;
RS;649.3
MG;
MT;618.9
SP;770.6
AM;594.2
CE;469.8
BA;
MG;723.5
TO;463.6
RJ;
PE;
MG;719.8
RS;
GO;464.4
SP;365.0
RS;614.4
CE;
MG;461.9
SC;
CE;
GO;444.2
GO;670.5
CE;731.5
MG;
PE;416.8
PB;
MG;558.5
SE;496.5
BA;516.7
CE;
MG;
RJ;
SC;657.2
SC;
BA;432.2
CE;423.5
MA;414.5
PE;810.1
SC;534.1
SE;399.9
MG;596.5
SP;637.5
TO;
BA;
CE;513.3
AP;370.6
SE;610.5
SP;424.8
CE;487.9
MS;572.0
BA;523.3
SP;768.9
MA;
GO;512.0
RJ;444.3
PE;
GO;
MA;
PA;
BA;806.0
GO;563.9
RN;758.0
GO;465.3
RJ;604.3
PE;550.4
PA;
RN;612.6
PI;445.7
PE;498.7
MG;628.4
BA;819.0
CE;577.3
MA;514.4
CE;546.2
MA;427.2
RJ;
MG;619.1
SE;596.7
PE;398.3
SC;
MA;413.1
PE;515.6
DF;434.3
GO;
SP;
SP;570.0
PI;507.5
BA;596.5
PR;591.0
SP;
PA;509.9
MG;645.9
GO;606.9
SP;
RS;570.9
RJ;662.5
AL;542.5
PB;779.4
GO;422.7
SP;739.2
CE;461.5
GO;
CE;390.7
GO;
PR;576.1
MG;515.2
PB;469.9
CE;607.5
SE;765.5
BA;
SP;541.5
PA;403.4
TO;586.9
CE;451.1
MA;433.9
CE;662.5
BA;527.9
PE;842.4
SE;595.5
RJ;549.9
GO;530.9
ES;521.0
BA;471.2
GO;429.7
PB;483.5
PB;619.2
SP;
GO;
MA;506.9
GO;
SP;502.4
SP;421.1
PA;
SC;419.4
RJ;
MG;900.7
PA;443.8
MA;551.5
SC;562.8
MG;619.0
RN;416.7
PE;649.4
PE;580.3
RJ;633.4
RJ;466.8
PI;417.6
GO;489.6
AM;449.9
MT;392.8
CE;470.3
CE;388.8
CE;391.9
MG;604.2
MG;632.9
RJ;706.6
SP;
MG;404.0
RJ;
CE;405.6
MG;
MG;630.3
MS;
GO;
MA;452.5
PR;444.8
CE;420.4
PB;
PR;432.0
DF;443.6
RJ;730.7
ES;523.1
PE;411.0
PE;
PI;615.0
MG;836.7
CE;463.2
SE;475.7
PE;410.1
PR;
SE;
PE;578.0
MG;793.2
RJ;427.3
GO;
RJ;
TO;455.1
BA;379.0
SP;388.2
MG;
GO;696.9
PE;563.4
RJ;725.5
SP;446.7
CE;
RJ;544.0
BA;528.4
RJ;635.6
SP;
PB;478.6
SE;627.2
MA;402.9
BA;554.7
SP;
MA;528.4
CE;729.8
RN;
GO;388.8
SP;423.2
AM;486.3
MA;
PE;417.1
SP;463.6
SP;673.9
BA;438.2
GO;
MG;
GO;
BA;544.1
CE;
SP;425.7
BA;550.3
SP;528.3
MA;724.6
CE;402.6
SP;627.0
CE;358.9
BA;455.2
MA;
PE;504.2
PI;418.9
MA;413.1
RJ;
AL;614.5
CE;697.5
BA;500.9
MG;564.5
MG;711.7
RS;
ES;580.0
PE;
GO;385.5
BA;
GO;
PI;501.0
CE;405.0
MG;558.4
RJ;
RS;760.4
PE;
GO;469.9
MG;629.4
CE;660.2
GO;
GO;
RS;682.9
CE;466.3
RJ;471.6
PE;482.6
BA;557.9
BA;488.2
MG;
SP;
PR;532.5
PI;425.7
PE;
CE;564.8
MG;785.7
MG;612.9
MG;
MG;512.2
SP;530.9
AM;
RO;401.5
PB;376.7
ES;440.5
PR;641.3
SP;539.2
CE;572.3
CE;623.2
CE;
PI;374.6
CE;512.8
PE;595.8
PI;488.3
PB;482.2
GO;
BA;734.2
RS;426.7
BA;783.8
GO;534.7
CE;649.9
CE;542.0
CE;460.8
RN;577.6
CE;441.3
PR;531.0
MG;442.1
PA;481.5
MA;428.4
MG;424.2
AL;678.7
GO;519.8
SC;
GO;409.6
RS;432.9
CE;712.4
DF;522.6
ES;407.0
MG;814.2
MA;444.0
PA;459.8
CE;423.6
CE;
PB;
CE;
PA;687.8
SP;537.8
PI;410.6
PE;556.0
GO;
MA;434.0
RJ;
SP;575.4
PA;
PB;479.1
CE;537.6
PE;654.6
MG;569.5
RJ;431.7
ES;
BA;614.0
PB;531.6
CE;
SP;691.2
PB;
SP;484.9
BA;698.7
ES;555.5
SE;543.8
PR;423.9
SP;687.3
BA;469.5
SP;571.2
SP;
PE;519.5
MA;
SE;453.2
GO;621.3
RJ;477.8
RS;407.5
RJ;512.0
TO;532.0
GO;522.3
RN;483.2
MG;677.0
RN;
TO;673.1
PI;461.2
PA;363.2
SP;507.4
PA;
GO;
BA;645.9
CE;477.4
GO;483.0
CE;406.9
RS;699.1
MT;374.0
PI;463.9
SC;571.4
CE;442.8
SP;638.4
GO;
MA;439.7
GO;
PE;
MG;433.5
PA;
RJ;475.7
PB;
MS;
BA;432.8
CE;588.3
SP;715.8
PB;
ES;382.5
PE;492.4
PE;515.6
MG;566.0
MG;448.0
BA;484.4
DF;501.7
MG;414.7
RJ;553.5
DF;541.7
MG;525.7
BA;540.2
SP;673.4
BA;414.2
MG;777.1
TO;
CE;537.2
PI;695.1
PB;453.4
MT;
BA;
CE;
RN;647.3
PA;498.9
CE;386.5
PR;468.9
SP;498.3
MS;589.8
BA;538.9
PA;
MG;
CE;474.5
GO;
MG;520.9
RJ;481.0
SP;406.0
RO;443.3
DF;
MG;695.0
MA;472.0
SC;702.2
RR;459.7
CE;
RJ;691.3
MT;365.1
TO;529.7
RN;
BA;
PE;574.8
CE;
MA;462.1
MA;466.2
SP;525.6
CE;775.7
PA;626.3
GO;374.7
SP;510.8
PA;486.4
GO;692.6
RJ;534.3
CE;
RJ;558.3
PR;553.8
PR;458.9
MT;462.2
PA;
RS;576.5
CE;485.9
RJ;494.4
RR;507.6
DF;729.7
SE;515.2
RN;
RJ;653.8
SP;745.4
BA;460.7
MG;804.0
BA;602.0
ES;651.4
BA;428.8
GO;488.5
SP;
RJ;523.5
PR;
BA;408.0
PA;600.3
SP;567.9
CE;599.5
AL;626.3
CE;365.4
GO;
SP;603.6
GO;
AM;356.8
MG;515.0
CE;501.5
PR;428.4
AL;505.4
MA;470.0
PB;
CE;581.0
RJ;
RJ;524.9
CE;455.1
CE;
MG;391.4
PE;822.9
MA;584.7
RO;577.1
PB;
ES;420.0
SP;678.3
RS;600.4
SP;
RJ;
CE;461.5
MG;517.9
MA;545.2
SP;614.9
RJ;581.9
PI;445.4
CE;
PI;457.4
SP;447.1
CE;703.2
CE;566.6
GO;395.0
PA;393.9
CE;444.3
PB;490.6
MA;435.0
AL;582.3
PB;371.9
SP;
SP;596.3
SP;581.9
GO;556.9
SP;
PI;425.3
MG;480.0
PB;
BA;640.8
GO;552.3
MG;564.4
PI;675.7
DF;587.6
SE;828.5
BA;684.8
RJ;
SE;392.9
GO;
RJ;680.2
SP;487.2
RJ;530.4
BA;440.4
RN;557.8
RS;549.8
CE;
GO;608.5
CE;456.7
SE;486.7
SC;
MG;581.0
SP;505.5
SP;484.5
RS;421.5
ES;
SP;528.0
RJ;556.3
GO;
MG;
PA;441.7
BA;699.8
SE;454.9
RN;526.1
MG;553.0
BA;575.3
MG;556.5
CE;498.2
BA;440.3
RS;652.8
CE;434.4
DF;484.6
SP;507.8
RJ;374.9
SE;656.2
CE;408.1
PE;380.4
ES;
BA;360.7
RJ;482.4
CE;385.8
SC;374.2
SP;550.4
AC;520.1
SC;446.5
MA;368.4
BA;456.0
CE;711.5
PA;547.7
BA;458.6
CE;404.0
SP;426.2
DF;482.1
SE;653.7
MA;410.8
RJ;481.0
PI;503.5
SE;473.5
DF;771.7
CE;411.9
MG;
MG;485.7
AM;457.9
MG;517.8
GO;
RJ;371.8
CE;502.7
ES;460.5
GO;660.0
ES;423.4
MG;471.1
CE;598.9
GO;555.9
CE;529.0
MG;
SP;676.6
PA;
CE;
PE;490.7
SP;816.4
GO;436.9
BA;373.0
SP;397.3
PA;423.1
PE;374.3
GO;485.5
CE;
RJ;520.0
BA;525.0
SP;485.8
PI;700.4
MA;
CE;533.3
PE;637.4
PE;607.2
SP;707.2
ES;720.5
TO;
SP;744.2
MG;467.7
SE;465.0
PR;739.8
MG;401.8
RJ;507.6
RJ;760.4
PA;416.3
SP;691.1
MT;671.7
DF;443.5
RN;394.9
CE;651.4
BA;
MA;430.6
PR;644.4
GO;407.5
SP;
BA;541.9
RJ;437.3
PR;589.7
CE;694.2
RS;
BA;
CE;554.1
SP;
MS;515.8
CE;687.8
CE;374.5
CE;462.7
MA;511.8
CE;419.1
PE;427.8
MG;523.5
SP;495.7
MG;482.2
CE;732.2
MA;611.2
ES;653.6
RJ;433.5
BA;499.7
PA;451.4
DF;592.8
RJ;
RJ;387.6
BA;595.1
RN;816.0
AL;
SP;583.6
RN;528.1
MG;767.3
CE;514.9
MA;446.3
PA;469.1
MS;
SP;474.6
PA;488.4
PR;590.8
GO;450.6
CE;433.9
SP;744.1
PR;548.3
AL;429.6
BA;
SC;
PI;447.6
RJ;876.2
RJ;
RN;387.3
CE;518.4
SP;565.8
MG;779.2
PR;469.3
SE;
ES;501.6
GO;478.4
MG;
CE;
PB;561.5
CE;
BA;557.5
PR;474.9
ES;497.9
MT;
PB;577.9
TO;373.8
SP;561.9
PR;615.6
GO;408.5
CE;571.0
SP;602.8
RN;547.9
RS;
RN;
PR;663.6
SP;823.3
CE;495.8
MG;
RJ;467.8
GO;556.6
GO;443.1
MA;545.8
CE;749.7
PA;
CE;
AM;
BA;461.6
SP;765.9
BA;458.9
PR;625.7
MG;
BA;668.4
SP;655.5
GO;548.3
BA;621.6
DF;
TO;481.0
RN;
PB;705.7
BA;
MA;
CE;648.4
RS;733.4
SP;694.8
MG;598.0
MA;
RN;462.5
PE;
PI;
ES;577.2
MG;694.1
BA;392.5
MT;566.3
BA;424.6
DF;545.8
MA;480.7
PA;439.2
PA;407.9
RN;702.5
PB;410.1
CE;524.4
GO;355.7
CE;548.6
MS;
MG;672.6
RS;624.1
MG;471.9
SP;679.3
MT;441.4
MG;
AL;
PB;694.1
PI;593.1
PR;724.3
ES;686.4
PR;
PE;411.5
SP;
CE;
DF;479.6
PA;574.1
MG;493.1
MG;528.5
GO;565.9
CE;448.2
CE;426.3
PB;409.4
PE;
MG;602.2
SP;440.3
CE;
MA;399.3
CE;485.0
CE;517.7
SP;397.2
RJ;696.9
GO;472.0
RJ;668.1
GO;803.0
PE;
PE;471.4
SP;
SP;475.7
MG;
PE;454.0
PB;703.8
CE;488.6
PA;434.1
PI;423.3
PA;495.1
MA;623.4
SP;568.3
PA;377.3
PI;659.8
CE;373.4
DF;429.2
PB;554.8
PE;416.3
ES;
GO;
AP;
CE;725.5
CE;545.9
RJ;
AL;523.2
DF;554.3
CE;432.1
MG;470.2
PE;694.4
RJ;
SE;
PE;403.1
PR;538.9
RO;540.7
RS;432.5
MG;447.6
TO;
MG;578.8
AM;618.6
RJ;722.6
AM;666.4
CE;697.8
AM;
PA;437.4
MA;535.4
PB;641.0
GO;595.9
GO;507.7
AL;416.9
CE;544.9
PR;615.2
CE;415.6
PR;400.6
CE;403.7
MT;611.7
RN;
CE;
RN;690.5
SP;
PR;530.6
BA;442.2
SP;
RN;
PE;762.0
BA;599.3
PR;662.1
RS;
PI;571.1
GO;564.2
BA;480.9
SP;788.3
MG;532.4
CE;440.6
RN;592.8
RS;568.5
RJ;487.2
PR;632.2
BA;395.7
MG;
MG;416.0
PB;375.4
PE;664.6
SE;480.6
PI;417.1
RJ;495.6
PR;502.7
BA;382.6
PE;442.2
CE;661.3
PR;560.2
PA;412.0
RN;538.2
PR;699.2
PR;485.3
BA;
MG;
BA;429.0
SP;508.6
PE;443.3
SC;675.4
PB;482.5
RO;453.1
GO;414.9
SP;600.2
PA;546.6
BA;413.4
CE;820.0
BA;393.9
RJ;509.5
PE;556.7
CE;575.5
PE;572.8
PR;
MG;
BA;440.4
PA;390.4
GO;425.1
MG;514.2
SP;
SP;707.6
PA;439.7
RJ;462.1
GO;
DF;460.9
MG;584.1
PE;452.8
GO;
AL;424.1
BA;
CE;380.2
SP;607.2
MT;
GO;453.0
MG;686.1
PE;
MG;503.9
PA;
SP;469.2
AC;
BA;
DF;442.9
SP;
MG;691.1
SC;398.1
GO;393.8
CE;412.0
PI;406.4
BA;441.1
RJ;483.7
MA;388.2
AM;
RO;449.6
CE;436.7
PA;519.9
MG;450.0
BA;410.3
SP;843.9
PB;394.4
CE;389.5
PE;
MS;
SP;611.5
PI;421.0
PI;
MT;
RJ;543.0
GO;810.6
DF;495.3
RN;537.5
DF;673.2
CE;
CE;500.7
PR;
MG;390.4
PA;
CE;763.5
CE;
MA;
MA;765.3
RS;531.7
BA;441.7
RJ;651.1
PB;636.2
GO;550.5
MA;480.4
SP;
CE;475.3
GO;
RS;500.8
ES;607.5
ES;409.5
PA;413.2
SP;770.9
ES;773.6
RN;568.8
MG;456.0
RJ;819.7
BA;442.1
GO;512.4
PB;406.9
MS;361.8
CE;
GO;422.9
CE;472.2
MG;507.5
PR;774.2
PE;755.0
CE;389.8
BA;
SP;
PB;489.7
PE;609.3
CE;
RN;632.5
CE;
PI;554.6
PR;486.5
RJ;560.1
SP;631.3
RJ;538.2
SE;388.2
PI;395.4
SP;467.9
AC;454.6
PA;723.0
TO;522.6
CE;415.8
PI;536.1
MG;679.9
GO;589.4
RS;
PE;439.1
CE;399.6
RN;635.6
AL;399.2
CE;
PA;450.4
PE;446.6
SC;532.8
DF;
PI;488.3
ES;429.3
BA;448.0
SP;
RJ;
MT;739.0
GO;376.2
SP;611.8
PA;
SP;653.2
SP;768.3
CE;488.9
SP;605.6
MT;
GO;664.3
CE;451.6
GO;
SP;560.2
PB;
CE;
SP;521.4
SP;
TO;504.4
RS;517.3
GO;
TO;455.0
SP;565.4
PI;605.5
BA;624.6
SP;491.2
MG;398.1
PE;544.2
PE;504.8
RJ;535.8
CE;
MG;717.1
SP;726.4
PI;571.6
DF;436.1
RS;
GO;
CE;546.5
BA;
MG;
GO;605.1
GO;404.0
MG;486.3
SP;432.4
GO;596.6
RJ;528.3
BA;426.3
RN;410.2
MG;453.5
RJ;370.2
SE;510.7
GO;597.9
BA;485.0
TO;519.2
PE;489.2
MG;569.8
MG;654.1
PI;
PR;521.6
BA;454.3
RJ;616.1
PB;639.4
MG;
PE;
MG;528.8
PE;711.5
BA;565.3
GO;453.2
BA;456.1
CE;445.6
GO;623.4
SC;438.4
RR;464.4
MG;676.7
PE;633.0
GO;371.3
PE;757.8
MA;
CE;593.7
PA;480.3
MG;577.3
GO;561.5
RJ;514.2
PA;
SP;719.0
CE;419.6
MG;625.6
PA;521.3
PR;585.2
CE;776.8
CE;406.3
PA;562.9
GO;422.6
BA;563.4
MG;722.7
BA;437.7
RJ;389.4
RS;
SP;668.8
SP;401.5
PA;
BA;389.0
GO;398.6
BA;459.4
CE;408.8
RJ;393.2
PB;562.2
BA;
PA;393.0
MG;469.9
PR;
MG;
RJ;502.8
MG;384.2
PE;545.2
MT;541.5
SC;
MG;658.2
PR;
CE;560.2
RJ;618.1
MA;
RS;468.9
SP;471.1
PE;458.4
PR;570.2
BA;
MG;
SP;689.5
AP;398.2
PI;513.3
CE;
BA;464.2
PI;
SP;704.5
MG;662.0
GO;438.2
GO;420.5
CE;710.1
BA;476.1
PA;594.7
ES;
GO;703.0
PA;754.3
GO;527.1
MG;
GO;420.8
RJ;
RJ;
SP;581.7
GO;453.1
AM;
SP;669.5
SP;
RS;683.0
RJ;788.0
PI;406.6
BA;
MA;544.0
PR;752.4
PB;479.8
ES;
SP;
RJ;
MG;688.5
SC;477.5
RS;664.3
RJ;451.6
RJ;571.6
SE;488.3
SP;660.6
CE;427.3
SE;638.2
MG;684.4
RS;
PR;756.2
MG;541.3
RJ;476.3
RJ;489.2
MA;460.9
CE;
MA;484.2
PE;543.8
GO;425.7
PB;
MG;600.3
PI;411.9
PE;435.6
SE;560.8
ES;456.9
BA;595.0
PE;557.9
MA;
RO;416.8
RS;692.8
BA;588.0
PB;664.2
PE;527.2
MG;711.6
AL;486.3
CE;588.0
MG;550.9
RS;538.7
MA;404.0
ES;
PR;439.9
BA;526.0
PA;467.1
PA;582.1
SP;683.9
AC;499.1
PR;
CE;529.2
PI;503.2
GO;
AL;
TO;542.0
PE;782.4
RJ;
SC;479.2
GO;431.3
MG;
SP;847.5
PA;484.7
BA;551.7
ES;
RJ;441.4
SP;401.7
MA;513.3
PA;457.6
CE;419.5
BA;564.3
CE;460.5
PB;435.7
CE;469.1
MG;
MA;
SP;530.3
PR;406.8
CE;468.2
MG;704.2
ES;438.6
MG;480.4
PB;417.6
BA;643.9
TO;
BA;
BA;714.9
MG;406.3
RN;401.3
PB;
GO;449.0
MA;
DF;817.3
PB;406.8
SP;453.0
PR;548.5
ES;646.3
SE;597.7
CE;465.0
CE;399.6
PR;498.1
AL;375.2
MT;511.6
GO;402.5
ES;601.3
TO;397.6
MG;572.9
CE;406.5
PE;382.7
SP;538.2
PI;373.7
RJ;669.9
RN;486.9
BA;
MG;654.9
PR;616.3
PE;413.7
RR;
PB;448.7
DF;608.2
MG;643.1
PB;435.0
CE;477.5
PA;461.6
GO;427.1
SC;659.5
SP;
CE;405.9
PR;485.8
SE;529.8
SE;
GO;538.5
GO;
RJ;674.7
PA;397.5
GO;478.3
RS;
SP;577.3
MT;663.3
MA;374.9
SP;725.5
CE;426.9
RS;698.9
GO;512.1
SP;667.3
RJ;679.7
GO;
GO;484.1
GO;433.2
RN;511.3
SP;435.8
PA;
BA;463.2
SP;536.8
PA;512.3
MA;391.5
CE;
PR;738.7
SP;496.9
PR;652.2
SP;
CE;845.6
GO;405.4
MG;729.5
GO;563.7
SP;796.1
SP;473.1
RS;719.8
BA;457.9
BA;423.3
BA;407.6
PA;533.2
SP;690.1
CE;
GO;602.0
GO;560.2
PE;541.7
RO;491.5
SP;567.5
CE;365.7
BA;
SP;
MG;674.2
GO;527.3
ES;477.7
MA;663.5
PE;
RN;564.2
RS;593.5
SP;674.7
BA;549.4
BA;570.9
ES;418.9
GO;398.0
PR;
CE;600.5
RJ;690.7
PA;390.0
CE;419.7
BA;774.8
PI;439.9
SP;617.5
MG;607.7
ES;
SC;478.4
RJ;450.7
SP;414.7
PE;633.8
ES;698.9
PE;563.9
PR;395.8
CE;
DF;713.7
MA;471.9
CE;447.6
RJ;547.8
RJ;925.8
GO;389.1
GO;
RJ;718.5
PB;427.4
MG;753.5
DF;499.0
RJ;
CE;430.9
MA;560.7
PA;556.8
PE;747.2
CE;395.8
PR;533.1
GO;
BA;438.6
RN;505.4
PB;782.9
PR;776.3
SC;760.3
PE;649.1
CE;
CE;614.1
RN;566.5
PB;563.9
MG;685.6
PA;371.2
CE;437.2
BA;513.6
MA;652.9
GO;554.4
SP;398.0
PE;
MA;391.8
BA;563.6
GO;499.1
PA;517.8
CE;
BA;418.3
ES;
SP;
RJ;561.5
PA;433.3
AM;374.4
PE;404.4
SP;621.4
RO;527.0
ES;450.8
BA;501.8
BA;548.4
SE;364.1
MG;654.7
RS;736.9
PA;
PA;565.6
PA;
AM;457.4
SP;
GO;642.9
CE;
MG;574.6
MA;649.4
CE;396.6
PE;420.1
PR;711.8
MG;534.6
PA;464.1
SP;623.8
MG;601.9
SP;393.5
CE;
SP;606.6
PE;483.3
SP;499.0
RJ;
MG;414.3
RS;433.7
PR;647.5
PB;463.1
CE;563.7
CE;638.1
SP;640.4
RJ;388.2
MA;666.6
MG;674.7
GO;516.3
MG;572.9
MG;
BA;721.8
SC;684.4
CE;391.7
MG;567.7
MA;415.1
BA;553.6
MT;
GO;665.8
SP;
SP;427.4
SP;624.2
SP;670.8
GO;
PR;388.9
CE;420.0
MG;384.6
SP;462.6
PE;635.0
MT;529.5
PE;528.1
MG;497.0
PR;737.2
RJ;425.3
MG;724.4
MA;720.7
BA;
MG;704.5
RJ;393.1
AM;743.6
SP;449.9
PB;526.5
MG;602.6
RS;641.2
MG;
PI;473.2
PA;654.0
BA;490.4
PE;516.2
MG;
MT;716.2
AM;431.4
TO;415.1
SP;812.5
SP;619.2
PI;362.6
SE;728.9
GO;390.2
MG;375.2
RJ;632.5
SP;436.7
CE;532.4
AL;
BA;
MG;652.3
RN;
RS;686.6
CE;
PA;677.1
RS;
CE;615.3
CE;516.5
SP;666.6
GO;540.1
RS;451.8
BA;554.5
MG;777.2
MG;575.7
BA;575.3
CE;
MG;728.2
SP;534.1
SP;387.0
MT;
RN;551.6
PE;467.7
SP;
PE;447.6
CE;444.5
RJ;430.2
PE;
RJ;
RJ;519.2
RS;708.0
GO;632.0
PB;612.8
CE;637.6
RS;598.6
MT;824.9
PE;364.3
PE;461.5
SP;
SE;
GO;462.4
MG;449.5
ES;
MS;
CE;630.4
RO;
PI;443.9
PR;499.1
MG;886.3
CE;
PA;567.4
PA;576.9
PA;702.1
SP;431.3
PR;520.2
BA;451.1
PA;
MT;
BA;539.4
CE;729.7
RO;394.3
CE;443.8
RS;
RJ;802.5
PE;702.4
SP;640.7
CE;467.3
GO;469.5
RN;586.2
PA;454.1
BA;665.2
BA;
CE;367.7
PR;440.3
MG;
SP;484.1
ES;628.7
DF;625.1
MG;449.0
RS;520.5
AP;
SP;
BA;829.2
PA;535.6
PB;447.7
BA;
PR;445.7
CE;393.6
MG;
RJ;424.8
RS;537.1
PE;
MA;682.3
PB;535.4
CE;548.9
PA;
CE;642.3
MG;591.8
SP;
PA;418.3
RS;516.7
PA;
ES;538.8
SP;
MG;463.3
SE;767.5
SC;484.5
CE;
SP;
PR;511.2
BA;424.4
SP;514.7
SP;541.5
ES;736.7
SC;553.9
PE;407.5
SP;456.6
GO;632.7
ES;557.6
PR;675.9
CE;475.7
CE;
CE;487.8
MG;672.1
MT;418.4
CE;395.1
SP;541.8
CE;389.3
PA;475.5
SP;669.9
CE;
PB;550.8
MA;436.7
RJ;663.4
MG;509.2
MG;464.5
PA;498.5
RN;480.4
TO;688.3
AL;678.5
SP;382.7
CE;
CE;412.6
CE;
CE;
DF;413.6
SP;
MG;673.9
SP;
BA;515.5
PR;454.2
CE;640.4
GO;
PE;595.8
MA;462.7
PR;498.6
GO;
BA;
SP;735.9
PR;480.8
MG;394.2
BA;425.4
CE;402.3
MG;
SP;
RO;
MA;516.1
BA;424.1
BA;768.7
SP;404.6
MG;612.8
MG;442.1
DF;835.0
CE;529.5
PR;
GO;703.0
MS;
CE;392.1
RN;
CE;533.3
CE;
SP;776.2
SE;513.2
MA;670.4
DF;705.9
PB;788.6
MG;563.4
SE;371.9
CE;
CE;590.9
PE;449.7
RS;476.7
SP;694.5
CE;455.1
RN;364.6
RJ;608.1
SC;631.5
CE;554.6
PI;585.8
MA;427.1
DF;412.3
BA;377.6
CE;455.1
MG;
MG;630.3
RJ;511.3
MG;371.5
RN;474.3
PA;713.6
RJ;425.8
SP;530.8
CE;453.6
PE;639.1
BA;491.2
MG;778.5
SP;
AL;760.0
BA;406.6
CE;703.0
AL;627.3
ES;
CE;
GO;434.5
CE;442.4
MA;403.6
GO;
CE;511.1
PB;402.2
BA;522.9
CE;534.3
SP;550.4
RJ;522.5
RJ;657.0
PE;425.2
MS;
PB;581.5
MA;657.3
DF;647.7
SP;566.6
PE;
PA;528.0
PB;565.1
MG;503.4
RJ;630.4
PE;396.2
PE;383.6
PE;596.8
SP;442.8
SP;556.3
MG;769.5
RN;565.5
PE;
PB;377.2
RJ;921.6
SC;591.6
BA;507.4
SP;667.6
CE;
BA;434.8
RS;614.6
RJ;477.2
CE;463.6
SP;630.1
PA;435.1
BA;
BA;455.7
RN;
PA;415.7
AL;581.0
RJ;565.2
RS;470.9
SP;513.0
SP;562.5
CE;482.2
PA;461.3
CE;509.9
MA;661.6
SP;694.5
SP;664.7
BA;516.8
RJ;642.1
SC;
MA;456.4
BA;482.4
MA;455.1
GO;581.3
BA;546.2
CE;391.3
BA;
GO;
BA;825.2
PA;712.9
PE;404.0
BA;457.6
RS;726.5
CE;510.7
MA;453.7
PI;486.9
PB;399.6
DF;637.5
PI;561.9
RS;778.6
RO;646.7
CE;
PE;
PE;599.4
PR;
MA;383.2
SC;
MG;660.3
MG;475.3
CE;460.3
CE;651.0
CE;414.4
PA;
CE;506.9
CE;394.3
BA;
AM;
BA;
CE;461.5
RN;
PE;473.5
MG;471.5
CE;454.9
PA;508.1
PB;600.7
PA;
RJ;438.9
CE;453.9
CE;367.4
CE;402.1
PI;
GO;391.2
CE;426.6
DF;527.1
BA;688.1
RS;670.7
RJ;849.4
ES;407.9
PE;
BA;
RJ;463.2
CE;433.3
SP;607.1
PB;598.2
RJ;762.2
AP;420.4
MT;748.0
PE;709.7
AL;391.6
SP;585.5
RS;397.1
AP;
BA;
BA;522.7
BA;485.3
AL;687.4
MG;596.9
RJ;425.7
BA;409.5
BA;396.4
PR;472.1
MG;731.9
MA;535.3
PA;469.3
ES;
PR;474.5
MG;631.1
CE;514.5
BA;
MS;603.0
PR;537.2
BA;621.6
PE;462.6
GO;568.7
GO;684.0
MG;586.0
CE;385.2
SP;775.2
PB;433.3
PI;398.6
BA;744.5
CE;401.3
CE;406.8
MG;427.2
RJ;
MG;
BA;447.2
RJ;
MT;405.0
PR;685.8
SP;678.5
MG;541.9
PI;477.2
ES;
SP;512.9
PB;657.3
CE;
PE;
BA;557.4
GO;394.4
TO;421.4
TO;651.1
PI;587.1
CE;
PE;413.7
SE;661.8
MA;491.4
CE;
PE;
RJ;563.5
BA;413.0
CE;472.3
CE;427.4
PE;411.2
SC;695.2
BA;
MG;451.8
GO;658.7
SP;502.8
CE;544.6
RJ;390.4
PR;557.3
PE;552.8
RJ;747.4
CE;429.6
MA;488.8
RS;625.0
SP;564.9
PE;445.1
CE;754.7
MT;465.6
CE;394.9
MA;472.9
SC;542.0
PI;595.9
PR;419.3
RJ;361.6
PA;447.3
MA;558.1
TO;481.9
PE;564.4
RS;487.2
MA;
RJ;453.8
MG;
MS;472.4
PR;615.6
PE;417.8
BA;505.2
PE;677.1
CE;440.4
BA;
PI;
GO;464.4
MA;473.3
SP;638.6
GO;431.2
AL;454.4
DF;548.3
GO;416.6
SP;
MG;727.3
DF;623.9
RJ;744.6
CE;506.0
BA;614.6
SP;
BA;404.1
DF;588.6
CE;555.7
DF;554.1
MT;426.3
CE;
RN;428.1
RN;677.5
GO;374.8
PR;
CE;
PE;
RJ;437.1
SP;
SP;
GO;690.8
CE;
RN;692.3
RN;567.1
PR;575.4
RS;654.3
CE;441.7
RJ;498.6
BA;359.5
PI;390.9
PB;525.2
PE;616.5
PA;
BA;424.6
RJ;647.6
GO;
PR;568.8
BA;570.7
BA;
SE;494.5
CE;429.6
PA;
SP;678.6
AL;
PA;379.4
SP;714.0
MG;619.9
PR;724.5
MG;678.9
CE;487.5
RJ;
PA;487.4
SP;395.3
PE;474.1
MG;482.2
RJ;461.5
RJ;397.6
BA;561.8
SP;587.3
PE;595.2
GO;446.8
PE;390.7
BA;557.2
CE;413.1
RJ;519.2
CE;391.9
MS;
MA;610.9
PR;403.8
RS;734.8
PI;463.1
PB;432.3
SP;665.2
SP;410.7
PR;507.6
CE;461.5
MG;689.7
GO;390.5
RJ;
MG;581.3
GO;
SP;481.9
SP;616.0
PI;517.4
GO;413.0
CE;
GO;411.3
PE;438.9
CE;
PA;
MA;521.5
PE;
PB;
MG;719.9
BA;473.5
MG;611.8
BA;
GO;495.2
CE;
ES;505.4
DF;532.8
AM;
CE;393.3
PR;389.2
RN;566.6
TO;516.0
PA;534.1
GO;828.4
CE;
SP;457.8
PI;438.5
PB;440.3
SP;449.9
MG;393.5
RN;821.8
GO;
MT;646.7
RJ;
SE;644.9
SP;525.6
PA;
PA;
MG;
CE;748.2
CE;493.4
PR;548.2
GO;510.4
SP;545.7
BA;372.7
PA;409.0
SP;573.4
ES;691.7
PB;419.3
MG;
PI;498.8
PA;414.0
RJ;
PA;408.9
PE;726.7
RJ;
CE;565.5
RJ;456.0
GO;
CE;700.6
BA;494.9
RO;496.4
CE;408.7
PA;516.4
BA;467.1
TO;530.7
SP;472.3
SE;457.4
GO;522.7
MG;634.5
DF;508.3
MG;441.0
PI;581.3
MG;753.5
BA;670.9
ES;715.2
MS;701.0
PR;418.1
CE;651.7
MG;632.6
BA;744.8
MG;784.0
SP;605.4
MG;760.0
PE;
SP;481.2
CE;454.4
GO;488.9
MG;560.3
SP;586.0
PA;405.3
PE;
GO;
AL;561.4
PB;
MT;534.4
GO;
PA;640.7
PA;
SC;572.4
GO;
CE;
MT;651.0
MG;487.6
MG;463.3
CE;586.3
SP;628.4
SP;478.1
PR;828.9
PA;604.9
GO;489.0
PA;459.7
MG;725.9
PR;468.4
PE;762.6
RJ;476.5
GO;635.2
GO;
PI;
MG;
CE;767.2
PB;697.7
CE;687.6
TO;559.4
BA;371.8
PE;558.5
PB;488.0
PB;448.9
RJ;746.2
SP;613.1
PE;624.2
PR;425.9
RJ;555.5
PR;681.0
SP;669.7
CE;370.2
PI;
CE;524.8
SP;544.0
PA;393.3
RJ;627.6
BA;557.9
RS;
PA;519.7
CE;536.7
CE;527.9
CE;
RJ;395.3
RJ;
PA;462.4
CE;466.1
BA;429.4
SP;796.9
SP;
BA;552.0
MA;375.2
SC;548.8
SP;562.1
PE;
SC;556.7
SP;
SC;388.7
GO;448.2
PB;577.3
CE;671.5
SE;
PR;814.8
SE;
DF;574.6
BA;401.1
CE;596.4
PA;466.1
CE;450.6
CE;621.9
CE;
MG;514.0
TO;698.5
SP;654.4
CE;622.2
RJ;
GO;
RJ;612.8
DF;686.4
MG;
SP;
CE;556.3
MA;476.0
CE;414.3
PA;406.5
BA;
MG;864.1
SC;716.6
PA;437.0
PA;
CE;501.2
MG;494.7
SP;
BA;404.6
ES;539.5
PE;561.9
PA;
MA;433.0
BA;525.7
PE;632.5
CE;546.6
CE;533.2
BA;506.2
CE;389.8
PE;560.9
CE;484.1
MG;
PI;617.2
GO;649.1
PE;444.8
CE;
RN;398.6
MT;720.5
AL;498.1
GO;
GO;440.3
GO;565.3
RN;
SP;744.9
MA;573.0
PE;474.2
ES;543.0
AM;565.7
RJ;463.2
SP;809.4
RJ;441.7
PI;572.3
BA;458.1
TO;521.9
PB;442.9
PB;689.5
PA;
MG;479.0
GO;
RO;601.8
CE;507.4
MG;503.4
SP;640.5
SC;503.9
SP;429.2
PB;503.3
PE;369.6
BA;
CE;468.3
BA;548.3
SC;617.1
BA;456.4
CE;545.4
GO;533.3
GO;455.7
PE;629.0
SP;
PB;
SP;
SP;470.8
RJ;564.7
RO;429.9
MA;505.6
AL;491.6
BA;581.1
MG;532.1
GO;415.1
CE;411.1
MG;557.8
CE;621.5
MA;460.8
PI;
MA;720.5
PA;552.0
PE;427.2
AC;441.9
MS;374.2
SP;636.9
PB;
MA;449.6
PE;
PA;627.9
RJ;409.3
PE;530.9
TO;589.9
PE;
PI;488.0
MG;
PE;442.3
RS;833.0
BA;363.7
PR;626.1
RJ;638.4
RS;689.5
PE;779.2
PI;454.5
CE;555.1
SP;445.1
RS;805.6
RJ;444.7
BA;527.6
SP;681.3
RJ;
PI;781.4
SP;680.8
AP;
CE;528.6
SC;631.1
BA;405.8
CE;
BA;490.7
ES;687.9
PA;
CE;668.8
RN;715.9
PE;425.8
GO;412.4
PB;
PB;459.0
CE;496.0
SP;542.1
CE;444.1
SP;549.2
PB;415.4
MG;750.6
CE;435.0
RJ;
PE;520.5
AP;632.8
GO;586.0
CE;462.6
RJ;493.0
PA;521.3
CE;446.0
SP;566.2
MG;676.4
CE;562.1
CE;605.6
RS;607.8
RJ;546.4
PI;635.4
RS;493.8
CE;624.5
PI;414.1
BA;426.7
MA;
AL;504.0
PI;614.0
PA;528.0
PE;789.2
BA;
CE;
RS;624.8
RS;443.6
CE;446.1
BA;609.4
SE;635.9
SP;578.1
MA;504.6
SP;477.1
PE;
PI;517.5
PR;462.9
TO;521.9
BA;545.0
PA;422.3
RS;798.7
SP;472.4
GO;
ES;707.7
MA;585.0
PR;498.6
GO;440.0
MA;417.4
PE;475.9
ES;670.9
SP;628.7
DF;782.6
MA;472.5
CE;559.2
BA;906.4
GO;600.9
GO;
BA;471.0
CE;
CE;392.8
GO;568.7
CE;430.4
MA;442.6
RS;363.0
MG;
CE;453.8
RS;578.9
SE;
PA;642.2
SP;637.4
PA;
SC;732.1
CE;
SP;406.0
CE;583.1
PB;727.7
RJ;
GO;465.0
BA;508.7
SP;651.2
GO;492.0
PE;
BA;542.2
MG;622.9
RN;482.7
CE;759.5
ES;417.9
CE;430.2
PB;388.9
AL;
PI;770.5
SP;576.2
SP;
MA;
PB;432.9
BA;530.0
GO;398.2
AL;680.0
AL;
BA;833.4
CE;559.3
AL;412.4
MS;589.3
PB;518.6
BA;509.5
BA;628.8
RS;
SP;630.4
PA;480.7
SE;553.9
CE;432.6
CE;391.8
BA;548.0
PA;
DF;
SP;717.5
RO;562.3
MG;
GO;503.0
CE;455.3
RJ;
RN;413.3
SP;727.3
GO;418.1
SE;527.6
BA;
MS;530.7
MS;476.1
MS;403.2
SP;544.2
BA;579.6
AL;
GO;
GO;
CE;681.7
PB;
SP;613.6
BA;584.6
SP;392.4
RO;538.4
MA;748.3
CE;541.1
PR;610.5
CE;
MA;
GO;493.5
SE;
SE;
MG;555.8
RS;469.6
BA;
RN;603.5
MG;
PE;605.5
MG;415.3
ES;
RJ;
MG;641.2
RJ;431.4
CE;473.2
BA;652.9
GO;611.8
RO;409.6
TO;514.4
AL;703.9
GO;
MG;
PB;472.3
RJ;
PE;403.1
CE;472.5
GO;601.1
CE;650.1
PI;450.5
CE;369.2
SP;598.5
BA;606.7
PE;592.0
CE;576.9
GO;
MG;519.5
PE;493.8
MG;
AL;460.7
RN;
TO;
GO;566.1
SP;485.3
CE;500.2
CE;
BA;702.8
PI;
AL;412.4
PB;
MG;449.5
BA;453.0
PA;369.1
RO;
PE;420.0
PI;
MG;686.7
MG;485.5
PE;540.8
SP;619.0
AL;
SP;396.0
RN;410.4
RS;643.7
GO;753.0
BA;487.5
MG;474.0
PB;561.7
MG;716.0
PR;
MG;
CE;375.9
MG;491.4
PB;
CE;375.4
BA;422.0
PE;
PI;376.4
RJ;530.7
BA;
SC;
GO;570.2
MA;429.0
MA;
GO;404.7
SP;718.8
RJ;592.5
GO;419.2
PA;787.8
MG;505.9
BA;577.9
DF;635.0
CE;
PE;459.5
CE;769.3
BA;452.1
PB;508.0
AL;489.2
RJ;494.9
CE;518.9
PR;
MS;850.8
CE;458.1
AM;434.2
PE;671.6
PE;
SP;549.0
BA;514.2
CE;426.2
CE;478.6
BA;450.6
GO;
SP;553.8
MA;594.7
ES;513.5
BA;734.5
MG;
ES;452.4
RJ;
MG;
PI;435.7
RS;536.7
BA;579.1
MG;675.4
SC;
CE;537.0
PA;
AP;
CE;432.6
CE;
BA;663.4
PR;
SP;516.0
GO;
CE;393.8
PB;419.2
PA;
MG;531.5
PA;675.5
PI;529.3
GO;
PA;
PR;374.9
MG;625.0
BA;456.4
RN;
GO;800.4
SP;
SP;
ES;836.6
GO;
SC;665.7
MG;517.1
PA;427.1
GO;508.0
MA;
BA;709.5
SP;571.9
RJ;501.0
MA;388.4
CE;708.6
SE;449.7
MG;578.2
GO;794.8
CE;515.0
BA;
GO;408.9
ES;618.5
MS;
CE;
BA;411.1
GO;442.7
ES;541.6
SP;485.4
TO;
PA;516.9
DF;660.9
CE;694.7
MG;394.7
PR;762.6
RS;435.9
PI;734.4
GO;405.5
PE;514.7
GO;423.1
RN;403.2
SP;467.6
CE;455.9
CE;
MG;565.2
BA;620.4
PE;495.3
BA;507.9
CE;478.8
PE;396.8
RJ;664.9
MG;698.7
GO;
PI;381.6
BA;731.1
RJ;752.2
GO;520.2
CE;386.5
SP;709.5
MG;713.0
MG;584.1
CE;460.7
MG;
CE;
PE;526.9
PA;587.8
BA;532.7
MT;
SP;534.9
BA;371.6
RS;607.6
PB;409.3
GO;661.7
CE;663.8
RJ;567.8
GO;699.9
SP;754.9
BA;489.5
SP;640.8
PA;
PE;647.1
SP;580.3
CE;538.2
PR;735.3
MG;500.5
PA;
CE;505.3
MA;
GO;470.9
MG;572.4
SE;524.7
MG;811.0
MS;435.6
RS;
PI;581.6
MA;765.7
RJ;380.6
MG;425.8
PR;466.1
GO;465.2
BA;567.0
PR;695.1
BA;431.0
CE;
RJ;410.1
RJ;587.1
PA;441.9
CE;588.3
SE;490.2
PE;617.5
MG;587.5
PE;755.8
PB;536.7
MG;464.1
PI;
MA;559.2
GO;626.5
PI;
GO;
RS;617.3
ES;532.0
MS;
PE;440.9
MG;547.9
SP;652.3
PE;583.6
SP;635.0
MA;514.3
SP;
SP;832.0
PB;
SE;543.0
RJ;702.3
RJ;
MA;480.5
PE;496.1
CE;
MA;715.0
SP;369.0
BA;635.2
SP;452.3
PA;569.7
DF;763.3
PA;453.9
SP;612.4
SC;413.1
PE;
PR;670.4
CE;710.8
PI;432.6
PB;404.2
RS;693.9
ES;609.8
MG;413.8
DF;393.6
PA;451.0
CE;422.3
PI;472.8
GO;458.7
BA;579.7
CE;411.8
SE;775.5
BA;
SP;397.3
MT;551.0
RS;498.2
PE;703.6
MG;405.8
GO;471.3
SE;382.7
ES;
CE;416.1
PR;585.4
PE;
MA;644.0
PE;442.1
PB;370.6
PR;496.3
PI;
DF;633.9
CE;665.1
MG;703.6
PI;395.7
RJ;633.4
PI;
PI;
CE;402.3
SP;755.1
PB;413.5
PA;450.5
MG;
BA;510.2
SP;442.9
SP;603.5
PR;422.1
PB;570.5
ES;
PE;485.1
MG;482.0
DF;494.5
PR;738.3
SE;
CE;458.3
RN;539.8
PR;706.4
SP;622.0
RJ;428.8
SP;417.9
RJ;372.6
PI;
AL;803.6
GO;532.0
PR;731.2
SP;458.5
CE;426.9
CE;
MA;420.1
PB;734.1
CE;555.5
DF;581.6
CE;453.6
SE;382.5
GO;389.7
RJ;623.0
MG;424.9
SP;539.0
PR;535.2
PE;578.9
PB;
SC;
RJ;485.0
SP;685.8
MA;588.8
RO;
CE;738.1
ES;489.2
MG;796.5
MG;411.7
PA;460.4
MG;566.4
MG;715.7
CE;449.3
PI;411.2
RS;403.7
SP;402.0
MG;456.0
CE;
ES;603.3
RN;373.7
GO;402.0
CE;493.2
GO;
CE;
PI;
MG;
MS;513.8
DF;
RN;
SP;454.8
MG;390.2
SP;492.1
GO;435.9
SC;558.3
GO;461.7
PR;582.8
MG;398.9
SP;679.9
SP;394.0
BA;
RJ;
AL;627.8
MG;694.1
RO;571.7
MA;534.7
GO;
PR;
BA;397.0
RJ;448.7
GO;
GO;392.8
MT;
PA;523.1
PI;533.4
BA;766.2
GO;433.5
GO;546.9
AL;456.7
CE;690.3
SP;555.5
RS;513.9
GO;584.6
MA;466.0
PE;532.1
AL;
AL;
MA;375.7
CE;587.6
MG;498.7
PI;431.8
MG;484.9
RN;659.7
SP;644.9
GO;414.9
SP;424.8
MG;502.4
CE;
CE;510.6
PI;628.7
BA;571.9
MG;
SE;494.0
PE;393.8
CE;415.0
ES;722.5
MG;
SP;568.9
RJ;
SP;472.6
BA;611.4
PE;487.1
RN;582.1
DF;
SP;493.0
BA;450.3
PE;
PI;626.1
RS;521.1
PR;710.4
SE;437.2
CE;
CE;734.8
PA;439.6
RS;684.4
BA;425.6
RS;586.3
AM;
SP;551.4
BA;607.9
RS;
RJ;488.4
CE;461.0
BA;554.8
CE;
CE;440.9
CE;432.9
GO;484.4
MA;429.2
RN;440.4
GO;496.0
PR;661.2
GO;
SE;411.9
CE;663.8
SP;678.6
CE;532.7
SC;598.3
SC;
PB;
BA;579.3
BA;
TO;439.8
GO;567.7
RJ;459.1
BA;602.3
RN;754.5
SP;693.8
PA;377.4
PE;591.5
SE;
AL;536.0
MG;
PI;400.1
RJ;463.3
MA;484.7
BA;522.1
DF;665.9
PA;550.9
PA;522.2
PE;518.7
RJ;469.9
PI;458.8
MG;
GO;531.2
DF;
SP;543.4
PE;508.2
PA;681.0
SP;
PB;519.9
MG;
PA;695.5
MG;627.8
SE;492.9
AL;420.8
DF;486.3
MT;622.4
CE;397.2
MG;678.4
MG;
PE;423.5
PA;494.4
BA;
PA;498.4
GO;504.0
PA;619.7
TO;
MG;378.1
PA;537.8
GO;410.9
PA;502.3
PB;801.1
PE;569.2
RS;414.0
SP;507.1
MG;711.3
RN;703.1
RJ;
AL;
DF;
RJ;416.6
RJ;569.7
BA;509.5
GO;404.0
PB;
GO;544.2
AP;406.0
SE;449.1
DF;538.7
CE;447.1
GO;492.7
BA;613.3
BA;
PE;
SP;656.1
CE;538.3
SC;733.8
RJ;445.6
RJ;587.0
GO;586.5
PA;436.9
PB;486.4
PE;409.9
CE;520.3
SP;
MG;589.7
PA;599.0
PA;
AM;418.8
BA;
GO;435.0
SC;693.7
BA;523.5
SP;457.4
BA;431.7
RN;395.7
AL;416.9
SP;
PB;503.0
PR;502.7
CE;
CE;383.3
PB;526.7
MG;682.0
MT;542.1
PB;688.4
AL;382.5
PE;453.3
BA;381.3
PE;639.0
RS;392.4
RJ;401.2
BA;438.2
MG;743.9
BA;471.1
MG;
SE;459.5
ES;500.8
MA;504.2
BA;459.5
SP;759.7
TO;378.8
PB;436.8
DF;749.5
SP;452.0
SE;804.0
GO;
RJ;671.9
SE;440.8
AM;517.3
MG;
SP;552.9
CE;477.0
PA;
SP;717.4
RN;423.5
PB;716.7
CE;496.7
PA;378.8
AL;
PR;516.8
CE;443.6
PB;696.4
PB;635.9
MT;466.1
SP;753.4
PA;576.0
PA;517.8
RN;606.6
MA;
SE;455.5
RJ;564.0
CE;443.1
CE;385.3
PI;410.5
MG;642.3
SP;482.7
RS;413.3
PR;
SE;665.9
MG;467.7
ES;370.3
PA;742.5
MA;521.2
MG;641.9
PR;733.8
PA;415.2
ES;658.9
PE;549.9
GO;449.6
RS;674.2
PB;536.9
RS;699.9
CE;
SP;466.1
PE;489.9
PI;
RJ;514.7
MG;596.7
RS;566.0
PR;692.3
PE;567.9
PR;445.4
GO;720.5
MG;580.4
AM;426.6
SP;
CE;411.0
RN;495.4
PE;362.9
PI;414.7
BA;702.1
MA;
GO;
SP;
GO;
SE;400.1
SP;368.7
RO;473.6
CE;
CE;371.6
RS;
RJ;623.7
PA;
DF;
PB;544.8
MG;632.6
MG;
RN;504.4
PE;727.3
PR;423.9
MG;801.0
MA;385.9
CE;552.1
CE;
RS;640.7
PB;382.3
RS;475.1
PE;539.5
MG;548.4
RJ;588.0
PE;511.6
MG;419.1
RJ;
PI;609.7
PR;605.1
MA;391.2
PE;813.2
AC;
BA;
PR;
CE;501.9
PI;411.0
GO;465.9
DF;665.4
PB;522.2
PR;599.0
GO;592.1
RJ;559.8
SP;476.4
CE;674.5
PA;474.3
RJ;535.2
PB;573.1
SC;696.6
MG;726.2
PA;728.6
MA;
ES;651.0
MG;628.8
GO;
CE;493.6
SP;595.5
RJ;432.3
RJ;
PI;576.3
DF;854.4
PE;436.4
BA;723.9
RJ;680.0
AL;411.1
PA;426.5
CE;475.9
SP;696.7
MT;355.2
AM;
PE;
PI;501.7
PE;382.6
PE;549.4
PR;
PE;423.7
CE;565.3
PA;484.6
SE;405.9
SP;653.2
BA;610.7
MA;739.1
SP;453.2
BA;497.2
DF;
BA;596.9
PE;529.2
PI;473.4
SP;
RN;493.1
GO;437.9
MG;533.6
SP;670.4
MG;534.8
MT;491.0
MA;411.6
CE;606.7
BA;601.5
MG;801.2
PR;513.4
MA;479.6
MS;554.9
RJ;538.6
DF;717.1
PA;606.6
CE;645.8
PA;
PE;444.6
RN;454.7
GO;
SP;
MA;409.7
PI;517.1
SP;559.5
SP;572.8
CE;529.3
MG;
GO;
RJ;658.7
MG;483.9
RJ;
PE;
RJ;533.6
PI;472.3
SP;452.8
PA;446.2
BA;603.3
SP;687.1
PE;510.9
SP;
RN;451.3
CE;526.5
RN;460.3
PA;362.7
SC;648.7
RJ;
BA;555.5
BA;
RJ;487.7
TO;
RJ;410.0
GO;
PB;406.0
BA;482.8
RJ;582.2
SP;508.7
RJ;644.0
SP;
CE;611.0
SC;900.9
RJ;533.2
SE;452.6
MG;702.9
CE;431.4
PA;
CE;442.2
GO;
GO;
BA;494.4
PA;408.9
GO;440.6
MG;
RJ;661.0
BA;645.5
MG;
RO;451.8
RN;452.6
BA;474.2
MG;
RJ;691.0
CE;640.9
AL;
SP;406.3
CE;
MA;436.9
PR;
SP;700.8
DF;620.5
AL;590.1
GO;444.4
SP;734.6
CE;520.2
PR;565.8
PI;525.7
MG;388.7
PB;770.9
PE;381.8
SP;
CE;557.1
RJ;517.8
CE;507.5
CE;401.1
MG;625.2
PA;
CE;606.3
ES;
MG;511.5
PA;392.3
SP;656.8
AL;561.5
MG;443.1
BA;409.5
PA;440.9
GO;0.0
RS;
SC;624.1
RS;
SP;453.1
GO;
PE;620.3
AC;531.5
AL;728.9
RN;
RN;395.7
GO;470.7
PE;482.9
MG;821.6
PE;526.5
MG;
GO;
CE;747.7
CE;374.4
SP;524.6
BA;
MA;732.5
RS;616.6
PE;416.7
RJ;
MG;598.7
MA;411.7
CE;439.6
TO;401.6
SE;496.8
RJ;437.0
CE;485.0
SP;413.4
MA;705.4
GO;749.5
GO;
MG;630.3
PA;486.0
SP;668.7
CE;447.8
CE;565.4
SC;
PI;479.0
MG;484.7
PE;
RS;
BA;
MT;461.5
DF;551.0
SE;623.6
PE;
CE;
MA;
MA;365.6
MG;492.3
PA;514.4
RN;423.9
PR;
CE;718.7
RO;673.7
MS;457.7
MA;393.2
SC;
MA;422.6
GO;580.1
ES;477.3
PB;
RJ;623.8
SP;479.9
MT;496.7
SC;651.8
BA;482.2
PE;499.9
MS;
MG;779.1
RS;
MT;427.3
SE;369.5
CE;566.5
MG;763.3
RJ;
ES;405.5
RS;447.6
BA;466.6
GO;562.4
SP;655.4
RN;449.6
AM;
RN;417.9
RJ;585.5
PE;732.7
CE;628.9
PE;427.3
MG;551.4
BA;408.6
PE;455.4
PE;392.4
PA;619.7
RJ;506.3
GO;
CE;
CE;534.9
GO;618.6
SP;435.4
ES;584.3
PE;392.8
CE;441.8
MG;704.3
MG;
MG;465.5
MG;806.0
CE;643.8
PB;519.5
RN;450.7
MG;392.2
BA;929.1
SC;566.5
CE;509.2
SP;442.3
PA;397.2
MG;
PI;424.1
CE;
GO;443.6
CE;594.1
BA;428.3
PE;674.3
ES;489.1
SP;559.6
PB;698.3
PA;353.8
RJ;738.2
ES;429.7
BA;
GO;501.2
PB;466.2
RS;
MG;
MT;414.1
GO;537.7
DF;722.5
CE;417.3
GO;439.4
GO;740.2
PA;
GO;
SC;570.2
CE;668.7
CE;402.8
CE;669.9
MG;650.2
AM;439.6
MG;452.7
PI;
RJ;601.5
GO;552.9
GO;503.8
CE;
SP;
PA;556.5
RO;
RJ;
PA;708.4
MG;685.1
SP;
SP;590.4
MA;497.5
BA;
TO;473.1
MA;476.8
MA;
BA;687.8
MA;504.9
SE;
PI;413.9
RJ;588.5
CE;489.0
CE;393.9
SP;457.0
TO;
MG;647.6
BA;557.9
DF;419.0
SC;385.1
CE;529.2
CE;470.4
GO;734.6
GO;667.1
MG;658.0
BA;424.2
PI;
PE;430.5
CE;508.2
RJ;414.0
CE;405.7
MG;662.6
DF;697.3
PA;623.7
SP;532.9
SP;546.4
PB;552.3
PI;455.5
PA;590.4
MG;520.7
MT;585.8
PB;766.4
RS;592.7
SP;715.5
PE;659.2
RS;559.3
PI;555.4
AP;
PE;
PR;545.7
PE;780.9
PA;493.8
GO;
SE;694.1
MA;516.5
PR;689.6
GO;
CE;
SP;
CE;447.1
AL;695.6
BA;
CE;428.1
AM;526.4
BA;
PA;556.9
PR;449.2
PE;
BA;652.0
MG;755.5
GO;489.1
PB;660.7
GO;
AM;396.7
SP;477.9
MG;535.7
GO;443.9
SP;402.6
SP;
RO;751.5
RS;716.4
PE;403.5
SP;505.4
GO;703.8
CE;
SE;387.6
CE;
CE;651.1
MG;550.9
RN;459.6
GO;711.0
GO;637.2
RN;722.1
PE;536.4
RJ;
PE;403.5
PB;731.1
PR;559.8
RJ;566.7
CE;
RJ;829.2
PR;498.5
MA;
RJ;579.1
MG;384.9
MG;778.6
SE;431.1
SP;619.6
PR;443.7
MG;421.0
SP;797.8
MA;370.3
GO;
MG;520.7
RS;570.7
CE;
PA;
MG;514.2
TO;
BA;
MG;439.5
SC;752.8
CE;
SP;489.5
GO;630.4
SP;519.6
PA;461.7
RJ;
PE;384.6
SC;528.0
MG;776.8
PB;
CE;
CE;487.9
BA;478.4
GO;
SC;589.3
SC;
TO;
RJ;677.0
GO;468.0
BA;
MG;793.2
CE;629.6
CE;607.1
PB;545.9
MG;406.8
GO;
SP;699.3
CE;
SP;694.6
RJ;738.7
PA;467.9
ES;440.7
RJ;552.2
MG;
SC;535.5
PB;670.9
PB;568.9
ES;803.6
GO;
GO;
PE;588.5
RJ;619.5
AC;422.0
AL;411.3
BA;559.9
GO;587.0
PR;
BA;732.3
SP;670.6
BA;
BA;623.7
MG;563.5
GO;528.7
SP;373.2
CE;495.9
CE;410.1
RJ;497.9
MS;451.3
GO;477.7
SP;750.1
SP;487.1
MG;476.2
SP;666.3
PR;
SP;374.7
RJ;870.0
BA;726.9
BA;598.3
PA;
BA;
MA;589.8
PE;807.2
AL;601.2
PE;461.0
MG;535.1
RJ;527.3
PI;523.3
BA;446.8
MG;826.0
PA;
PE;362.7
AM;
MG;
RJ;565.0
SC;
ES;599.5
AL;501.4
PA;375.5
GO;
MG;670.0
PA;386.5
PR;557.1
DF;616.0
GO;459.9
PR;711.6
PE;412.0
BA;653.2
BA;403.1
GO;
RS;
PE;454.7
PA;430.6
SP;393.0
CE;
CE;428.9
PA;409.5
SP;626.3
GO;496.7
PR;640.8
MG;524.0
SE;536.1
RS;568.7
PR;587.4
PE;
CE;476.9
RS;
PE;565.3
MG;437.6
CE;492.0
RJ;395.0
CE;509.9
AM;636.9
PE;487.4
MG;
MG;577.2
SP;505.1
SE;428.4
DF;719.8
MG;725.3
SP;399.0
SP;446.4
SP;804.1
MS;439.3
MA;
MG;575.1
SP;396.3
GO;526.4
RJ;798.4
SP;
PA;495.2
RN;
RS;576.8
PR;588.6
GO;
CE;450.9
RJ;595.1
RJ;668.8
BA;556.4
PI;
RN;
PR;
RN;696.4
SP;836.3
GO;518.9
BA;398.9
GO;463.9
CE;385.1
SP;
MA;467.8
AP;
BA;487.0
AL;428.1
CE;577.5
PB;485.5
MG;571.7
CE;
TO;542.8
AM;
SP;630.0
PB;357.9
PA;549.3
BA;583.8
RR;
BA;429.6
PE;416.9
PI;619.4
PE;490.9
GO;419.5
PE;453.4
RJ;
CE;
RJ;503.4
GO;
RS;541.1
BA;438.7
AL;445.8
TO;467.5
AL;626.0
SP;570.6
MG;
CE;477.8
PE;637.5
PE;
SP;665.2
MG;477.1
GO;392.2
GO;500.3
CE;655.1
PR;616.1
GO;688.3
AL;420.0
MA;477.2
SP;
MS;
PB;401.0
PE;
GO;386.1
MG;636.6
AL;456.7
BA;
PE;397.8
BA;
BA;601.5
MG;414.7
CE;460.6
MS;437.6
PE;439.6
RJ;538.8
PR;
BA;482.3
MA;681.6
PA;
PE;550.6
DF;562.9
PA;522.6
BA;615.4
PE;
BA;684.5
CE;
MG;682.8
MG;531.7
PE;435.6
MG;517.8
PB;
CE;544.9
RJ;409.0
GO;439.1
CE;618.0
ES;
CE;618.0
MA;436.3
MG;651.7
BA;
GO;501.8
RJ;
MA;
BA;524.4
CE;
MG;445.5
PE;696.7
SP;557.5
RS;636.1
SP;437.1
CE;418.3
RN;
SP;
CE;509.4
SP;706.9
PA;
MS;888.4
BA;600.5
AL;426.4
SP;820.0
CE;
MG;739.6
BA;474.4
CE;406.5
GO;
SP;
PR;462.9
PE;479.8
BA;
AP;534.9
PE;398.9
GO;593.3
PR;524.5
CE;
CE;
MG;757.2
TO;
CE;
CE;438.2
PI;625.5
DF;
RJ;494.7
CE;403.5
BA;527.0
CE;539.2
BA;540.6
GO;642.5
MG;652.3
SP;652.3
SP;417.8
ES;539.1
PI;554.9
SC;
RJ;475.0
RS;
PA;
SP;452.4
SP;632.2
RJ;419.3
SP;573.9
CE;510.8
MG;691.1
GO;465.8
PA;404.3
SP;505.6
PE;431.2
GO;522.0
PA;457.8
PB;515.1
CE;437.4
PR;594.1
SP;
MG;792.1
PE;
MA;590.0
MS;584.8
BA;406.8
CE;442.7
MA;643.8
MG;380.3
DF;486.8
SP;627.2
BA;
MG;777.1
CE;432.8
SC;390.1
MG;450.2
RJ;434.1
PR;583.2
PA;488.7
RR;520.0
PR;569.6
RJ;432.3
RJ;
BA;385.9
GO;
PE;
PE;750.1
RJ;
PB;605.1
MS;
BA;540.6
MA;514.1
PE;824.7
GO;
CE;
PA;376.5
PE;480.1
MG;373.6
SP;509.7
AM;451.0
BA;615.4
PI;431.9
GO;370.7
MG;656.8
RN;441.8
PA;427.4
CE;535.4
SP;
AM;426.1
PA;653.5
SP;730.3
SE;499.1
PA;834.0
PE;
MA;
RS;453.2
RJ;484.0
BA;
PB;645.9
RJ;678.1
GO;390.0
CE;396.8
SP;451.2
GO;617.8
SP;
SE;630.1
TO;544.2
PE;538.3
CE;581.5
SP;
MA;
PB;
BA;
MG;530.5
ES;860.2
SC;469.2
CE;452.7
PA;521.2
PA;544.3
SP;
AL;546.8
PB;450.2
AL;466.8
MG;530.6
RJ;551.2
GO;752.9
RN;
SE;
BA;479.7
PI;511.2
PE;
BA;479.7
SE;391.0
RS;
MG;646.5
BA;
CE;684.1
CE;396.6
MG;544.9
BA;556.0
DF;576.1
CE;
RN;589.6
PA;630.8
GO;786.6
GO;
BA;439.5
MA;424.0
MT;
RJ;
CE;417.7
RJ;
PA;440.4
RJ;459.7
PA;407.7
MG;
MG;601.7
GO;
AP;487.1
MG;511.2
SC;451.7
BA;
SP;501.3
MA;406.2
PE;831.9
RS;618.3
CE;424.9
BA;725.5
MG;547.1
RN;423.9
MA;465.1
PE;505.0
CE;541.3
MA;
RO;656.6
PB;521.9
PR;496.4
CE;471.8
PB;465.5
MG;
RR;669.4
RO;425.8
BA;504.5
BA;553.6
MG;521.7
SP;738.9
MG;515.8
PE;758.0
RJ;542.8
MG;733.4
MG;
PA;
SP;731.9
PI;
MA;492.4
MG;469.0
RJ;565.8
SE;627.9
PB;385.7
RJ;657.1
RJ;672.2
CE;365.6
PE;437.9
CE;
PR;548.7
PA;461.7
GO;
PI;624.0
PR;574.6
MG;510.1
CE;723.1
MS;434.5
BA;556.6
RJ;428.7
MG;452.4
CE;414.5
SP;
AP;543.5
RJ;425.5
PB;527.8
PA;411.3
PR;709.4
RN;415.8
CE;639.8
PB;431.6
GO;495.4
RJ;435.7
CE;497.8
SP;612.4
MA;
PB;474.0
PR;467.2
PR;546.7
CE;
CE;
SP;641.7
PR;600.2
GO;691.0
SP;
TO;495.1
SP;475.6
MG;
SE;619.5
GO;486.3
MG;634.6
PE;545.2
MG;558.8
CE;720.4
RJ;563.0
BA;622.2
CE;
RS;723.7
BA;504.7
MG;531.3
SP;644.7
BA;387.2
MG;507.6
CE;520.2
CE;665.3
SP;839.5
CE;426.3
SP;423.7
GO;
PB;
SP;
CE;476.6
GO;644.2
SE;782.3
MG;764.0
GO;400.1
PB;522.4
MG;762.6
RJ;
ES;607.7
RS;548.5
RS;640.1
RJ;
SP;684.1
SC;676.1
GO;436.6
CE;403.6
CE;592.0
BA;713.7
MA;479.8
MG;559.5
SP;644.1
RS;
MA;551.8
PE;426.9
BA;397.5
CE;450.1
PE;601.6
CE;
MA;411.7
PB;385.3
PA;
RS;748.9
PB;590.5
PE;467.7
PE;428.2
PE;448.9
SE;472.8
BA;547.6
CE;
PA;470.4
TO;
BA;603.0
CE;775.2
BA;634.5
GO;
SP;591.3
RJ;423.5
CE;
MG;
RJ;461.7
MG;575.5
SP;443.7
GO;486.7
BA;434.7
BA;417.5
CE;654.3
AL;645.2
GO;
CE;462.9
PE;
CE;696.7
MG;406.6
PA;404.7
PA;
PE;622.8
CE;530.3
PB;460.2
AM;433.9
PR;455.2
RR;612.5
GO;578.3
SC;622.8
GO;452.8
PA;538.2
RJ;631.9
PE;372.5
SC;633.3
SC;401.2
PI;
PA;
TO;414.1
MG;665.5
MG;
MA;693.8
PR;703.3
BA;430.4
PE;694.2
MA;462.2
PA;454.2
MG;
ES;613.4
BA;408.7
CE;730.1
GO;643.4
RO;711.7
PR;825.0
GO;478.4
AL;472.3
GO;
SP;769.5
RJ;
ES;376.7
RJ;545.0
PR;
MA;675.6
CE;497.1
RN;
PE;537.1
RJ;433.9
SP;469.3
PB;390.4
PR;467.5
BA;
MG;
BA;400.0
PA;472.5
PR;
TO;369.5
SE;476.8
RN;528.7
PA;800.3
GO;875.6
PB;457.1
GO;433.0
PE;420.3
PB;475.5
PA;562.7
RJ;436.2
MA;
SP;521.1
PB;483.6
MT;516.0
TO;501.1
BA;610.4
PA;548.9
MG;758.1
RJ;
PB;421.8
RN;524.4
GO;
PA;446.7
PE;458.7
RO;755.9
GO;
SC;641.2
ES;
MS;497.4
CE;457.7
SP;679.1
SP;532.4
SP;456.8
SP;420.5
MA;529.5
CE;711.5
GO;
CE;547.1
SP;
CE;635.4
CE;621.0
SP;720.3
PR;538.2
DF;711.1
MG;426.2
CE;454.7
PR;572.5
PB;604.0
RJ;424.6
MG;496.3
PE;507.6
AL;401.6
MT;473.5
SP;538.6
BA;
PR;550.7
CE;
RS;596.1
SP;548.2
SP;
PR;630.0
CE;437.5
MT;
GO;484.0
MT;650.4
RS;458.4
GO;
SE;431.9
SP;742.8
CE;418.6
BA;478.7
CE;
BA;388.6
MA;530.8
SE;558.0
PE;665.5
BA;424.7
PE;588.4
RS;
CE;406.0
RN;657.3
MA;395.2
MA;373.6
MT;507.5
SP;383.0
ES;582.0
MG;511.0
BA;
DF;
GO;459.8
BA;685.9
CE;467.4
MG;656.9
RN;
SC;
MG;702.0
RN;621.3
RJ;634.6
SP;755.0
CE;373.7
MA;459.2
SE;587.8
GO;509.0
MT;625.9
CE;
RJ;480.5
SP;
BA;627.6
SE;433.9
BA;477.1
PB;464.5
PR;
SP;483.5
GO;422.6
MG;461.1
CE;
RN;399.6
BA;
CE;593.1
RS;
GO;606.4
CE;
PA;434.9
MG;
PB;594.7
MG;525.9
PE;535.3
SP;773.6
MG;605.8
SC;409.5
SP;688.1
PB;465.3
MG;705.7
MG;703.2
PA;
BA;633.5
AL;421.5
GO;
CE;456.3
PI;376.1
MG;
CE;
DF;543.0
GO;594.8
BA;492.7
GO;549.7
PB;708.6
SC;654.3
SP;630.0
RS;516.5
BA;469.5
BA;567.1
RJ;524.6
SP;
PA;531.9
CE;475.9
BA;
PI;505.0
BA;541.7
CE;377.4
RJ;
SP;668.1
SC;433.9
PI;430.3
CE;628.7
PB;544.3
MA;471.7
PB;592.4
PA;435.9
PB;393.3
CE;628.7
CE;420.8
RJ;395.3
CE;526.7
SP;422.8
CE;669.8
PB;589.7
AM;559.0
MS;661.6
SP;
SC;458.3
MA;567.6
TO;484.7
PB;435.7
CE;490.2
BA;
RJ;
MG;526.0
BA;622.4
PB;
CE;637.7
PR;732.4
PA;717.9
SP;516.0
BA;497.6
SE;
RS;837.6
MA;555.7
SP;566.7
MA;425.8
GO;391.5
RS;680.0
PB;
PB;484.1
CE;561.7
AP;370.9
PE;630.6
DF;540.6
MT;683.2
RJ;
MA;462.9
PE;551.2
PE;657.4
PI;
MA;740.2
RO;662.2
BA;417.8
CE;453.1
RJ;427.2
BA;737.2
PA;754.8
AM;407.0
DF;437.4
SP;561.8
MG;487.2
PB;772.6
PE;
SP;532.9
GO;425.5
CE;427.4
GO;
MA;644.4
CE;
RN;557.6
CE;
ES;722.5
ES;
MG;757.6
RJ;682.4
MS;
SP;607.0
BA;590.6
PB;536.1
CE;
AL;456.4
BA;619.2
CE;489.1
RN;
RS;738.8
BA;476.1
AL;
RS;482.9
GO;538.9
AL;413.8
GO;358.4
ES;546.8
BA;520.1
PB;474.7
PB;479.0
CE;423.5
PA;453.3
GO;429.9
PE;674.7
SP;546.3
MG;457.8
CE;427.3
GO;391.8
AC;417.2
MG;
SP;633.0
MG;445.9
CE;442.7
RN;798.9
PE;683.2
SP;762.1
SP;672.2
GO;604.6
SC;708.8
RJ;440.1
GO;600.7
MS;
SP;525.7
MG;420.9
CE;504.8
CE;506.7
PE;458.6
RJ;597.3
AL;
GO;390.2
MG;462.6
MT;673.2
PA;509.4
RJ;391.8
MG;660.9
PB;
AM;546.6
SP;
MG;413.6
SE;390.1
MG;686.2
RJ;404.0
SP;424.9
RJ;511.5
BA;410.1
ES;377.6
SP;485.7
RS;416.5
MG;617.2
RJ;
MG;448.4
PB;429.4
MG;457.6
PR;558.1
CE;
SE;737.8
PB;576.7
RJ;436.3
PB;550.3
SE;434.5
MA;645.3
MG;770.8
GO;390.8
PI;479.6
BA;626.9
PI;
RJ;525.3
CE;608.1
PR;729.3
AL;808.9
MG;569.5
SP;729.7
RJ;460.3
MG;467.8
RN;413.4
CE;720.5
MG;619.0
CE;382.8
CE;
MG;580.0
MG;520.8
CE;
RN;545.7
RS;423.8
CE;
GO;429.6
TO;407.2
RJ;403.6
MA;
GO;
DF;698.8
MG;546.7
GO;
AL;735.0
PA;539.2
RN;397.2
RN;382.8
PA;545.2
MG;718.3
MG;469.7
RJ;
MA;543.8
MG;
CE;635.5
BA;546.9
BA;432.9
MA;706.1
SP;801.8
MA;461.6
PA;
SP;763.0
PA;
MG;
PI;
MG;626.6
MG;
PA;641.2
CE;401.0
PE;576.5
BA;439.8
MG;558.3
PR;505.8
ES;
SP;
PE;557.4
MG;613.9
MT;683.9
PA;744.4
MA;478.9
SC;610.6
SP;471.9
CE;540.0
AL;592.5
RJ;464.6
PB;454.5
PE;363.3
GO;380.5
PB;429.0
SC;773.7
SP;486.9
PA;
BA;763.4
ES;417.1
BA;418.0
BA;643.5
BA;411.5
MG;721.2
SP;470.2
SC;
PR;372.6
PR;609.9
PR;479.6
CE;721.7
RJ;502.4
PR;694.1
CE;437.7
GO;443.8
ES;
RS;468.5
PB;564.0
MG;642.6
MG;463.7
MG;512.7
PE;469.1
PE;549.0
BA;690.8
PR;623.4
BA;498.0
CE;509.7
GO;510.0
RN;558.1
BA;
PA;
ES;724.3
BA;480.7
PE;579.3
PE;663.4
DF;
PB;692.9
SE;480.3
GO;603.0
GO;618.4
PE;516.7
GO;643.8
CE;630.2
PI;684.3
MG;502.0
PE;770.2
SP;459.0
PI;503.3
RJ;420.0
ES;433.4
PA;477.0
CE;463.7
RS;
PI;420.5
BA;
GO;652.3
MG;443.0
CE;484.3
PA;410.6
PE;
RS;653.8
MG;575.7
PA;631.4
SP;659.3
PR;
PA;390.4
RJ;493.1
PR;635.9
RS;609.7
MG;470.5
PI;480.5
CE;569.4
RJ;379.5
AL;395.0
RJ;646.0
GO;595.1
SP;641.0
BA;432.1
SC;535.0
ES;
SP;611.4
PE;598.5
DF;413.8
SP;437.3
RS;672.5
PR;701.1
TO;757.1
MG;399.7
CE;395.3
MG;532.0
DF;637.1
RS;585.8
ES;596.2
SP;616.5
RJ;
SP;516.0
MG;520.8
CE;661.5
PI;662.4
CE;
RJ;589.3
AM;
ES;579.3
CE;599.0
CE;581.6
BA;564.8
MG;598.3
PB;651.5
CE;504.1
BA;
PE;449.1
RJ;620.6
PI;519.4
SP;
GO;
GO;559.4
MA;415.7
SP;534.1
RJ;552.5
SP;504.5
RS;659.4
PE;640.9
MG;735.0
AC;435.3
PR;459.8
BA;416.8
SP;465.2
MA;381.7
BA;483.9
SE;476.3
RN;438.8
MA;582.7
CE;
GO;427.9
MA;423.5
MG;542.4
BA;
RS;748.8
BA;620.5
PA;460.5
BA;602.7
CE;482.1
RO;640.7
SP;518.3
GO;416.3
SP;616.0
PA;
MG;416.5
PE;451.8
AP;532.6
MG;
CE;463.2
MG;474.0
PR;715.8
GO;
BA;729.3
CE;699.9
RS;361.9
PE;625.9
RO;
SP;429.6
PE;472.8
SP;
PB;523.5
CE;462.1
PE;
SP;481.4
PE;623.6
PR;580.7
PB;487.0
BA;
MT;
SP;671.6
MG;676.6
CE;
SP;811.2
CE;556.7
MG;801.5
RJ;
GO;673.5
RJ;577.1
GO;629.5
DF;665.5
PB;409.2
PE;550.2
CE;
SP;
CE;481.1
AM;
GO;611.5
PI;538.6
ES;726.6
RN;841.8
MA;387.5
PE;669.8
SE;414.3
PR;
AL;406.3
SP;649.8
CE;457.2
SP;555.0
PB;930.4
PI;494.6
RJ;
PI;560.6
CE;620.6
SP;
MG;
BA;463.0
PE;662.4
PB;576.8
PI;
PE;401.9
SP;410.1
SP;664.1
BA;944.1
RJ;703.4
MG;395.0
PE;733.0
SP;593.0
AP;779.3
SP;446.2
CE;733.2
PA;771.4
RN;581.1
MT;626.6
MG;
SP;
BA;468.7
PR;565.2
PB;588.4
PR;494.6
PE;475.6
RJ;547.2
SP;578.3
PB;
PA;453.6
MG;442.2
BA;468.8
SP;
SP;852.1
BA;435.8
SP;
GO;
RJ;484.1
GO;520.2
BA;391.6
RN;569.0
SP;
BA;617.1
PA;499.2
CE;792.7
SP;507.7
SP;692.3
RN;
SP;675.8
BA;548.4
PI;512.2
SP;854.8
BA;546.3
PA;411.6
SE;436.0
MG;631.6
RS;541.3
PE;415.9
RS;477.1
MG;893.2
BA;381.5
AP;
PR;503.9
DF;567.4
MG;625.6
SP;491.0
TO;702.3
ES;642.9
SP;
GO;411.5
AM;
SE;
GO;602.2
SC;
RJ;718.8
RJ;590.9
SC;701.2
TO;614.3
ES;485.0
CE;529.2
BA;424.5
RJ;479.1
PB;435.1
MA;
MG;702.5
PI;
BA;636.2
MG;696.5
ES;
RN;391.1
RR;358.6
RN;407.6
MT;413.1
AM;555.4
PE;
PI;506.7
PE;
GO;467.8
GO;497.1
SP;
SE;456.2
RS;393.4
CE;500.4
RS;593.2
MA;418.6
PA;
MG;468.1
ES;
MG;671.8
MA;672.5
CE;391.8
PE;551.8
DF;
BA;
MG;427.8
MS;457.9
MG;719.7
ES;
MA;435.1
RJ;718.0
SP;641.3
ES;
CE;
GO;429.8
RJ;502.3
RN;378.4
SP;
MG;461.3
RN;499.2
PR;701.2
BA;660.7
RJ;
CE;460.1
MA;401.7
PI;565.7
SP;533.2
GO;450.0
CE;480.6
RJ;578.1
MT;495.6
PR;538.0
MG;412.6
SP;688.8
PB;549.5
BA;673.2
PB;666.3
PE;
PA;458.8
GO;
RS;437.6
PR;660.9
MG;523.3
CE;502.0
RN;606.6
CE;832.5
GO;
SP;733.0
PI;469.9
RS;
MA;596.3
GO;636.4
RS;753.5
GO;793.7
SE;
SP;506.6
PR;444.2
PA;
RJ;621.3
RJ;580.3
CE;591.9
PA;479.0
GO;352.7
MA;472.8
PA;423.4
PB;386.2
GO;607.8
RS;544.3
PA;
PR;574.0
CE;590.2
PE;614.9
GO;473.9
SP;460.7
BA;
PA;440.6
BA;
MG;499.3
AL;
PE;
BA;
MG;575.4
AL;
SE;746.6
PI;400.3
RJ;447.5
PI;479.1
MT;675.9
PA;
ES;
GO;564.5
GO;481.1
GO;599.8
MG;749.5
BA;442.5
GO;
PI;443.5
BA;398.4
RS;491.6
BA;789.2
RJ;
CE;
BA;
MG;
MA;
PA;
PE;
SE;
SP;439.6
CE;435.7
PE;512.1
SP;703.6
DF;
GO;
RJ;
GO;
PR;
GO;538.9
PB;569.6
GO;558.1
MS;551.3
PE;552.5
CE;488.0
RJ;449.5
MG;626.9
BA;523.7
GO;362.8
AM;503.6
PE;507.5
PA;418.9
BA;
PE;559.7
SP;
PB;631.8
TO;393.2
MG;602.3
CE;551.1
BA;439.2
RS;
MT;593.9
PB;413.2
MG;696.6
BA;
RJ;429.7
RJ;751.0
RJ;518.2
MA;444.1
GO;460.1
BA;472.5
SP;620.5
PA;679.7
AM;487.3
RN;600.4
PE;
BA;511.5
GO;601.5
RJ;449.6
BA;405.2
SP;623.3
ES;568.7
PR;501.2
AL;476.3
TO;410.4
CE;451.3
MA;580.9
BA;390.5
MG;
PA;439.2
AL;691.7
SP;416.9
RJ;665.2
RN;634.3
AL;814.5
RJ;658.8
RJ;
PE;549.8
MG;597.4
BA;659.8
CE;403.6
CE;736.1
SP;423.6
SP;675.3
MG;583.7
SP;424.5
CE;535.2
GO;376.2
BA;367.8
RN;748.8
RJ;
BA;444.0
PE;497.1
DF;506.4
MT;582.4
AL;393.5
BA;487.9
SC;532.9
PE;563.9
PA;498.2
BA;447.1
DF;483.1
DF;569.0
MG;637.6
SP;451.8
DF;495.7
BA;429.4
RN;413.9
SP;
MG;657.7
BA;634.6
PA;414.0
SC;601.9
MA;664.4
PE;425.2
SP;391.0
MT;515.9
PB;
RS;668.8
CE;454.2
SP;685.4
PB;504.3
MT;730.5
MT;
PE;716.5
PE;754.8
PR;428.0
DF;430.0
PA;421.1
PE;434.9
PE;
MG;508.5
MT;518.0
RN;545.7
RJ;
SP;509.6
SC;
SP;607.4
RJ;701.0
MG;604.8
MG;552.4
MG;457.8
PE;
PI;
SP;485.3
SE;407.0
MG;499.8
BA;545.8
PR;605.2
AM;379.0
PB;424.1
MG;
GO;403.3
RS;519.5
PA;
MG;409.1
GO;706.3
SP;416.2
PR;769.8
CE;536.8
BA;588.1
MG;579.8
GO;573.4
SP;
GO;
GO;
RS;458.5
PA;411.8
SP;
MG;
PE;581.1
SC;
RJ;500.3
CE;399.8
GO;
PA;
BA;
CE;597.9
BA;476.6
BA;518.1
GO;
RN;388.4
RN;456.1
PB;638.5
GO;423.3
SC;651.6
CE;466.6
BA;376.6
CE;418.1
GO;528.5
CE;
PB;402.3
RJ;670.4
MG;730.5
BA;384.6
GO;384.6
AL;
SP;571.6
AL;390.1
AL;695.0
TO;747.7
ES;436.7
SP;
CE;438.8
CE;492.7
CE;455.2
MG;750.1
GO;493.1
CE;485.6
CE;398.4
PA;553.7
PA;
PR;469.0
RN;486.7
GO;485.0
GO;
MG;559.5
PI;479.2
GO;612.4
CE;577.8
DF;
RS;684.1
DF;360.7
CE;
BA;666.5
GO;490.2
PB;631.8
SP;
PE;619.6
CE;650.7
BA;654.6
BA;513.1
CE;452.6
MA;
CE;496.0
TO;451.6
RN;423.3
MG;
GO;
RJ;686.2
TO;647.6
SP;440.5
SP;478.6
SP;789.1
PE;
PE;549.7
CE;447.4
AM;
PR;636.7
BA;
GO;
RJ;590.8
PR;579.0
PE;505.2
PB;404.0
PA;609.9
PR;
RJ;435.8
BA;486.5
GO;368.5
BA;500.8
RN;689.5
MA;
TO;515.1
RN;493.7
BA;712.8
CE;
CE;449.5
RS;
SP;520.1
AC;383.1
CE;
MG;561.4
GO;378.2
PE;428.6
RS;591.1
MA;
RJ;654.5
BA;657.8
BA;468.9
MA;454.8
MG;716.5
CE;521.6
PR;
RJ;
CE;470.8
PA;515.7
SE;567.6
CE;675.8
AM;660.3
CE;
PR;450.9
PA;599.8
PR;591.9
GO;
AL;395.4
MG;
PE;790.1
PA;402.7
PR;403.1
PB;729.1
BA;408.1
ES;426.7
RN;772.3
CE;
CE;526.1
ES;467.5
SP;565.7
CE;
CE;644.5
SP;
RJ;742.6
GO;364.0
RJ;485.8
AM;562.6
RJ;560.0
RJ;
MT;740.4
GO;450.6
BA;660.5
PB;
SC;441.6
PA;
PA;587.4
RJ;622.0
RN;403.4
RJ;576.2
MG;544.3
MG;624.1
RN;740.2
CE;523.9
SP;515.0
RJ;
PI;467.1
PE;
PB;417.5
MG;485.7
GO;452.5
RJ;510.1
RN;
CE;502.2
BA;607.5
ES;411.0
RS;543.9
TO;
SP;491.4
BA;501.8
MT;583.8
MG;580.3
MA;
CE;390.1
RJ;737.7
PE;
CE;394.1
CE;
CE;685.0
CE;418.6
AL;585.6
RJ;513.8
AP;539.0
SE;587.8
CE;
RJ;427.5
MG;381.9
PI;541.6
MG;425.5
CE;551.8
BA;518.0
PA;632.7
RS;688.7
MG;
CE;
DF;630.8
PI;362.7
RN;534.4
PA;
BA;529.8
GO;526.9
BA;554.8
MG;446.5
MG;516.9
RN;515.4
PE;
CE;419.9
PB;
CE;456.0
MG;487.3
AL;628.9
MG;569.9
CE;400.8
SP;681.1
SC;556.6
PI;414.6
CE;
SP;481.4
SP;665.5
MG;
BA;380.7
AP;442.3
RJ;
SC;403.9
PE;536.3
ES;544.4
RJ;809.6
PI;691.1
PA;432.5
PE;446.4
GO;481.9
PI;569.2
SC;496.6
PB;518.5
BA;524.3
CE;608.2
CE;533.5
MT;417.9
BA;507.6
SC;580.9
BA;
SP;
RN;
GO;422.9
PB;382.2
CE;602.4
MG;530.4
MG;604.9
CE;554.0
RJ;567.8
SP;
RJ;436.2
SP;504.8
CE;619.4
GO;
CE;381.1
BA;482.9
MG;625.6
ES;411.8
SP;540.2
MA;686.4
MG;495.0
SP;699.3
SP;593.4
MT;
SC;385.1
PA;
PR;612.0
RJ;784.2
MG;549.0
CE;546.6
PE;374.7
BA;654.9
PE;430.6
RN;
MA;
MG;625.4
RJ;
BA;
BA;658.2
GO;
PI;
RN;473.0
AL;496.2
CE;591.8
AM;
PA;622.7
CE;
PI;754.5
BA;369.6
DF;685.1
MT;402.3
PB;
PE;
MG;548.5
GO;391.7
RS;738.7
GO;396.1
MG;
SP;461.9
BA;507.2
DF;805.2
PR;
PI;412.1
CE;483.7
CE;546.7
MT;617.3
CE;582.0
PB;
SC;
RS;475.4
RJ;465.0
GO;734.5
BA;381.1
RJ;438.4
PI;438.3
BA;390.4
BA;783.4
BA;608.5
GO;516.5
AL;411.5
MG;
PR;392.7
CE;633.5
MG;
PA;695.9
PE;
PE;419.2
PE;593.7
CE;
CE;433.8
CE;494.3
MG;588.3
BA;465.4
SP;801.5
RJ;366.6
PA;558.2
PE;444.1
CE;657.4
SP;477.8
PE;577.9
SP;546.7
CE;
RJ;
PE;
GO;458.1
ES;628.2
GO;
PA;466.2
TO;
SP;372.8
MA;419.1
PE;
MT;449.0
RN;405.9
PA;546.4
SP;515.4
RJ;
BA;
MA;502.0
GO;644.9
ES;449.4
PI;406.2
GO;543.7
TO;510.2
PI;482.5
RJ;439.3
GO;430.3
SC;
MG;801.6
CE;624.4
RJ;
PB;455.3
CE;534.2
RN;452.9
CE;619.0
CE;600.5
SC;605.9
MG;392.7
MA;448.7
CE;530.2
CE;435.9
SP;367.9
CE;548.5
AM;
SP;385.8
GO;
CE;
MG;
SP;616.0
BA;623.7
SC;754.1
CE;499.9
AM;555.1
SP;591.4
BA;
PE;
CE;515.0
BA;466.4
GO;
RN;452.8
MG;601.0
MA;546.8
GO;709.3
CE;502.6
PB;392.1
PA;
AP;668.7
MT;605.0
PI;
PA;457.3
MA;510.1
BA;
SE;728.7
ES;691.8
BA;412.3
GO;392.1
RN;638.8
CE;403.2
CE;425.5
RO;533.3
RJ;400.5
CE;429.6
RO;
PI;
SE;
BA;
PE;801.7
MS;471.7
MA;
MA;425.9
SP;
MG;509.6
RJ;
RJ;821.0
MG;750.0
BA;430.1
RN;575.4
RJ;630.5
PE;511.4
GO;384.4
RS;
GO;
PI;383.6
PI;725.2
TO;
GO;384.1
SP;736.4
BA;
PB;458.0
MG;440.3
SP;
PR;441.2
MG;464.5
SP;508.2
PB;509.8
BA;433.8
PI;693.0
CE;
CE;589.1
GO;626.1
PE;426.9
MG;512.0
PE;554.2
MT;386.9
PR;493.3
CE;413.5
PA;367.9
CE;492.4
CE;494.7
SP;391.2
PE;674.1
GO;
MG;
MT;525.2
CE;516.2
RS;633.0
MA;534.4
SP;
PB;473.9
CE;415.7
RJ;
MA;410.7
PR;
PE;463.4
SP;445.7
PE;449.2
RJ;431.0
CE;552.1
SP;771.3
BA;
RJ;377.5
BA;505.6
PE;479.5
RJ;388.3
PE;454.7
SP;
PB;439.2
MG;614.6
SE;
CE;679.4
AL;497.9
PR;444.4
GO;
GO;358.4
SP;533.3
ES;746.8
AL;434.4
PE;
SP;660.6
MA;411.4
PB;449.9
RO;673.1
RO;559.4
GO;508.8
RS;728.4
MA;462.4
MS;
PR;451.4
MG;787.8
SP;532.2
RJ;545.7
PA;422.8
MG;669.2
PB;618.3
RO;415.6
PI;671.4
CE;
MS;
GO;480.7
SP;471.7
MG;734.0
SP;448.7
CE;469.7
BA;404.4
RJ;440.3
PE;499.9
SP;505.5
SP;503.9
PE;494.2
DF;390.3
PA;492.7
PA;
AL;469.7
SP;588.5
AL;491.4
CE;441.9
CE;650.8
PE;415.1
MG;715.5
RO;431.2
BA;
PR;533.9
SP;489.7
SP;482.5
PA;447.8
PR;
CE;
CE;397.3
CE;
CE;438.6
RJ;469.4
PI;478.7
SE;376.1
RN;400.4
PB;640.3
SP;712.7
ES;641.6
PE;558.4
SP;462.0
CE;450.6
GO;530.2
SP;558.8
PB;
PA;
DF;452.7
BA;463.0
ES;482.5
CE;432.3
GO;609.2
RN;559.1
AL;633.5
PA;429.9
RN;451.4
AL;709.9
PI;436.8
MG;761.7
CE;479.3
GO;471.9
PE;710.4
CE;742.2
CE;479.9
CE;
GO;519.2
MG;556.9
CE;792.1
MG;525.5
PA;699.8
CE;463.0
GO;711.3
RN;503.0
MT;499.3
MA;609.3
MG;
PR;
PB;407.9
PB;
DF;438.2
AM;409.0
CE;431.4
RS;
SP;464.4
CE;
MG;589.1
CE;
AL;505.4
BA;653.2
PE;
PE;406.6
MG;401.1
SE;512.5
SP;607.9
BA;
PI;565.4
BA;545.6
GO;
PB;432.9
RN;585.4
MT;818.4
AL;412.2
MA;459.2
SP;429.1
RN;462.4
CE;591.7
RN;701.1
RO;467.1
SP;522.1
CE;593.4
MA;434.1
BA;
PE;
SC;627.2
PA;509.0
PE;532.1
SP;
RJ;553.9
RS;632.7
BA;544.4
GO;
MG;511.6
RJ;403.1
MA;481.4
BA;498.5
AM;430.8
BA;475.0
PA;844.7
MT;813.2
SP;716.3
RJ;835.3
PB;523.2
RN;464.0
RN;585.0
MG;599.3
PI;616.6
BA;564.3
SP;546.7
PE;422.1
GO;
BA;587.4
SP;
PA;520.8
DF;
SP;
CE;443.7
BA;385.7
AM;485.4
RJ;845.5
MG;411.3
SP;655.6
PA;468.2
CE;409.4
SP;506.4
SP;630.0
BA;528.1
MG;400.1
PI;818.7
TO;440.1
CE;
PA;426.3
PI;567.5
RN;519.5
ES;
RN;
GO;470.4
PE;485.0
RJ;544.7
CE;513.0
PE;503.7
PI;541.6
MG;692.3
AM;432.0
PE;628.9
BA;370.8
SP;
MA;435.9
CE;733.4
MG;522.5
PR;537.9
MA;
RJ;398.1
GO;392.6
GO;
SC;453.5
SP;595.3
SP;
SP;538.2
CE;378.3
SP;700.1
RS;687.0
MG;432.5
CE;397.7
GO;
MG;778.0
PR;605.7
PA;639.8
SP;
BA;
SP;449.2
GO;
CE;578.7
CE;543.2
GO;517.9
BA;654.3
PI;565.2
PB;573.5
PA;538.5
SP;449.9
GO;383.3
BA;511.6
RJ;
RS;727.5
MA;
GO;495.3
MG;538.0
CE;411.0
MG;581.5
GO;601.2
BA;632.0
RN;440.1
BA;495.6
MG;724.3
PE;638.8
RN;502.7
DF;504.8
MG;520.3
PA;443.4
PE;539.6
BA;655.3
GO;673.5
ES;401.0
RS;569.6
PE;395.9
PE;547.7
CE;516.6
MG;531.6
MG;
PA;595.1
GO;429.7
CE;568.0
BA;442.2
SP;533.4
PB;
PE;647.0
PB;
RJ;414.7
SP;786.4
RJ;416.3
MA;394.3
MG;515.8
CE;494.6
CE;
PE;
MA;
BA;625.4
PB;520.1
PB;398.4
PE;618.6
DF;493.0
MG;780.6
GO;
RN;607.5
BA;596.0
SP;
CE;571.6
MG;861.2
RJ;624.2
MA;367.3
PI;411.8
SE;612.3
AP;416.0
PR;598.4
CE;540.0
PB;662.7
MG;666.1
RJ;604.1
CE;386.5
CE;
SP;654.4
RN;468.4
PR;782.9
DF;508.1
GO;456.0
MG;581.2
SP;520.4
BA;492.9
SP;393.1
SP;369.5
ES;
CE;413.9
PR;607.5
MA;
AM;561.9
PE;
MS;
SP;538.1
RJ;673.3
CE;509.0
PI;
SC;613.9
PA;787.1
GO;
MG;734.1
MA;
CE;691.0
MA;
SC;429.1
PE;468.8
CE;467.0
SC;573.7
PI;394.9
CE;566.7
ES;613.5
PR;
SP;724.4
SC;573.9
MG;453.0
MG;491.1
PR;477.8
PA;
GO;524.5
RJ;
SP;
PB;
RJ;691.8
PE;432.9
AL;786.0
BA;450.6
BA;627.9
SE;
MA;
BA;405.1
BA;481.5
CE;
PE;803.6
PB;565.2
GO;
SP;660.4
BA;
CE;432.4
DF;576.5
BA;535.5
RS;540.7
CE;500.9
MA;557.0
PE;688.6
PA;442.7
ES;
BA;436.5
SP;748.8
RN;498.5
RJ;750.3
GO;
GO;
RS;602.2
RN;386.1
MG;534.2
SP;755.3
RJ;
GO;504.7
PA;
PA;
SE;467.1
CE;422.9
CE;458.8
CE;533.4
SP;531.8
BA;395.1
PA;462.0
SP;871.1
AC;413.7
RN;450.6
PE;
PB;504.2
RJ;632.2
RN;482.6
MT;377.7
SP;471.5
PI;445.7
RJ;737.9
BA;617.3
MG;451.2
CE;367.5
RJ;
CE;479.5
MA;468.9
BA;568.7
PE;629.1
CE;420.2
SP;766.4
PA;506.7
BA;507.3
MA;
PE;581.4
SP;677.7
RN;432.9
MA;424.6
BA;631.3
SP;484.6
BA;427.6
SP;443.1
MA;484.7
RJ;740.5
PE;715.9
AM;443.1
RN;
MT;668.4
RJ;548.4
MA;382.0
GO;582.9
GO;389.3
GO;
CE;747.8
SP;498.3
SP;738.4
GO;
MS;
SP;501.4
MG;596.1
PA;771.1
SP;454.2
AL;
RS;487.1
MG;669.5
SP;563.1
MG;
MG;615.0
CE;512.7
CE;460.5
BA;541.1
SP;627.3
PI;693.0
CE;
PR;832.8
GO;492.4
RN;443.5
RS;745.4
PE;500.9
BA;411.6
PR;554.0
BA;492.1
GO;634.9
PA;434.4
RJ;509.8
BA;667.0
PE;596.1
RN;
RS;581.2
RN;557.6
BA;483.4
MG;552.1
MG;622.9
PE;675.7
GO;
PB;393.2
MG;623.4
BA;467.5
RS;524.7
GO;416.3
PA;550.7
MG;
RN;
SP;429.1
MA;
CE;538.3
MG;669.5
GO;402.0
GO;
DF;
BA;432.3
CE;631.7
MA;
SP;692.2
PE;416.8
RJ;501.1
MA;454.1
SE;496.6
RJ;
GO;
CE;496.5
CE;445.8
PA;432.5
RJ;569.2
RJ;493.8
RS;723.8
PA;392.6
SP;459.3
MG;623.9
BA;509.4
GO;558.5
CE;
CE;774.1
SP;674.6
RJ;470.0
PA;
MG;
PE;544.1
SP;474.0
RJ;459.3
RJ;449.7
CE;447.3
RJ;574.9
MA;493.5
BA;394.7
PE;403.9
BA;441.1
AP;
PA;514.6
CE;
SE;559.1
PI;529.1
RS;389.9
SP;671.0
SP;590.9
BA;
MA;658.8
RJ;620.4
PE;503.9
SC;511.8
PE;
BA;384.2
PE;648.6
RS;688.0
CE;588.1
RJ;548.6
CE;497.8
CE;571.1
MG;695.2
BA;637.2
SE;455.6
SE;
SP;477.9
SE;587.6
RN;793.6
MG;481.1
PE;427.4
RN;448.3
GO;659.8
CE;752.8
MG;407.9
CE;377.7
CE;669.7
RJ;
BA;
PI;412.0
BA;530.2
SP;387.0
CE;528.1
PR;
PB;904.1
MG;751.9
BA;435.4
PA;450.6
PI;667.4
SC;460.5
MG;450.1
SP;663.9
RS;446.1
GO;444.8
CE;
CE;464.0
ES;508.0
RJ;428.2
GO;
CE;
BA;469.4
MG;697.6
CE;
PB;500.5
GO;
MG;462.2
GO;
PE;461.9
AP;456.7
CE;594.2
AL;626.7
PB;785.2
BA;393.4
CE;408.5
MG;511.3
PA;
MG;439.4
BA;
MT;
ES;500.7
CE;
RS;381.1
BA;469.2
MT;403.9
MG;615.0
CE;516.1
GO;399.0
BA;597.1
AM;674.2
PE;
GO;491.0
SE;445.7
RJ;549.6
MA;500.7
SP;528.5
PB;421.3
RJ;399.5
RJ;639.1
RN;709.8
MA;414.5
SP;405.9
PA;580.3
SP;473.6
SC;
MG;586.9
MG;485.4
PI;496.5
MG;
SP;
GO;506.7
RJ;713.8
BA;
MG;748.5
PB;526.4
CE;375.4
SP;626.0
MA;443.6
MG;713.3
PA;679.7
CE;573.4
SP;485.1
CE;
MG;461.1
PR;
SE;478.0
CE;410.3
AP;570.0
MG;486.0
CE;
RJ;
AL;576.9
MA;412.5
PR;580.3
SE;362.0
BA;626.2
MG;710.3
BA;491.7
BA;421.6
CE;510.0
MG;562.9
MA;526.5
PI;
PA;417.6
RJ;700.3
SC;446.5
SE;598.2
GO;392.0
SP;783.0
RS;509.4
PA;438.8
BA;562.6
PI;535.3
PI;516.5
SP;787.8
CE;703.0
RJ;717.0
GO;
RS;444.0
BA;
RS;783.6
CE;
RJ;377.0
ES;454.7
SC;537.9
MG;634.0
SP;498.1
AL;413.5
CE;522.7
RN;
GO;
BA;470.9
CE;562.0
PA;444.0
MG;372.5
CE;472.1
AL;617.5
MG;669.0
CE;427.4
CE;378.7
PE;602.3
CE;
MG;536.8
GO;443.1
AC;518.4
SP;
MG;540.7
PE;
PE;619.7
SP;435.0
MA;509.0
PE;584.7
GO;
MG;561.5
SP;524.0
RS;461.5
SE;672.4
PB;454.1
BA;646.2
MG;679.4
GO;573.3
PE;636.9
MG;
GO;566.0
PE;425.2
MG;
MT;370.6
PE;585.3
MG;463.1
PA;
MA;472.7
CE;456.3
MG;428.3
GO;516.1
PA;519.2
MG;
ES;
GO;502.0
MG;
RN;447.7
SP;524.3
RJ;492.3
PE;825.2
PE;606.2
CE;435.7
RJ;480.4
SP;697.2
CE;493.8
RJ;
SP;
SP;520.1
PA;655.8
PE;456.0
AM;
RS;706.3
SP;
CE;511.2
BA;386.2
SP;686.3
BA;430.3
PR;739.3
RJ;415.9
TO;590.6
SP;432.3
CE;
BA;421.7
AM;486.4
ES;
ES;569.3
BA;387.6
RJ;594.6
MA;
RN;453.0
SP;573.9
MG;464.8
AP;
BA;512.1
ES;
PE;527.6
SP;
RS;763.6
RJ;704.5
SP;782.3
CE;382.5
GO;
MT;385.5
SP;559.8
BA;
SP;551.0
RN;417.2
CE;596.9
RJ;439.1
PI;520.5
SP;556.1
PB;
GO;438.5
BA;388.9
RN;444.9
RJ;
ES;505.8
CE;400.6
ES;630.7
MS;466.9
MA;434.5
BA;422.9
MG;715.4
CE;485.8
PA;445.1
PR;714.3
RJ;
MG;747.7
MA;522.1
BA;492.5
CE;
SP;
PB;448.3
RS;638.7
CE;396.0
PE;618.0
RJ;
RJ;591.2
SP;440.7
SP;617.8
MA;
PI;482.3
PB;
GO;504.1
SP;501.2
GO;
BA;
SC;485.1
GO;
BA;542.9
BA;451.1
PA;
PR;
PI;
CE;402.1
CE;
BA;445.6
RN;506.8
GO;454.3
PE;687.6
MG;908.3
PI;648.9
RJ;403.2
ES;748.1
SP;703.8
PR;503.4
SP;442.2
AL;
PR;474.8
PR;570.0
SP;743.7
CE;808.6
MG;451.3
SP;462.5
RN;627.6
SC;499.2
RJ;651.8
CE;
MT;717.2
RJ;538.8
BA;722.6
SP;
CE;480.2
BA;521.4
MT;553.6
BA;
GO;
AL;737.8
PR;
PI;467.5
CE;405.0
BA;555.1
MG;739.6
CE;
MG;455.9
RJ;518.9
CE;584.2
PI;488.3
CE;631.2
PA;641.6
GO;556.0
CE;
CE;
AM;
CE;600.1
SP;784.4
SP;738.8
PE;483.3
BA;542.8
SE;466.5
CE;511.5
PE;
PA;409.3
BA;488.5
MG;512.0
RJ;
TO;505.6
SC;484.2
PR;726.4
RN;462.3
GO;630.9
SP;714.1
PA;415.2
RJ;854.1
BA;418.1
RS;565.4
BA;
GO;419.7
GO;533.4
DF;616.1
BA;370.2
RS;490.5
BA;535.9
RJ;488.8
CE;
PE;543.5
SP;
MG;787.7
ES;542.5
SP;586.6
RJ;424.6
RN;
PE;562.8
PR;520.6
SP;643.8
DF;
RJ;413.6
PB;679.5
RJ;411.5
MG;455.3
MG;477.8
CE;472.5
SP;
RJ;511.1
RS;578.3
PI;470.4
RJ;
BA;462.1
PR;
CE;588.3
GO;795.0
BA;536.7
MG;537.4
SC;
PE;572.8
PE;471.2
MT;595.9
ES;733.7
RN;416.6
MG;476.2
CE;
GO;515.9
GO;618.6
PE;553.7
PA;426.5
MG;
MA;709.9
MA;611.2
PA;410.6
RJ;793.3
CE;539.8
AL;520.5
MG;453.0
PE;
SP;735.9
RJ;532.8
MA;432.0
CE;
MG;
AC;543.7
BA;562.6
GO;
SP;
RN;
GO;423.3
SC;590.6
CE;616.6
SP;762.3
PE;728.3
GO;
GO;
PA;463.4
MG;555.3
SP;655.2
RJ;
RN;671.3
SP;621.7
GO;421.8
BA;376.8
PA;
GO;
CE;566.3
BA;418.7
MG;516.6
CE;485.3
RN;479.3
PI;
TO;416.8
RJ;425.5
MG;
MG;530.1
MA;413.9
RJ;
PI;408.7
PE;414.1
RJ;716.5
PE;487.0
PB;471.2
BA;775.6
PB;482.5
MA;622.6
RJ;478.3
MG;817.8
RJ;
PR;445.0
PB;805.7
PR;709.8
DF;506.5
MA;477.2
RJ;651.6
CE;451.2
PA;628.5
BA;
SP;
PE;767.5
RO;557.8
MA;686.1
PE;
RJ;
RJ;694.0
GO;611.2
RN;753.8
MG;451.5
SP;435.0
PI;537.0
SP;
PE;681.2
RJ;479.5
CE;
GO;484.8
RO;394.4
PE;568.2
PA;406.2
DF;627.1
BA;396.9
RJ;743.0
SP;771.7
PR;605.0
MG;463.6
PI;371.4
PB;638.7
MG;
CE;607.2
PA;594.6
GO;504.5
SP;
GO;448.5
BA;529.0
RS;627.6
PR;792.7
PE;823.4
RN;
SP;
BA;
SP;834.4
PE;419.8
DF;673.1
RN;672.2
CE;
ES;496.2
PI;402.4
CE;458.2
PI;
GO;
PA;446.7
PE;590.1
PA;401.8
GO;
CE;485.1
PI;
GO;681.9
MG;477.9
MG;485.8
MS;430.7
MT;553.9
SP;511.9
SC;691.3
AP;377.5
RJ;454.4
SP;515.2
CE;513.1
MG;624.4
CE;539.0
PA;
PB;795.0
MG;501.4
GO;415.7
RS;
SP;
MG;596.5
DF;455.8
MG;570.2
PA;
RJ;727.9
PR;433.5
PB;587.7
PR;637.2
SP;747.3
RJ;651.1
BA;470.9
PB;472.0
GO;
RN;463.6
BA;430.3
GO;620.5
GO;
PB;531.7
BA;
SP;585.6
RJ;432.1
RJ;410.7
GO;
MA;592.2
SE;451.4
PI;
RJ;525.5
MT;454.1
BA;
BA;663.7
SE;426.0
RJ;624.6
AL;365.0
BA;
RS;502.3
SP;576.4
PI;424.7
PI;713.2
RS;455.5
PR;524.4
DF;
MG;526.9
PA;487.8
AL;421.0
ES;588.0
MA;436.7
PE;657.8
RJ;611.1
BA;438.6
MG;474.4
SP;491.3
BA;476.1
RN;678.2
PR;404.4
AL;415.8
SP;802.5
SP;723.7
RR;555.5
PR;464.5
SC;702.7
BA;390.0
PR;674.1
GO;
BA;417.3
MG;764.4
RN;
CE;
RN;410.1
CE;437.7
CE;904.5
BA;509.1
PR;477.2
PA;381.3
CE;447.1
MA;
GO;
MG;752.2
GO;435.2
SP;477.9
MG;800.7
ES;544.6
PE;
ES;396.0
RN;401.8
PE;568.4
RN;514.4
GO;497.9
CE;
RJ;611.5
GO;
CE;622.8
ES;566.4
CE;671.8
SP;
CE;384.9
CE;451.5
AL;506.3
BA;672.4
SP;542.0
CE;504.2
MG;765.1
RS;
MT;547.8
AL;515.1
GO;405.6
PE;581.8
GO;453.6
PI;386.3
PE;386.7
SP;613.0
BA;553.4
GO;654.0
BA;410.1
SP;
BA;498.4
RJ;411.2
PE;
CE;
ES;411.8
PE;
GO;556.9
CE;480.0
TO;
SP;611.5
RN;467.4
PE;445.5
CE;637.3
PE;622.6
CE;
PA;430.6
RN;679.6
PR;521.9
BA;
PA;573.2
PA;788.4
SE;510.6
RN;565.2
PE;
PE;484.7
RS;
PB;508.7
RS;512.8
PE;
MG;593.4
BA;420.7
RJ;594.5
MG;533.6
CE;642.0
AP;474.8
MG;613.3
SE;648.9
PA;520.2
TO;414.0
BA;550.5
BA;594.3
PE;583.6
GO;550.7
PE;405.6
BA;517.7
PA;412.3
BA;
SE;826.1
RJ;624.7
PE;590.3
PB;393.7
PA;
DF;427.5
RJ;587.0
RJ;
SP;689.9
GO;
SP;
PA;527.0
RN;509.4
RN;
PE;516.0
GO;489.6
PR;
PE;381.3
MG;611.7
PR;397.8
SE;429.6
CE;421.1
PB;620.0
DF;680.2
RJ;664.4
AL;493.0
RJ;371.1
GO;605.7
SP;
AL;455.1
BA;525.8
PE;392.1
CE;558.9
RS;769.1
RJ;441.9
MG;370.8
RS;709.1
CE;606.4
SP;677.0
PE;504.0
MA;
MG;390.7
MG;
MA;
MG;605.6
DF;712.5
BA;735.7
GO;406.1
SE;
BA;515.8
GO;
MG;386.0
BA;418.1
PB;535.7
PA;
BA;510.8
SE;494.7
BA;482.8
PE;685.2
RJ;673.9
AP;424.5
RR;586.2
CE;
RN;665.6
CE;
AM;
MG;524.3
BA;520.6
RN;506.3
CE;578.7
CE;583.9
PE;579.5
MS;648.9
CE;
SP;456.8
RS;
CE;437.2
PR;607.8
PB;522.5
BA;383.4
PB;444.1
MG;400.2
CE;451.8
PE;
PE;634.2
PE;545.8
PA;673.1
GO;
CE;474.2
SP;411.3
PE;372.6
SP;607.8
RN;392.2
PE;535.3
SP;565.2
MT;506.6
PB;486.4
CE;
SP;708.5
GO;
BA;435.4
RN;604.0
MA;485.4
MA;
SC;730.0
TO;
MG;574.9
MG;794.0
MT;742.8
PE;722.3
BA;549.4
RJ;801.8
DF;
PE;629.9
PE;638.0
SP;737.8
RJ;
CE;481.3
MG;456.2
MG;601.1
AM;
PB;498.4
MG;674.6
PA;501.5
CE;608.9
BA;666.0
PI;470.8
PA;396.9
BA;781.1
GO;404.0
BA;436.9
SP;700.1
SP;743.9
GO;573.1
SC;472.2
MG;800.0
CE;475.6
GO;403.7
CE;663.8
BA;456.2
CE;455.2
SP;706.1
PE;456.9
RS;
MG;775.7
MG;560.2
RJ;367.3
RJ;555.6
MG;814.5
MA;465.7
PE;684.9
SP;650.8
GO;528.2
PI;432.5
CE;
MA;
RS;759.8
RS;656.1
TO;371.1
SP;583.2
PE;587.5
SP;565.8
BA;405.0
CE;548.5
SC;
CE;431.1
CE;496.2
MG;
MA;554.0
RJ;474.6
MG;539.9
MA;471.7
ES;542.2
BA;442.7
GO;477.7
SP;526.8
PE;392.0
CE;453.9
MG;
GO;
MG;552.7
PR;430.4
PE;379.8
SP;610.6
SP;409.6
RS;442.7
CE;402.2
RS;466.6
BA;478.2
PA;479.5
SE;487.3
GO;
CE;520.3
PI;641.8
SP;409.2
TO;653.2
MA;409.0
RJ;
SP;417.6
PB;404.8
PE;566.8
BA;
RS;476.2
SC;547.7
RJ;527.1
BA;460.0
MG;550.1
GO;595.5
MG;727.4
PR;494.4
SP;
BA;619.4
SE;557.6
PR;
MT;380.8
CE;388.3
BA;491.6
PR;821.8
MG;372.2
RJ;695.1
CE;643.4
PR;665.3
BA;572.4
SP;745.0
CE;442.1
CE;420.4
CE;412.4
SC;726.4
GO;588.7
AL;
SP;642.2
PI;643.7
PA;417.7
SP;559.8
SP;422.5
SP;718.3
GO;382.5
SP;688.6
PE;433.0
GO;418.8
PE;632.8
MA;394.6
CE;571.3
SP;684.8
PE;433.4
DF;
PR;
SP;665.3
AL;
CE;430.3
SP;592.8
PE;
MA;417.8
SP;441.7
SP;537.9
CE;450.4
CE;472.4
BA;431.8
SC;
RJ;555.8
PE;516.8
GO;
RS;475.9
SP;689.2
PB;538.0
PI;555.0
ES;571.6
MA;388.8
RJ;
SP;
PE;637.2
PA;460.6
RS;514.9
MG;432.8
CE;
MG;774.8
GO;
GO;
MG;656.5
PI;498.8
MG;601.5
BA;417.8
PI;450.4
SP;564.0
PB;448.6
MG;524.4
PE;682.3
RJ;
PA;
AL;522.6
ES;510.7
MG;
SP;503.8
SP;731.6
CE;
SC;444.0
PE;
RJ;848.0
RJ;427.4
CE;418.9
MG;
AP;678.6
RJ;634.9
CE;
SP;511.4
AL;367.6
BA;
DF;634.7
SP;706.9
BA;675.0
PE;382.2
PA;481.7
SP;834.6
BA;
MG;814.7
PB;439.4
PR;436.2
SP;693.4
GO;416.8
RO;
ES;
CE;491.4
PA;519.0
PB;
SP;
PI;369.2
GO;
SP;
CE;674.0
GO;539.4
GO;386.1
GO;
SP;625.5
MG;730.3
BA;555.3
CE;
AL;
SP;579.2
CE;413.2
MG;693.0
RS;
GO;510.8
RJ;430.6
BA;391.7
RN;
RS;439.3
MG;464.1
MG;665.1
SP;563.0
MG;
PI;601.0
SP;746.5
SE;512.4
CE;
PR;703.2
CE;441.0
RN;687.1
BA;767.8
BA;411.4
SP;753.4
RN;
PA;437.5
PE;
SP;702.0
CE;505.8
BA;
RN;602.0
ES;
CE;
GO;446.2
CE;457.8
CE;390.4
DF;662.0
ES;477.2
SP;
MA;628.6
GO;371.2
CE;677.9
SP;527.0
AP;842.3
SP;811.3
RJ;
GO;414.8
BA;439.4
MG;616.0
GO;529.2
RN;498.2
GO;598.9
PB;694.8
BA;661.8
GO;586.6
MG;645.5
TO;441.0
SP;
MG;498.3
PA;
GO;422.6
GO;
MG;750.3
RJ;443.8
PR;707.3
PA;816.1
CE;676.1
RJ;
MA;409.4
SP;461.4
ES;533.5
RS;474.6
RJ;601.7
RO;592.0
GO;468.3
PE;503.3
PA;518.9
BA;
PA;555.4
CE;400.9
SP;402.9
ES;572.9
PI;466.6
RN;617.0
PA;689.7
GO;611.3
SP;487.3
PI;455.4
BA;624.2
PB;439.9
BA;420.3
MA;576.6
CE;447.8
GO;452.3
PE;518.3
PI;566.7
SC;728.3
RS;608.1
SC;539.1
PA;501.8
PB;516.7
SP;686.9
PA;463.9
RN;531.2
PA;419.2
MG;
PA;526.5
PA;456.0
RJ;
CE;
PR;501.4
TO;479.2
SP;514.5
CE;566.8
CE;381.8
BA;
PR;684.5
CE;730.4
PE;
ES;
TO;624.6
CE;481.7
MG;735.2
MG;609.5
MA;767.4
PE;440.6
CE;420.5
SP;799.6
BA;
MA;410.2
PE;
SC;
CE;372.6
BA;494.3
RR;
BA;499.6
DF;507.3
BA;556.1
MG;713.6
CE;
RN;619.6
CE;471.9
PA;518.2
MG;664.1
CE;
MG;850.4
RS;424.3
GO;412.9
BA;495.8
MS;527.0
CE;
MT;
BA;721.7
PR;576.2
RJ;821.5
PE;
CE;413.6
CE;782.0
RS;424.6
PE;649.8
PA;412.3
PB;417.4
SP;501.1
RS;
CE;432.5
MG;666.3
PB;484.2
GO;532.1
PE;
PA;457.6
MG;642.7
RJ;
PR;495.4
PB;379.9
PA;408.9
MG;474.4
TO;527.1
PR;444.5
RJ;563.8
BA;586.3
ES;489.8
GO;462.8
PB;503.1
SP;425.4
MA;
CE;433.8
SC;
MG;490.2
MT;752.7
SE;507.9
AL;755.9
CE;420.7
CE;476.7
SC;480.6
RJ;499.6
BA;577.3
BA;379.4
CE;395.2
SP;
SP;574.3
PB;423.0
RJ;534.5
PA;
CE;638.9
PA;509.1
SP;
SP;404.4
GO;
RS;429.7
CE;431.0
GO;699.1
MG;
SP;567.8
RN;412.7
BA;423.7
GO;
CE;422.2
PR;626.5
MG;546.6
MT;448.9
SP;717.0
CE;511.4
BA;703.1
RJ;679.2
RJ;792.8
CE;
RO;576.7
RJ;
SP;
GO;
SP;578.6
BA;526.5
AL;462.0
PB;636.7
GO;390.7
RN;
SE;
RS;563.6
RN;
SE;
PR;669.5
PR;486.3
BA;513.4
MG;843.6
CE;707.4
GO;506.8
PI;708.5
MG;517.9
PB;427.7
PR;504.0
BA;561.5
GO;652.7
MG;644.6
RS;446.8
PI;457.3
CE;433.0
MG;383.0
RN;796.2
GO;602.6
GO;381.4
PI;439.4
BA;
DF;548.4
MG;644.7
RJ;640.1
MG;600.3
GO;
BA;677.2
PB;484.5
AL;425.5
GO;
GO;455.5
GO;
PA;
PI;621.5
CE;426.1
MG;496.8
RS;677.6
MG;663.2
PA;666.7
PE;
PI;413.8
CE;571.5
PA;514.0
CE;418.8
MG;696.1
RN;439.8
CE;597.8
CE;
PE;694.4
SP;491.4
SP;510.3
BA;
SP;431.4
SP;592.3
SP;688.7
MG;682.4
PB;370.0
MG;701.4
TO;510.0
MA;446.4
PI;391.8
AL;364.5
PA;412.3
SE;542.4
PE;535.6
BA;483.9
MG;571.8
BA;
RJ;466.9
PA;451.5
RJ;
RJ;457.7
RJ;
CE;
AL;662.2
PR;515.8
MA;446.7
MA;388.7
CE;
SP;
BA;
BA;426.4
RN;477.7
MT;379.9
PI;409.5
SP;581.6
CE;669.4
SC;600.8
CE;703.9
PR;
PE;
GO;494.9
RJ;
GO;475.5
PR;604.8
GO;536.6
CE;
AM;427.1
SP;550.4
CE;713.8
RJ;626.6
RJ;504.5
PA;464.8
BA;645.0
AL;
RJ;467.8
BA;654.1
MT;
CE;687.1
PR;650.8
SP;725.0
RN;
PB;543.2
PB;539.0
GO;633.4
CE;642.5
BA;558.8
CE;380.7
SP;515.5
RJ;478.3
MG;
MA;
RJ;
SC;
GO;
CE;443.4
SP;718.4
MG;631.8
RJ;461.1
RJ;765.0
BA;418.9
AM;
CE;
PR;551.7
RS;432.5
MG;510.4
PI;796.3
CE;498.2
CE;477.4
MG;
GO;565.7
MG;573.4
RJ;740.5
RS;654.6
PR;500.3
PB;375.3
RN;524.9
BA;381.0
CE;427.0
MT;568.8
PB;577.8
SP;
MS;
MG;572.8
RJ;
PE;683.9
DF;492.4
CE;
SP;682.2
RJ;413.2
SE;545.4
GO;468.6
CE;
SP;455.6
RJ;665.9
GO;519.0
RS;534.1
GO;429.9
GO;374.3
RJ;
SP;682.4
GO;443.5
PI;
BA;600.5
PA;
PR;550.4
PI;474.0
SC;
AM;
GO;
RS;489.8
BA;
RJ;483.6
RJ;
PA;382.8
GO;402.0
PA;510.2
GO;595.0
PA;518.0
PI;469.0
CE;428.4
PA;410.3
SP;476.0
AL;434.8
MA;594.5
GO;
BA;676.9
SE;537.9
PE;456.2
RS;740.8
GO;407.3
BA;468.2
PB;452.3
BA;
SP;633.7
SP;
BA;542.2
ES;695.9
RJ;482.1
CE;563.4
BA;624.8
SP;
MA;555.6
PE;711.5
AM;
MG;509.8
PE;477.9
BA;537.4
BA;
PI;513.5
MT;599.3
MG;499.9
SP;666.6
PR;651.7
PR;
PI;567.4
GO;615.6
PA;
PI;437.1
AM;
SP;567.1
MG;
PE;518.7
MA;590.8
RS;
GO;728.3
RJ;557.0
PA;447.4
SC;
CE;537.8
BA;657.8
PA;
RJ;811.5
BA;
RJ;
RN;396.1
BA;408.8
ES;
SP;437.5
MA;400.0
GO;605.2
RN;491.0
RJ;513.3
BA;383.7
PI;387.5
PE;390.8
SP;468.0
DF;388.6
GO;626.3
DF;
MG;421.3
GO;
PE;557.0
SC;683.4
DF;601.4
CE;444.2
MA;517.4
SP;489.3
CE;436.6
SC;593.4
PE;392.4
PE;568.8
CE;483.3
MA;
PB;642.3
MG;
PE;600.2
DF;497.5
RS;
PA;557.8
GO;464.3
RJ;747.8
CE;484.8
MT;577.6
MT;714.9
ES;520.9
RN;383.9
BA;
PR;471.8
CE;397.5
BA;
PE;639.8
PA;
BA;476.3
PE;514.1
CE;
MG;596.9
SP;527.1
PI;498.6
GO;
PE;610.9
AP;
GO;525.4
DF;
PE;505.8
ES;
BA;
RS;568.1
PR;
PA;484.1
CE;
SP;753.1
GO;396.8
CE;575.4
PB;
CE;472.6
PI;498.4
SE;471.4
BA;552.3
SP;
CE;490.3
MA;584.3
MG;
CE;523.7
GO;431.9
PE;609.4
PA;464.3
PR;447.6
RS;479.9
SP;
SP;522.7
BA;448.4
SP;541.8
PA;467.4
RJ;577.5
GO;493.5
PE;703.5
SP;
SP;468.1
SP;395.8
AM;402.6
TO;
MG;519.9
RS;613.4
PE;502.8
PB;488.0
CE;438.0
RN;
BA;610.1
PA;428.6
AL;563.2
CE;426.5
MG;475.5
CE;470.9
MG;810.6
GO;615.0
MA;457.3
RN;514.8
RS;734.9
PB;398.0
RS;485.4
GO;
PR;
MG;542.7
GO;436.3
MG;682.3
RJ;
PE;437.9
PB;506.3
MT;480.4
PB;729.5
GO;562.0
AM;490.1
CE;479.2
BA;438.8
RJ;
ES;756.3
SC;440.2
RN;549.7
GO;456.5
CE;485.8
BA;388.9
PA;417.2
PI;745.7
CE;689.5
PE;
CE;
MG;459.7
PE;531.9
MA;455.6
ES;571.3
SP;
CE;448.9
CE;
RS;
SP;628.4
MG;738.1
BA;433.1
MA;621.6
ES;397.7
MG;518.0
PA;529.0
MS;537.6
MA;552.3
PI;412.3
GO;384.4
PA;464.1
GO;
SC;862.3
CE;607.2
PR;
BA;392.7
CE;435.4
BA;494.2
BA;590.4
SP;436.6
PE;538.5
RJ;462.0
CE;525.8
MG;490.6
MA;487.4
SP;614.9
MG;
RJ;638.6
SP;466.8
PI;740.6
BA;698.4
PA;430.0
GO;
CE;523.5
PA;444.5
GO;
CE;431.4
RJ;
MG;596.1
RS;483.0
CE;742.2
RN;424.5
SC;817.3
SE;412.6
CE;493.7
PE;536.4
MG;
SP;615.6
SC;
SP;604.6
MG;576.6
CE;664.7
CE;665.4
MG;600.8
SP;813.6
TO;391.8
GO;559.3
PA;422.0
PI;648.6
MG;722.8
PE;420.2
MA;446.4
GO;489.7
GO;
CE;592.0
RS;659.9
TO;693.8
MA;474.2
SP;609.0
MG;693.5
RS;426.0
CE;422.8
SC;601.2
MA;
CE;488.5
PR;438.5
MG;459.9
BA;465.4
CE;550.8
GO;382.7
SP;628.1
AL;623.3
AL;
PB;580.5
RN;449.0
SC;747.5
ES;592.9
DF;643.5
BA;464.7
CE;394.5
TO;640.8
MA;409.0
PE;
RJ;653.2
BA;373.4
GO;421.0
PE;421.3
CE;439.5
RJ;552.7
ES;571.3
MA;501.3
PB;
PI;508.8
PR;563.8
SP;619.8
PB;
GO;524.3
CE;579.7
AM;587.0
BA;460.3
PA;397.5
PA;489.4
RN;629.5
MG;
CE;482.6
CE;628.4
MG;
GO;
BA;
BA;551.7
MA;
PA;
PE;405.0
PR;461.5
ES;
SC;713.7
PA;
RJ;406.7
PE;443.3
BA;401.4
MG;449.4
MG;481.8
PE;501.7
MG;
SE;428.9
MG;608.8
CE;733.5
GO;513.8
RJ;
CE;399.7
DF;
BA;434.1
MA;488.4
BA;459.7
MG;477.8
BA;696.5
BA;
PR;504.3
PE;520.2
RJ;580.6
SP;790.6
MG;464.5
SP;
SP;
CE;530.9
PE;514.1
PB;628.9
SP;465.7
PA;386.8
PA;568.8
SC;
PE;537.5
MG;502.6
MG;
SP;496.9
SP;605.5
RS;522.6
PA;557.7
MG;457.1
CE;479.5
SE;611.2
RS;746.3
CE;486.9
MG;703.2
RJ;599.7
MA;694.3
MG;600.7
GO;528.6
GO;641.6
CE;383.5
CE;598.2
GO;
MA;
RJ;496.9
SP;577.7
GO;524.2
RS;
ES;
BA;462.9
PA;834.0
MG;662.7
PB;
DF;782.7
BA;423.3
SP;478.7
SP;470.4
CE;512.8
GO;
PR;706.8
GO;609.5
MA;598.5
CE;
PA;
SC;543.7
MG;547.1
GO;
PI;
SE;382.7
RJ;664.9
SE;
RJ;427.7
RS;668.9
RR;529.1
BA;624.2
PR;685.5
CE;623.0
PI;517.2
PE;496.9
PE;630.2
DF;479.9
PA;377.6
PR;484.1
RJ;
GO;374.0
MG;860.6
CE;453.0
SC;465.1
PA;
RN;509.2
PE;
SP;542.5
PE;374.2
SP;631.6
SP;
MA;528.4
SE;474.0
ES;
PR;
SC;
SP;568.4
MA;374.4
MG;793.2
GO;
PE;412.4
BA;585.0
SP;444.5
SP;445.2
AL;480.0
SP;633.2
CE;
ES;431.6
RS;493.6
PE;614.9
RJ;720.1
RR;534.3
GO;414.6
MG;368.0
RJ;
AL;553.2
AM;546.2
BA;
PE;
RN;645.2
RJ;648.9
AL;393.7
GO;396.9
RS;756.9
RS;
PE;554.7
RJ;525.6
CE;673.9
AL;431.0
PR;435.0
PB;506.1
ES;417.8
GO;791.1
SP;783.2
PB;
PE;554.8
BA;480.2
CE;631.3
CE;
SP;501.4
MA;
MG;672.2
MG;
AL;501.6
PB;458.5
GO;411.7
GO;675.7
BA;586.3
GO;415.0
CE;424.4
MA;584.2
DF;582.6
CE;
PI;
BA;365.9
MA;421.4
AM;383.0
CE;
RJ;580.6
PA;602.7
MA;500.7
RJ;596.7
CE;395.6
CE;660.8
SP;633.8
MG;632.2
SP;580.9
BA;537.7
PA;
PA;428.1
SC;
BA;
BA;510.7
MG;625.6
GO;639.0
RS;435.3
GO;402.9
CE;515.2
MG;694.7
CE;577.2
ES;
SP;607.8
MA;429.9
RS;399.4
PI;419.1
CE;420.5
CE;385.1
PE;433.1
RJ;506.9
GO;
PB;598.4
PB;549.0
BA;431.1
GO;847.5
MG;425.4
GO;
MG;519.8
BA;824.9
PA;
PA;441.6
CE;467.6
CE;391.1
MA;397.0
MA;633.2
PA;572.4
PB;490.7
SP;713.4
SP;475.5
SC;477.1
CE;481.3
GO;507.2
PA;
RJ;
GO;388.1
BA;
GO;
MG;516.6
RJ;636.6
MG;411.5
SC;
PE;452.1
PI;678.2
MG;615.4
CE;553.5
PE;451.4
RN;472.7
SP;373.7
MA;636.7
BA;
CE;382.9
CE;
RN;
PE;511.7
BA;472.1
GO;513.1
MG;
MG;514.8
CE;651.7
RJ;600.9
MS;
CE;525.0
SP;553.6
SC;460.3
SC;686.5
CE;431.4
MG;778.9
RN;
MA;589.3
PA;476.4
PA;435.8
SP;
AL;
ES;451.7
CE;
MG;
PI;541.3
PR;440.6
CE;548.5
ES;584.5
PB;398.7
RJ;447.0
BA;601.6
GO;567.3
CE;414.7
MG;
MG;552.9
PI;649.8
RJ;598.8
GO;
MG;815.1
PE;391.9
RS;503.6
SP;659.3
CE;576.6
MA;
MG;676.8
BA;
PE;497.4
CE;683.1
MG;491.8
BA;644.5
SE;433.7
GO;437.8
ES;
CE;476.7
MG;473.8
RS;381.5
SP;674.0
GO;481.4
DF;743.7
CE;
RJ;611.8
RJ;521.8
RJ;565.3
SP;739.0
MG;657.4
GO;373.9
MA;409.7
RJ;392.4
GO;557.3
DF;732.8
PR;456.1
PA;
MG;707.3
MA;
CE;416.6
CE;426.9
PE;700.0
CE;508.0
RJ;702.9
RJ;450.3
PE;387.7
MG;
CE;463.5
PR;
SE;459.3
BA;621.4
MT;
MS;454.0
BA;
MG;399.5
ES;646.2
CE;408.0
MA;449.8
BA;567.0
CE;456.6
MG;574.9
SP;659.5
BA;508.6
PB;519.9
RS;585.1
MT;645.1
SP;686.9
RJ;
PE;496.3
PB;437.4
RJ;543.3
PA;381.2
CE;415.2
BA;376.2
ES;
SP;659.1
PI;530.9
PE;649.2
PE;596.3
CE;702.9
SC;549.3
RJ;686.6
CE;430.9
GO;465.9
MG;400.0
PI;660.4
CE;489.2
CE;692.2
CE;796.5
SP;578.9
SP;603.6
RS;
PI;
BA;765.8
MA;492.8
BA;432.3
SP;885.3
PE;449.8
BA;
SP;680.2
PA;
PA;538.7
MG;
MG;547.3
ES;466.7
CE;420.7
MT;382.5
SE;
CE;560.0
CE;530.8
MG;562.7
MG;442.4
PI;425.5
SP;
PA;473.8
RN;478.4
SP;723.7
RN;458.8
CE;388.5
SP;
GO;590.8
MG;486.0
RJ;417.1
CE;682.3
SP;481.1
SP;426.2
MG;711.6
RN;441.8
GO;548.4
PB;500.9
PB;
BA;518.8
BA;524.1
BA;777.2
SP;589.9
RJ;597.8
MG;420.2
ES;423.5
RJ;508.3
SP;764.3
BA;554.5
MG;472.7
BA;528.2
SP;675.8
BA;
MG;705.8
ES;457.0
SE;659.6
CE;511.0
TO;488.1
MT;456.9
PA;430.1
MA;692.1
BA;
GO;588.6
RJ;644.0
CE;425.2
CE;452.0
SC;560.8
PI;660.1
GO;
BA;445.3
PI;651.8
MG;846.6
GO;479.6
BA;466.0
DF;
PR;675.1
RJ;
RN;520.7
MA;480.4
RS;760.2
SE;761.9
GO;473.7
SP;
MT;412.1
PA;492.6
PA;394.6
MG;507.1
MG;443.1
MT;578.1
CE;406.3
PI;
SP;686.1
MG;
PA;
SP;459.2
RS;531.1
GO;418.9
PI;579.0
RJ;626.5
RS;
PR;509.1
GO;
SP;430.9
GO;379.6
SE;502.7
SP;499.6
RN;646.5
MG;
GO;484.7
MT;431.9
PB;450.8
AL;
SP;404.4
TO;390.2
CE;409.7
AL;548.3
GO;514.3
RJ;479.0
SP;621.6
CE;
PE;485.8
PI;649.7
SP;494.1
SP;373.2
MG;555.5
SP;725.8
MT;
GO;504.0
CE;483.6
PA;538.5
PE;
BA;604.0
CE;507.4
CE;654.3
GO;649.9
ES;453.4
PE;
MT;431.3
PB;486.1
CE;781.1
MT;609.1
MG;876.0
SP;
SC;
CE;
GO;364.2
CE;501.8
SP;
PB;383.4
SP;388.4
PR;438.1
PB;566.2
MG;785.9
GO;444.8
MG;
RJ;386.3
BA;660.9
SP;790.7
CE;412.0
SC;752.7
PE;536.6
MA;434.4
MG;553.5
CE;517.5
MG;765.6
SC;399.6
BA;436.4
BA;420.8
RS;
CE;543.1
PA;440.8
MG;511.8
PA;
ES;447.5
BA;415.1
BA;
RS;490.3
SP;
CE;407.9
PE;
SP;588.6
PE;559.2
RN;544.4
MG;487.4
CE;
RN;507.6
TO;
SP;401.7
PA;453.5
GO;
ES;608.0
RN;568.1
SP;743.4
BA;407.5
CE;486.1
PE;500.6
MA;
PR;441.4
PR;
PI;605.9
RJ;436.8
BA;
SP;728.1
CE;516.7
BA;467.7
MG;
GO;652.8
BA;385.6
PI;862.9
CE;454.1
PR;499.7
TO;
ES;633.8
MG;768.5
MG;883.3
ES;484.1
MG;
MG;504.6
SP;435.3
CE;
SP;494.6
MA;591.3
MS;
RS;445.9
PR;519.6
RJ;436.9
SP;657.2
PI;460.5
RJ;463.6
PE;448.6
MA;
MG;590.2
SP;
SC;
BA;670.2
RS;763.2
ES;
RJ;
CE;610.4
BA;371.8
AM;381.9
PB;473.2
SP;552.4
RS;607.0
SP;494.2
MT;420.7
CE;
SP;558.8
RJ;
BA;
SP;465.6
BA;706.0
CE;
MG;614.8
MA;445.8
RJ;
MG;
MG;466.7
RS;460.1
MG;475.9
PA;473.3
CE;523.6
RN;
RJ;
MG;427.4
SC;
PE;463.2
SP;565.6
BA;670.1
RJ;422.5
AL;536.3
BA;675.9
PE;758.2
CE;546.7
PE;489.2
RN;574.7
BA;531.7
RN;408.2
SP;650.2
BA;429.3
SP;582.0
BA;661.6
AL;407.7
GO;468.3
SE;585.6
PI;453.4
GO;438.7
SE;635.4
PR;491.8
RS;
DF;
BA;518.5
PA;492.7
SC;564.5
CE;544.5
GO;657.2
CE;475.3
DF;403.5
MG;551.0
RJ;
CE;
CE;401.4
AP;465.8
SE;557.4
MG;611.1
GO;379.0
MS;423.6
SE;
RJ;589.1
MG;674.9
MG;647.5
RO;
BA;431.4
SP;702.4
MG;415.1
GO;
PE;446.6
PI;388.9
CE;398.5
PA;471.4
GO;579.6
MA;449.7
RS;712.3
RJ;792.0
PA;459.5
DF;
PE;737.8
BA;596.4
SP;538.1
PR;531.7
CE;
RS;759.6
CE;525.5
SP;403.6
ES;561.0
CE;404.8
CE;528.1
BA;391.8
PB;374.8
RJ;778.4
SP;594.4
MS;760.7
MA;525.6
PB;512.9
PE;414.9
MG;
DF;667.4
BA;
RJ;625.8
CE;397.2
PA;596.7
PI;589.3
PR;712.3
PE;768.3
CE;632.8
BA;426.1
SE;474.2
PE;703.2
RJ;628.5
RS;485.7
RO;441.0
MA;385.4
PR;415.2
BA;427.4
MG;830.2
PB;701.0
PB;439.3
PE;
MG;
MG;620.4
CE;390.0
PB;391.2
BA;
MG;706.3
GO;
MT;532.0
RN;530.8
MG;
BA;472.0
SP;
MA;513.2
RS;
CE;713.2
PE;653.7
DF;769.2
PE;576.4
GO;530.4
RJ;397.0
RJ;466.1
MS;453.3
GO;
PR;447.7
ES;467.2
CE;455.7
GO;403.7
GO;
CE;490.0
TO;399.0
PE;
RS;499.7
AL;649.9
RJ;642.6
DF;571.1
BA;581.4
PA;454.7
MT;
PA;480.3
MG;427.2
RJ;533.1
RJ;444.2
PA;
MA;
SP;
ES;451.8
CE;474.8
PA;461.3
MG;447.5
DF;450.9
CE;429.2
PR;609.8
PE;839.8
RS;494.3
RJ;402.6
SP;458.4
PI;421.4
CE;508.4
CE;392.6
PA;398.1
RN;467.5
CE;597.8
PI;713.5
PE;
PE;
BA;559.8
MG;706.6
MG;793.9
SE;414.6
ES;633.6
GO;516.1
PE;486.9
MG;767.3
RJ;674.6
AC;433.8
CE;702.7
CE;471.6
CE;635.7
CE;
CE;445.3
SE;482.7
PB;390.5
RJ;727.8
SP;684.8
RN;450.5
RN;532.1
PE;434.3
RN;679.2
MA;388.8
BA;
CE;
BA;517.8
CE;488.2
TO;451.1
SP;549.9
BA;470.4
PA;444.5
CE;432.5
GO;503.2
RJ;
CE;545.8
CE;
CE;396.3
GO;
CE;761.7
PE;629.6
CE;
BA;492.3
RJ;737.5
MA;499.5
PE;684.1
CE;496.5
RN;431.1
CE;426.7
RJ;
MG;471.8
RJ;488.2
RJ;512.9
CE;462.7
MG;
MG;626.5
CE;
RJ;447.6
PB;547.8
PA;423.8
CE;672.2
RJ;516.3
MA;491.3
AM;
BA;682.2
GO;422.9
BA;373.9
MG;436.5
PI;432.6
MG;
GO;404.6
MA;468.6
BA;622.4
PR;587.2
CE;
GO;489.0
RJ;591.7
PE;381.0
SP;705.5
RJ;397.2
PE;
CE;
RJ;696.0
RS;
SP;688.4
MG;624.0
BA;473.1
RS;723.9
SP;
MG;459.6
SP;649.0
BA;418.5
CE;
TO;
PA;739.0
MS;739.4
BA;452.3
MA;478.9
PE;
GO;
BA;613.4
RS;611.9
BA;513.0
CE;500.9
SP;550.1
SP;674.4
RJ;581.2
PB;412.7
BA;
BA;571.3
GO;436.9
GO;434.6
CE;
RJ;530.5
GO;436.1
BA;685.8
CE;574.7
RJ;610.8
MG;
SP;399.5
SP;618.5
MG;420.2
GO;566.8
PA;404.6
MG;536.5
AM;
PB;
MG;445.6
SE;599.1
SE;
MG;676.4
MG;759.2
RN;665.8
CE;678.7
GO;422.1
SC;548.9
MG;413.1
PR;723.7
MS;760.9
PR;689.7
RS;718.4
PB;448.0
DF;
PR;394.8
SP;440.2
PA;
CE;
CE;643.5
RJ;494.2
MG;703.8
AM;512.1
PI;511.6
PR;401.9
MG;635.5
BA;393.3
GO;
RJ;
RJ;641.9
PB;502.9
PE;501.6
SP;450.2
SP;621.5
MG;608.0
SP;540.6
GO;428.8
GO;
PB;438.2
PA;437.7
MT;695.1
RO;540.1
RJ;451.9
CE;615.6
CE;746.3
GO;463.9
MG;492.9
PR;678.0
CE;442.0
GO;473.0
RJ;731.3
RJ;530.4
RN;414.4
PE;
MS;585.4
PA;481.1
SP;581.3
MA;406.3
BA;415.8
SP;489.7
MA;394.3
SE;604.2
SP;852.2
SC;451.6
PE;
SP;453.1
CE;622.5
CE;388.5
MG;463.0
MA;449.0
PE;694.3
BA;547.2
RJ;392.1
GO;551.0
BA;427.3
DF;
CE;
GO;
AL;822.5
BA;399.8
RS;
PR;664.7
AL;
PB;516.6
SP;464.7
SP;727.1
PI;380.1
PI;597.0
RJ;677.8
PE;473.1
RS;482.0
RJ;358.7
RJ;547.6
RS;586.2
MG;455.0
MG;535.0
GO;483.0
PE;742.5
SP;
PR;
BA;786.2
MT;429.7
RJ;616.5
CE;397.6
PR;427.8
PA;392.1
MG;631.9
SC;544.0
PB;485.7
BA;387.8
RJ;
DF;440.8
MG;472.1
DF;608.9
SP;393.6
ES;620.2
CE;442.9
RJ;535.6
PB;631.5
PE;457.5
MS;691.2
MA;415.0
ES;691.1
SC;427.2
CE;667.1
ES;589.5
CE;
MA;479.4
RJ;632.1
CE;613.8
RJ;424.2
CE;
MG;
RS;644.9
SP;
RJ;539.9
AM;357.8
SP;
CE;530.7
MA;527.6
PE;430.8
PE;585.1
RJ;684.6
MG;760.1
SP;373.5
GO;454.5
RJ;522.2
CE;614.2
PR;437.1
MG;597.8
GO;
PR;
MG;407.0
RJ;431.3
CE;470.2
PA;500.2
PA;581.9
RJ;
CE;407.8
SC;
PB;704.0
PE;705.5
MA;471.2
GO;514.9
CE;
AP;499.6
DF;531.5
PE;554.0
RJ;694.9
MG;376.1
SP;588.5
SP;551.4
SC;546.7
MG;692.2
PE;451.9
RJ;385.7
PR;463.6
MA;
CE;437.2
BA;444.8
AL;
RJ;581.5
RJ;443.3
PI;564.9
ES;
GO;429.1
RR;508.5
SP;472.7
SE;392.4
PA;432.1
GO;490.2
PE;
TO;470.2
RS;
SP;696.9
SP;632.2
GO;507.4
MA;417.6
SC;468.5
PA;526.0
SP;398.4
PR;
RS;437.0
DF;907.8
BA;583.0
ES;
SC;650.7
MG;475.9
GO;
TO;
RN;444.4
BA;536.6
GO;
SC;649.8
RO;626.5
PA;
BA;438.3
CE;522.5
CE;431.3
PI;
PE;501.7
PE;848.7
BA;533.2
RJ;
CE;
BA;394.7
GO;453.0
MA;383.3
CE;452.5
PR;417.0
SP;723.3
CE;569.2
PR;685.2
BA;448.1
CE;657.0
PB;779.0
BA;488.2
MG;493.1
GO;
RS;585.0
GO;
SP;
PB;463.9
RJ;534.7
CE;615.8
SP;
RJ;
MA;692.5
PA;477.9
SP;625.5
MG;
AM;569.5
MG;520.0
GO;
GO;486.9
MA;
BA;413.6
PB;457.2
PI;460.6
CE;
SE;388.7
SP;701.1
GO;
MG;685.3
SP;
GO;419.8
GO;533.6
MA;484.7
CE;400.5
MA;450.2
PE;543.1
PA;519.3
PI;489.9
ES;
MG;795.7
MG;729.2
RN;567.0
RS;378.2
PB;429.5
PE;501.1
RJ;370.3
BA;413.7
BA;553.5
PA;621.3
BA;563.8
SC;391.5
MG;475.1
GO;416.2
PB;816.4
GO;752.9
PE;611.8
GO;583.1
CE;758.8
RS;609.8
AL;740.9
RS;507.8
AL;452.1
ES;424.6
SC;536.3
MG;
CE;571.8
SE;
BA;682.2
MG;702.0
CE;773.4
PR;668.8
ES;400.3
GO;
CE;408.9
MA;509.5
GO;431.0
PA;444.3
MG;
CE;477.2
CE;446.2
SP;519.6
SP;542.8
MG;605.4
GO;594.6
CE;
MG;523.5
PR;533.2
GO;447.9
CE;
PI;560.0
RN;667.3
CE;469.9
RS;687.3
MG;731.0
GO;
CE;390.0
BA;378.9
MA;405.7
CE;371.6
BA;368.1
PB;519.5
MG;572.0
BA;464.6
PB;608.2
AM;
MA;
PE;550.1
CE;420.4
PI;594.2
CE;
MG;720.7
CE;
MA;422.6
RJ;380.3
ES;420.0
PR;
DF;
TO;416.7
PE;459.4
PE;468.8
SE;596.7
MG;
SP;495.6
SP;559.5
SC;381.4
PB;629.2
AL;736.5
MG;582.6
SP;562.5
PE;415.3
SP;499.0
RJ;511.0
BA;
PB;386.2
MT;496.4
SC;652.5
MG;549.8
RN;459.8
PB;514.1
BA;408.8
PR;539.8
BA;
CE;536.8
CE;528.1
SP;736.8
DF;461.8
PR;
BA;498.6
MA;401.6
CE;391.6
MA;601.3
PE;
RS;594.7
RJ;607.1
RJ;656.3
RJ;480.8
ES;488.9
BA;497.9
RN;507.1
MG;519.0
MG;507.9
BA;841.7
MA;575.3
CE;
GO;
GO;404.7
MG;488.1
RJ;418.7
AL;581.7
AL;470.9
BA;
AL;398.2
BA;
RN;468.3
MG;817.3
SE;416.4
SC;
MA;652.7
GO;
GO;423.5
CE;525.3
SP;427.7
SE;357.5
SE;468.0
SP;
ES;408.0
PB;523.6
PA;440.4
PI;
SP;515.7
RJ;499.0
MG;
SP;704.6
GO;
GO;633.9
MG;680.8
PA;401.4
MG;684.9
SC;740.8
MG;433.4
CE;
SP;596.6
CE;502.4
SC;568.1
DF;470.9
PA;
RN;646.5
ES;393.2
BA;393.2
TO;697.0
RJ;560.9
PE;504.3
BA;392.9
CE;615.7
RJ;812.3
CE;528.1
SP;678.3
PA;512.1
GO;477.2
MA;444.0
PI;476.7
SP;887.0
RJ;533.9
MA;477.3
AM;702.9
BA;438.0
GO;457.4
AL;485.7
CE;419.1
CE;
RN;401.1
PR;493.8
ES;
MA;519.4
MG;
AM;459.1
DF;556.4
PE;586.8
SP;475.0
PA;444.2
PR;
SP;464.9
MA;630.6
CE;
SP;807.3
RN;388.8
RO;569.9
RJ;
SP;725.5
RS;680.0
CE;489.6
PR;674.5
ES;
SP;
GO;636.8
BA;414.1
SP;473.4
TO;710.6
CE;
GO;395.0
SP;711.8
MG;475.4
SC;653.0
PE;454.6
MG;
AP;428.4
MG;
SE;548.9
MG;586.4
SC;730.5
GO;
RJ;576.6
CE;704.2
PR;441.4
MA;584.7
PE;
GO;402.6
MG;599.5
AL;
MG;511.7
GO;453.2
SP;409.9
SP;
BA;562.3
BA;423.2
RJ;
RJ;564.2
GO;433.9
BA;469.3
RS;401.9
BA;421.9
BA;777.7
GO;445.9
MG;
CE;446.6
RJ;879.2
CE;594.8
MG;644.6
MT;623.6
CE;467.9
PR;381.2
PE;434.7
MG;
PA;526.3
BA;525.1
SP;704.1
PB;623.0
MT;434.9
SC;628.1
PR;394.2
SP;
AL;842.9
PA;728.5
RJ;487.7
RJ;392.2
GO;380.5
MG;443.9
MG;786.3
CE;436.4
BA;480.0
PI;454.4
BA;398.7
CE;551.9
PA;619.6
PB;
SP;746.0
SP;717.1
PA;485.1
RS;522.3
RJ;470.6
SP;686.0
GO;523.0
RJ;
GO;655.3
BA;
CE;551.2
PI;432.1
MS;684.2
SC;628.5
SP;753.4
RJ;680.9
MA;397.7
RN;418.3
MG;694.0
BA;406.4
PA;574.4
PA;
ES;
GO;
BA;541.5
PE;670.6
RS;391.8
PB;535.5
PI;440.2
MG;482.9
BA;621.9
PE;444.9
TO;512.6
SP;505.1
GO;502.2
RJ;670.7
PR;601.5
MT;443.6
BA;504.9
CE;385.2
PE;709.9
GO;377.2
RN;386.9
SP;485.0
PI;460.4
SP;434.9
BA;538.2
GO;374.0
BA;
RJ;
CE;482.8
MG;439.4
RN;422.1
MG;
TO;628.1
BA;556.8
CE;401.4
PB;473.5
CE;416.0
SC;603.3
SE;442.8
BA;605.1
BA;390.1
RJ;581.6
PE;681.8
SC;780.6
BA;448.7
PE;447.0
CE;528.3
PA;415.0
MA;
CE;397.1
PB;625.6
MA;496.7
SC;632.0
PR;464.6
PB;464.6
MA;717.7
CE;573.0
SP;440.3
MG;595.6
CE;
MG;580.0
MG;
GO;
ES;553.0
BA;503.3
RJ;544.3
CE;
GO;
RS;599.7
PA;
CE;620.1
PE;
PA;
MA;670.5
ES;473.2
SP;634.9
DF;485.4
MT;677.2
PA;443.4
GO;751.0
PA;
MG;688.1
DF;427.6
GO;
BA;415.1
PI;
SC;624.4
GO;
PR;604.6
MA;418.2
CE;398.4
RN;661.7
RJ;440.2
CE;529.9
SE;520.3
BA;419.8
SP;519.9
RJ;353.8
MG;564.5
PE;552.1
PE;
CE;463.5
AL;396.1
BA;
RJ;687.4
PB;644.4
MG;574.9
MA;544.7
CE;
PR;588.8
AP;450.3
AP;805.1
GO;750.8
MG;
CE;
BA;360.4
BA;546.1
BA;
TO;584.6
PA;418.7
BA;504.6
MG;600.8
PB;
SP;552.0
CE;421.7
SP;784.0
RJ;575.0
RS;632.4
CE;628.5
SP;586.7
BA;631.7
CE;505.0
PA;372.2
MG;646.3
BA;
RJ;545.6
SP;441.2
GO;481.9
MS;724.0
SP;614.0
SP;
PE;436.0
CE;
CE;
CE;593.4
GO;564.2
ES;
PR;520.3
GO;
SP;527.6
RJ;389.4
PA;401.1
CE;
SP;583.4
GO;417.0
MG;
AM;401.0
GO;601.8
CE;551.2
AP;
PB;376.1
PB;660.3
CE;598.2
GO;560.7
CE;550.7
RS;857.8
TO;458.7
ES;723.3
CE;650.3
GO;
BA;475.4
SE;732.7
PE;
SC;628.4
CE;747.8
BA;551.2
BA;503.2
RJ;583.6
SC;
PA;409.4
PR;471.8
PR;445.9
PA;534.3
PA;
ES;694.5
PR;536.9
PI;477.2
PR;484.8
GO;409.5
SP;
SP;371.6
SC;583.4
PI;741.4
PE;422.3
MG;621.2
CE;497.7
RN;446.1
CE;388.3
BA;451.4
RJ;
MG;737.3
MG;
BA;615.3
RN;528.5
GO;487.1
BA;413.0
BA;439.9
RJ;
MG;486.0
ES;
GO;413.4
RJ;756.4
RJ;479.8
RJ;
RN;
MG;692.5
MG;596.9
SE;526.5
PE;724.6
PA;368.2
ES;674.8
SP;591.2
PR;524.7
MG;525.0
RS;392.3
GO;515.3
PE;457.4
RJ;579.7
CE;399.9
BA;455.7
CE;
SP;709.5
RJ;
BA;600.6
CE;375.6
MG;521.5
BA;501.0
GO;465.3
GO;
GO;
GO;
PE;385.8
GO;398.1
MG;623.1
SP;
PI;435.2
BA;625.2
MG;
PE;
CE;372.2
PE;494.7
MT;
MG;588.6
PA;553.2
GO;
CE;561.2
BA;565.9
MG;649.9
RJ;405.0
PI;505.8
SP;642.5
MA;480.0
PB;528.8
PA;476.1
PI;570.6
AL;
SP;605.5
CE;418.3
AL;427.1
TO;
GO;650.2
PB;650.7
SP;648.1
CE;428.6
PE;448.4
BA;636.1
ES;686.1
GO;426.2
AL;674.7
AL;390.2
PI;431.3
MG;778.8
CE;699.4
BA;
CE;
PE;561.5
MA;413.9
MA;850.9
BA;406.6
BA;
SP;546.2
CE;532.2
MA;554.2
MG;675.9
BA;466.4
PI;470.8
BA;363.8
PI;405.4
PI;518.9
RN;633.2
SC;
BA;428.0
BA;487.5
SE;423.3
MG;690.3
RN;691.1
SP;391.7
CE;394.4
PB;445.5
GO;617.1
MG;891.1
PE;
SC;610.2
SE;
BA;
RJ;692.6
SE;389.7
BA;411.8
MG;644.0
GO;438.4
SP;664.9
GO;424.2
GO;435.8
SP;499.1
BA;485.9
RJ;621.9
PE;656.4
PE;732.2
MA;620.5
MG;460.7
GO;
GO;728.4
DF;494.3
PI;433.7
CE;720.0
MG;710.4
RJ;584.1
BA;
MA;
CE;
RS;
SP;669.9
DF;442.7
PI;409.5
SP;521.5
CE;586.2
MG;
ES;641.8
CE;625.0
PB;548.9
RJ;703.6
SE;
MA;493.3
RS;482.9
GO;
BA;562.0
RS;
MS;459.8
CE;445.1
MA;360.4
CE;432.3
CE;469.8
CE;435.0
SP;589.5
GO;
DF;634.7
BA;409.5
MG;512.4
BA;468.7
MG;484.4
SE;387.1
PI;477.7
CE;396.9
GO;420.2
BA;392.6
MA;394.6
PR;621.4
CE;399.7
GO;548.5
CE;447.4
CE;689.0
MA;496.9
CE;636.9
CE;604.4
ES;433.8
SP;450.9
SP;
GO;
SP;486.4
MA;555.0
PB;429.7
BA;740.7
PA;411.7
PA;601.5
PE;387.9
PI;611.4
RN;
PE;
MG;700.5
CE;487.5
PE;582.4
CE;511.9
GO;512.4
PA;596.5
RS;387.9
RN;
MG;708.2
MG;444.6
PB;439.5
CE;
PI;530.1
CE;743.4
GO;572.6
CE;401.8
MA;
SP;441.2
RJ;464.1
AL;414.5
MG;
AM;440.3
MA;416.4
MG;396.7
GO;
RN;600.7
MA;380.8
BA;740.9
CE;
PB;487.1
RN;479.8
RN;698.1
PA;484.3
BA;433.9
RS;639.5
CE;380.7
SE;
CE;399.1
SP;490.8
DF;
RJ;536.0
GO;397.8
RS;624.2
PB;540.7
SC;
GO;
PA;
CE;627.8
RS;612.0
RJ;415.5
DF;450.4
RN;645.4
ES;714.5
PE;669.9
MS;593.8
SP;455.2
BA;444.6
AC;402.3
PA;681.8
MG;742.8
GO;694.6
PB;642.6
DF;591.8
SE;410.7
ES;
CE;437.0
CE;433.7
ES;548.0
SP;
AM;
DF;394.0
RS;412.7
RJ;572.9
RJ;631.0
BA;550.7
SP;678.2
RN;528.8
CE;458.3
SP;
BA;490.3
CE;
MG;639.9
BA;
PB;546.3
BA;487.1
MG;664.3
BA;643.2
CE;452.9
PE;
CE;618.4
MG;781.4
CE;
PE;526.2
MG;566.9
SE;404.3
GO;591.5
RN;511.5
MG;434.6
PR;791.5
SP;587.1
PE;404.7
CE;
RJ;502.9
CE;479.4
SP;
AM;388.4
PR;382.1
SP;415.6
RJ;812.4
RJ;495.0
ES;432.4
SP;690.0
SP;403.9
CE;398.8
RJ;609.3
RJ;608.6
MA;518.4
MT;551.5
SP;721.1
PE;416.3
PB;
AL;
GO;
GO;591.8
PR;
GO;628.6
CE;641.6
PR;
SP;657.7
PA;443.7
PI;495.2
PE;389.9
SP;406.2
SP;417.2
SE;403.7
AP;582.9
AL;450.1
PI;802.9
AM;759.6
PA;
CE;407.5
PB;407.7
SP;528.1
CE;
PR;546.3
MG;
PR;427.1
SP;694.2
ES;627.9
PA;484.3
GO;
PI;582.2
SP;437.3
BA;676.2
MA;464.2
BA;698.4
MG;799.4
RJ;539.5
MG;523.0
PA;
CE;418.3
GO;430.3
GO;
PE;
MG;677.3
SC;773.6
PI;745.3
DF;515.7
RR;453.2
MS;675.4
PA;620.8
RS;
MA;547.2
RN;403.1
PE;405.4
BA;587.7
GO;461.5
PE;436.6
RJ;
GO;
CE;416.8
PR;364.1
PE;472.4
DF;454.5
SP;725.5
PE;520.3
CE;660.8
MT;732.5
RJ;455.6
PR;695.5
RJ;595.2
SP;530.0
BA;
RJ;573.5
RS;477.5
RN;
MA;474.2
AC;579.4
CE;
ES;454.3
RS;
CE;565.1
SE;620.5
SP;596.6
SP;490.1
SP;387.8
CE;531.9
PI;435.9
MG;
SP;599.0
PE;
SP;412.2
BA;380.5
PA;
PE;417.6
MA;511.8
RS;466.5
SP;434.5
MG;518.8
CE;741.8
PE;399.6
GO;
RJ;667.4
MT;
PE;
GO;447.3
CE;408.1
PI;560.3
PA;
AL;385.1
RS;380.0
GO;432.2
RS;530.9
RJ;514.2
RS;
RJ;575.8
MG;657.4
MG;605.5
SP;503.7
PB;470.8
GO;
PE;381.6
MA;624.8
MG;516.2
BA;567.7
CE;458.3
SP;643.5
AM;
CE;
SP;587.9
MA;551.9
CE;
CE;524.8
ES;663.8
MG;
AC;469.2
DF;363.5
GO;
CE;503.7
ES;
PE;434.0
MG;392.9
SE;389.1
PR;
GO;447.2
MT;562.2
MT;
DF;639.3
CE;431.1
AM;
RJ;571.5
MG;920.0
PE;518.0
BA;431.9
AM;536.6
PB;394.4
SC;475.1
SP;562.4
GO;606.0
CE;555.9
GO;467.4
AL;690.7
AM;
SP;695.5
BA;
MA;434.7
PR;663.3
GO;534.1
RS;520.9
GO;
BA;581.5
GO;422.8
CE;370.8
SP;
SE;408.3
BA;635.0
RJ;
GO;489.8
ES;
MA;421.2
RO;
BA;544.2
RJ;
SP;557.0
GO;393.5
CE;486.9
PE;413.6
MS;552.9
RJ;
PR;626.9
PB;474.6
BA;
MA;747.9
SE;718.1
GO;439.5
CE;697.5
ES;387.7
MT;
AL;
PA;513.6
GO;432.9
SP;402.9
RN;
BA;
CE;618.6
RJ;
GO;692.8
GO;642.7
AC;606.8
MG;
SE;607.9
SP;695.9
MT;
GO;620.0
CE;497.9
PI;
ES;
GO;686.5
SP;618.7
SP;
RS;755.6
PE;465.8
RJ;507.0
RJ;490.0
ES;441.1
GO;
PI;
PE;
PA;440.6
MA;572.2
SP;746.9
GO;490.4
PA;543.8
BA;538.8
RJ;
GO;730.4
CE;389.9
MG;
MG;665.0
BA;465.5
GO;614.0
SP;
SP;526.3
PA;478.5
MG;
RJ;459.8
RJ;
SP;
RJ;434.4
BA;589.6
MG;727.6
MG;
MG;672.5
SP;
PB;436.8
MT;
SP;441.2
SP;564.1
AM;
SE;
GO;442.7
RS;400.9
PA;542.0
SP;636.3
GO;792.2
CE;447.7
PE;
MG;
MA;439.1
MG;658.0
CE;
PI;531.1
PA;
ES;376.6
BA;648.8
PB;
BA;424.5
CE;
CE;561.4
CE;627.8
PI;402.9
SP;
PA;652.6
PE;474.9
MA;527.4
AL;471.3
SP;446.6
BA;
BA;509.3
BA;472.0
BA;803.6
BA;461.9
CE;626.9
RS;481.8
RJ;
CE;521.8
PI;748.1
AP;360.4
GO;571.0
MG;423.7
SP;437.0
MG;449.9
SP;703.7
GO;
BA;517.5
RJ;673.5
GO;
CE;
MG;418.3
MG;611.8
CE;
MG;717.3
CE;457.0
PB;630.3
CE;
PE;
RS;495.0
RS;654.7
MT;642.1
CE;665.6
SP;505.7
ES;481.6
ES;703.0
SE;454.2
BA;
MG;594.8
GO;607.7
MG;558.9
PE;562.9
DF;700.1
CE;393.8
PR;
MG;460.0
PE;
PE;540.7
RJ;483.1
SC;494.4
GO;
MA;467.5
SP;460.3
SP;596.6
MG;481.4
GO;557.2
ES;635.4
MG;519.1
MG;401.4
MG;631.1
PE;422.6
PE;646.4
GO;608.4
MG;425.3
RJ;506.5
ES;493.4
BA;455.9
MG;719.0
CE;598.9
MG;408.0
MA;
SE;
CE;
MA;529.4
PE;712.0
SP;798.2
PA;544.9
MG;
CE;414.7
RJ;483.5
MG;624.1
PE;378.8
GO;610.8
PA;512.1
CE;684.1
BA;381.8
PA;596.0
CE;
PB;610.1
PI;
SE;382.7
RN;497.6
ES;579.7
SP;417.6
SP;634.6
BA;613.9
MS;632.3
CE;602.6
CE;498.3
PB;383.2
PI;475.1
PB;
PR;655.8
RJ;442.5
PR;682.4
CE;433.5
PE;402.7
MG;678.5
MA;408.6
PR;
PE;
PE;591.1
CE;400.1
RJ;771.1
RJ;544.2
PI;444.4
MG;609.6
RS;
CE;447.0
RJ;546.6
MG;560.3
SP;598.3
MG;405.5
ES;394.5
CE;
SP;425.0
SP;678.4
BA;433.6
PB;670.0
BA;456.1
PE;448.7
MG;772.4
CE;691.7
MG;814.9
MG;435.3
SP;701.3
CE;587.5
PA;413.4
SP;437.4
SP;700.6
RN;558.1
CE;451.5
CE;383.3
PR;774.3
RN;440.9
MG;642.1
CE;437.5
PA;485.0
BA;773.8
PR;539.0
MT;477.5
AL;445.1
GO;
MG;521.4
MT;555.4
CE;674.5
GO;462.4
GO;
MG;748.0
MA;479.2
SP;516.3
CE;441.0
MA;450.1
AL;719.8
GO;438.8
MG;439.7
PE;552.2
MG;541.8
BA;604.7
CE;
CE;411.6
PE;445.1
MG;
CE;695.2
PE;495.1
PR;404.9
MG;484.2
MG;668.6
PI;417.2
GO;
CE;391.9
SC;475.7
SP;
SP;644.3
RJ;395.9
BA;
PI;425.3
RJ;575.1
RJ;
DF;
GO;522.6
SP;574.7
RJ;444.7
GO;
PA;511.4
SP;657.4
RJ;532.7
GO;631.3
GO;
GO;406.8
PE;770.8
BA;445.3
BA;
RJ;
SC;563.6
MA;
PB;455.9
CE;652.9
BA;413.1
PR;587.7
RJ;508.4
MA;441.0
SP;
CE;
PI;746.2
PI;588.4
ES;386.1
PR;429.4
SP;
AL;542.0
MG;634.8
RN;428.9
SE;
PA;422.3
BA;505.1
MA;461.9
SP;
BA;555.9
CE;422.1
PB;752.2
PE;459.1
PA;483.1
SP;
BA;489.0
PE;
CE;
SP;595.9
SE;585.8
BA;454.8
DF;
SP;550.9
CE;
GO;627.9
GO;552.8
MG;708.6
ES;476.9
PA;736.9
GO;462.4
CE;
RJ;406.8
PI;446.8
PI;591.3
CE;565.2
PI;461.0
RO;550.6
PA;530.2
ES;
CE;443.5
SP;
CE;434.1
SP;668.3
RJ;
MG;725.8
PI;518.0
RN;514.5
RS;522.9
PA;439.0
DF;625.5
PI;862.1
CE;454.9
SP;532.7
CE;406.9
MA;573.8
MA;450.6
RN;436.5
CE;568.9
RJ;
RJ;572.2
CE;
GO;431.7
PI;442.4
RN;659.1
CE;
ES;562.2
MA;524.2
PI;563.8
CE;
MG;683.8
MG;577.6
MG;648.6
MA;448.8
RO;
CE;434.1
GO;386.5
PA;558.4
PB;657.1
TO;483.0
MG;702.2
BA;434.6
AL;435.4
BA;
SP;
SP;
BA;452.4
RJ;510.7
PE;482.2
CE;521.7
MA;491.3
MG;700.3
GO;465.0
RN;427.8
SE;570.5
GO;507.3
SP;589.3
CE;526.8
SP;
RJ;654.1
GO;
BA;438.1
PR;678.8
RJ;506.6
MG;797.8
PE;523.4
CE;402.3
CE;414.8
RJ;778.8
GO;385.2
PI;481.0
SE;746.6
MG;509.5
PR;436.1
SP;423.7
BA;374.6
PB;
MG;420.0
SE;719.0
GO;521.1
CE;448.2
BA;753.3
SP;541.2
SC;587.2
CE;524.2
MG;
GO;390.0
SC;555.4
PA;475.6
PR;650.8
PR;436.0
MS;720.4
CE;554.2
CE;468.2
GO;405.1
MA;479.6
RJ;
MG;681.9
PB;363.0
MG;629.8
SC;561.9
PR;437.8
MA;460.0
CE;478.1
SE;
SP;696.5
PR;632.0
PI;601.5
PE;441.2
SP;667.4
MG;
BA;450.4
ES;474.5
AL;595.3
SP;885.7
PI;378.6
BA;445.7
PE;377.4
MG;508.1
CE;562.2
RO;747.5
MA;353.8
DF;696.8
PE;399.7
MG;
PA;
PR;588.4
AL;733.3
RN;432.3
GO;
PR;455.0
SP;501.9
GO;428.1
CE;
PE;
SP;
CE;443.8
MA;
GO;
SE;833.3
PR;676.6
SP;655.1
ES;807.4
PA;641.6
GO;466.7
RS;635.7
PA;502.5
PI;384.0
MG;441.7
GO;552.3
MA;386.0
RJ;417.4
MG;427.5
SP;692.6
MG;560.3
PR;427.9
PR;
GO;423.8
MS;545.7
SP;
SE;431.2
CE;409.4
MG;584.0
MG;412.0
CE;421.6
SP;578.4
MG;709.8
SP;427.4
MA;659.5
BA;693.1
PA;421.9
SE;595.1
PB;741.4
SP;446.9
GO;
ES;609.4
SP;610.5
CE;411.8
PE;693.6
CE;569.1
PE;739.6
PE;553.2
MG;617.2
SE;505.8
SP;442.8
CE;424.0
AL;508.0
MA;440.1
MG;
SC;616.7
RJ;572.1
CE;
PE;689.4
SP;579.0
SP;
BA;688.8
RS;412.8
SC;427.9
CE;410.0
PB;401.1
PR;
CE;685.8
RJ;
CE;589.9
MA;682.9
CE;490.3
MG;779.6
SP;
SP;648.9
ES;
SP;791.3
CE;
MG;452.0
PR;737.4
BA;
PI;
BA;450.6
BA;439.5
MA;505.0
GO;
GO;391.4
SC;491.2
MT;
RJ;
MA;520.1
BA;393.9
CE;
GO;461.5
BA;
SP;672.9
BA;366.1
AM;403.0
SP;
MA;370.3
PR;411.2
PE;472.2
ES;679.0
AL;770.2
CE;602.0
CE;375.8
AL;585.7
PI;387.8
BA;
BA;703.2
CE;539.0
RS;710.2
MG;426.3
PA;444.5
GO;
SE;719.1
MA;528.5
MG;487.8
DF;
RJ;633.7
CE;
PE;694.8
RJ;468.1
CE;498.1
BA;389.3
PR;586.1
PI;651.7
RJ;540.4
MA;472.7
RJ;
GO;
CE;607.1
RJ;450.1
PA;496.4
SP;545.7
AL;506.6
MA;801.0
SP;
RN;484.4
RJ;425.9
CE;736.3
AM;529.7
SE;460.2
PE;561.5
BA;431.9
RS;493.8
PB;469.0
MG;427.4
MA;581.6
RS;498.6
GO;
PB;470.4
GO;
CE;613.7
AC;400.5
BA;
RJ;420.7
RJ;
RS;404.5
BA;465.2
BA;453.4
GO;467.4
RS;614.4
TO;394.8
GO;605.6
MG;694.4
MA;383.2
PE;
GO;477.4
CE;748.0
CE;382.3
BA;554.4
PE;685.5
PA;
RJ;703.9
MA;
GO;520.7
DF;576.6
PI;431.7
PA;
CE;
BA;695.0
PR;
BA;484.5
ES;437.8
AL;430.4
SP;
RJ;491.4
PR;450.9
PE;437.8
MG;468.0
SE;538.4
CE;535.2
PI;827.5
PE;604.8
GO;441.7
PB;
CE;413.8
BA;415.6
MA;
PA;402.7
CE;619.2
GO;485.0
BA;607.1
PR;
GO;
ES;
MA;
PA;480.5
RS;596.2
MA;520.9
CE;535.4
SP;401.8
PB;420.0
SP;585.8
RS;369.9
MG;473.8
SP;694.1
CE;515.5
RO;551.9
BA;
RJ;492.9
SC;399.3
MA;
GO;493.7
PE;405.3
PA;
PE;489.9
BA;499.2
AC;460.0
GO;403.3
MA;494.3
MA;504.1
SP;605.2
SP;
SP;423.9
SP;635.0
PB;585.1
CE;
RN;
PB;431.2
CE;
CE;488.1
MA;434.4
PE;521.6
MA;419.9
PA;700.4
SC;746.9
DF;394.0
MG;777.2
RS;621.9
PR;481.7
RS;589.9
PB;386.6
PR;
PE;476.7
PE;690.8
BA;435.2
DF;538.4
GO;421.4
PR;459.9
PB;
BA;
CE;
MA;553.1
MG;473.7
ES;377.6
MA;480.9
RN;474.5
CE;567.5
PI;
MG;
CE;520.3
CE;505.2
CE;
RS;478.3
PR;430.7
SP;436.9
PE;496.6
MG;
PE;482.5
MS;
BA;470.5
RS;680.0
GO;
MA;
MT;533.8
CE;
AL;
SP;729.6
PE;
BA;538.9
GO;455.8
MG;688.9
SC;
PR;651.7
CE;
PB;672.0
MG;554.9
PE;457.5
PE;
BA;373.7
MG;785.0
RJ;464.2
BA;460.2
MS;412.4
BA;431.0
CE;415.6
GO;489.6
MG;646.7
PI;547.3
SC;533.6
ES;
RS;505.5
PB;419.8
BA;394.1
MG;
BA;654.5
AP;449.4
MG;710.6
SP;
MA;572.2
RJ;564.8
PE;471.2
BA;415.3
MG;543.8
GO;
GO;613.4
MA;465.1
PA;
MG;399.2
SP;518.1
AL;450.6
PE;
SE;426.6
RN;
SP;527.9
MG;758.3
PA;399.5
SP;442.4
RJ;
PA;
BA;
SP;709.0
AP;391.8
GO;442.2
AP;469.1
GO;
SP;630.1
MA;456.3
SP;563.8
PA;
PI;513.2
SP;635.7
CE;457.4
SP;
PR;
SP;753.8
PR;427.1
BA;375.9
GO;549.4
MG;
MA;403.1
MA;702.6
SE;538.4
BA;631.5
PE;430.4
MA;474.2
CE;
GO;
RN;377.1
CE;568.9
PB;
PB;440.9
PA;477.4
GO;
MG;
BA;434.4
PB;369.9
SP;617.1
CE;459.7
RJ;495.6
MA;619.6
PB;373.4
AM;
RS;636.7
RJ;639.7
SP;479.6
SC;690.6
AL;792.9
PA;561.2
CE;414.9
PA;584.1
RJ;
PB;570.2
PA;405.7
BA;528.6
SC;566.5
CE;
PA;392.6
AC;506.4
RJ;
PB;595.6
PE;438.9
SP;
CE;
MG;
CE;424.8
PA;569.9
PI;518.9
SP;641.9
GO;542.3
RJ;601.2
RJ;545.5
PE;518.8
MG;397.7
PE;
SP;484.0
RN;770.7
ES;455.7
BA;427.4
PA;382.1
PR;
RN;467.3
BA;448.2
PI;434.3
CE;623.1
AL;
PA;491.1
CE;
SP;
GO;
MA;
PA;457.9
SP;555.1
BA;
AL;448.1
PA;444.2
BA;477.4
PI;552.8
GO;626.9
PE;
MT;618.1
MG;638.9
GO;
RJ;
ES;458.7
MA;517.9
MG;
PE;
CE;695.2
CE;408.1
PE;530.1
RN;
PE;495.2
SP;457.6
RN;719.4
RN;394.4
GO;712.3
BA;593.3
SP;574.7
BA;
MG;
MG;500.4
SE;470.2
PB;
SP;564.3
SP;515.8
BA;491.0
GO;637.4
PA;
RJ;
ES;532.4
PE;622.2
PR;429.6
SE;389.7
SP;
GO;
BA;541.3
PE;403.3
MG;468.4
RN;398.0
BA;435.0
RS;760.8
PI;
PE;428.8
AL;500.7
ES;596.5
BA;382.7
CE;581.7
RS;416.5
CE;
SP;705.8
MG;540.3
SP;471.2
CE;
PB;427.2
PR;360.4
GO;
SP;676.2
CE;
GO;513.0
MG;683.4
CE;593.3
CE;516.4
CE;465.1
ES;447.7
PE;665.7
SP;570.4
MG;
TO;
GO;582.9
MG;609.4
CE;379.6
CE;528.8
RS;558.4
SP;
AM;633.4
MG;400.3
PE;
RS;
MG;
RN;496.8
MG;426.4
RS;479.2
CE;
CE;735.7
BA;605.9
RN;
MG;
BA;433.1
BA;412.3
MG;
PR;598.2
CE;423.4
CE;
SP;572.4
CE;476.4
CE;
AM;461.2
BA;654.8
BA;653.0
BA;
ES;426.0
PI;
PE;615.5
SP;
BA;519.8
MG;
GO;404.0
BA;389.7
RJ;473.9
RJ;693.6
SC;769.0
MG;461.9
PA;535.0
RN;576.9
DF;388.2
MG;
AM;771.8
MG;681.2
PE;416.5
MG;581.0
MG;668.8
CE;464.3
SP;596.6
RN;497.2
RJ;431.6
SP;
MG;511.7
CE;374.8
MA;548.3
SP;749.8
GO;404.3
MG;621.6
PE;477.2
PR;581.7
BA;538.7
CE;481.4
SP;648.0
CE;
PE;767.3
GO;
GO;388.6
CE;640.9
GO;
ES;467.8
MG;652.2
RJ;619.6
CE;507.3
GO;427.7
MA;765.4
ES;451.5
MS;434.7
PR;430.6
CE;
CE;608.8
BA;496.1
SE;
CE;411.9
ES;391.9
CE;496.9
BA;480.4
BA;634.6
CE;
BA;437.9
DF;494.0
CE;391.5
BA;
MG;644.2
PA;389.5
CE;603.3
CE;421.9
BA;424.8
RJ;661.3
RJ;560.8
MG;
SP;529.8
TO;523.9
GO;441.4
SP;606.7
GO;428.1
SP;369.7
AL;392.0
RJ;
PR;703.6
PI;567.3
GO;725.5
BA;
MA;656.0
GO;422.2
PB;454.2
CE;454.6
PE;552.4
TO;422.4
BA;627.0
MA;478.5
SE;403.4
PB;593.9
BA;537.2
MG;462.0
RJ;
BA;456.9
PR;588.1
MG;608.6
PI;398.7
MG;676.3
RN;676.4
BA;370.4
CE;439.9
BA;457.4
SP;554.3
PB;404.3
SP;558.5
MG;431.4
DF;600.5
PA;515.9
AL;433.3
PE;433.0
AL;467.2
SE;
PR;725.1
SP;513.6
PE;
AM;
CE;681.9
PB;568.0
BA;730.7
PB;478.8
GO;451.6
BA;396.3
PA;
RN;
BA;448.8
MG;651.3
SP;563.2
CE;
RJ;
SC;644.7
RJ;591.8
PB;400.1
SE;488.7
GO;
MG;
BA;389.9
DF;471.1
SP;
CE;403.8
RO;434.0
DF;886.3
PA;532.4
SP;428.0
SC;445.8
SP;770.4
CE;512.1
PA;604.4
AL;626.9
GO;394.3
MG;
PE;
BA;458.9
CE;373.1
PA;483.5
BA;458.0
MG;
MG;367.6
GO;495.1
RJ;612.4
DF;852.2
CE;665.6
PE;415.4
SE;423.7
MA;
SP;518.7
PA;460.6
AL;564.3
BA;465.0
AL;408.0
PB;738.0
BA;413.8
PI;604.3
PR;368.1
MS;650.6
MA;541.6
SP;704.7
SC;538.0
BA;646.4
BA;717.1
RJ;688.9
CE;
MG;450.7
MA;430.2
BA;417.3
SP;490.6
MA;678.5
MA;696.3
BA;445.1
PA;370.8
PA;
SP;535.2
RJ;488.4
PE;603.3
MG;728.9
BA;
CE;419.0
GO;449.9
BA;424.5
BA;515.6
RN;456.4
BA;
PR;493.1
RO;
SP;
RN;378.4
MG;
AL;720.4
BA;550.4
PA;
PE;663.4
ES;727.8
PI;484.1
SP;460.0
MG;679.2
RN;626.5
CE;409.4
CE;540.7
MA;593.9
MA;467.8
MA;
SP;760.3
ES;629.4
PR;
GO;445.3
PB;704.0
SP;
BA;506.8
PE;480.5
PI;485.7
MG;750.1
MG;621.1
RJ;498.5
RJ;618.3
BA;
PA;398.7
BA;407.0
PB;
CE;497.1
PI;
CE;428.8
BA;686.7
SP;543.6
MA;453.8
PB;610.2
MG;523.3
GO;442.2
AM;379.0
PB;420.5
MG;566.4
CE;425.4
BA;648.6
SP;481.6
RN;519.0
BA;
BA;
RJ;687.3
DF;584.6
TO;
PI;773.7
RN;417.9
BA;519.3
SP;619.6
MG;458.2
SP;
AP;408.7
RO;
PE;657.1
RN;683.6
SP;745.4
BA;504.8
CE;381.6
PE;397.4
RJ;676.8
RN;459.1
MG;572.4
RJ;655.4
DF;675.6
PA;
CE;759.7
GO;382.4
PR;455.2
SP;561.8
MG;611.2
RS;740.3
SP;479.6
ES;597.8
AM;494.9
RJ;422.1
PE;442.2
SC;723.2
BA;
PI;493.0
PR;727.8
AP;401.4
GO;442.6
TO;673.6
PE;461.1
MT;520.9
MS;
MG;589.0
RS;674.4
MG;
BA;576.7
PB;414.0
AL;618.2
MA;456.2
PB;674.1
MG;456.8
MA;429.2
GO;763.6
RJ;692.5
SP;513.4
CE;
BA;610.2
PR;603.3
SP;539.2
BA;369.6
MG;
MG;409.5
SP;618.3
PR;
GO;
SP;567.0
SP;
SC;389.9
MG;724.6
PA;551.8
BA;627.3
RJ;
MS;
RS;508.4
RJ;579.3
RJ;521.6
PI;586.4
DF;421.5
GO;538.4
PE;529.3
BA;424.7
GO;
RJ;
RS;414.6
CE;
RJ;
RN;562.8
CE;506.4
MT;696.5
RJ;
SP;730.0
MT;
BA;451.4
PE;640.8
SP;665.0
CE;404.8
SP;
AP;446.4
GO;458.1
CE;461.0
CE;427.3
ES;607.9
SP;696.4
BA;687.0
RJ;363.3
SC;435.6
SC;
RJ;513.5
CE;398.8
CE;427.0
SP;
PB;
CE;538.6
PR;525.8
AL;
MA;443.3
RJ;599.9
GO;495.6
CE;423.7
SP;630.1
MG;744.9
RJ;480.6
RJ;405.5
SP;
MG;
SE;571.7
MT;755.5
PA;416.4
GO;423.5
PR;
RS;626.8
CE;570.3
BA;666.1
SP;686.8
MG;485.7
GO;
SP;754.0
PE;440.3
BA;795.2
BA;
PA;466.5
PE;439.6
RN;691.0
TO;587.9
MS;393.8
MG;353.8
MG;444.8
RJ;515.7
SP;842.0
SP;
RJ;465.1
TO;
MG;508.3
PR;
PI;572.0
CE;408.0
SP;595.4
SP;
PB;500.0
TO;392.1
PI;459.1
PR;556.0
MG;741.4
MG;498.3
BA;598.0
CE;
AC;
SP;490.8
CE;636.1
MS;751.9
AL;424.4
MG;501.3
MT;514.7
PB;466.8
MA;438.5
RJ;
PB;460.9
CE;700.0
BA;418.8
PB;684.3
SP;471.1
PE;725.5
SC;673.2
BA;520.3
MG;708.7
CE;
PA;456.0
MG;518.6
CE;449.2
PB;486.4
PA;
MS;508.3
PA;420.6
GO;662.3
GO;418.0
CE;426.0
PI;443.2
BA;464.4
MG;578.5
PB;514.1
DF;464.8
MG;
RS;604.6
BA;408.6
CE;536.5
PE;
MG;529.7
SP;647.2
AL;421.0
SP;
PA;
SP;526.0
PE;556.2
DF;
BA;618.2
PI;750.9
PI;453.8
SC;673.1
TO;417.9
AL;433.5
PB;663.7
CE;371.3
MA;468.6
SP;452.6
SP;677.4
GO;693.5
ES;407.4
PB;704.1
MG;541.8
SE;396.1
CE;484.9
PE;590.7
TO;671.5
BA;
ES;518.4
CE;
RS;363.4
PR;457.2
MA;473.6
CE;493.7
BA;
GO;421.0
RN;745.5
PE;
SP;
DF;532.1
MA;
SP;756.9
CE;
MG;496.9
BA;384.4
SP;544.0
CE;375.1
RJ;
RS;496.1
PI;396.3
GO;603.0
BA;636.8
CE;
DF;515.9
CE;507.8
RJ;396.0
RJ;
MG;483.8
CE;441.8
RJ;474.6
PB;
BA;474.7
GO;
SC;597.4
BA;
SP;434.5
PI;475.9
CE;542.0
SC;
CE;
BA;673.1
MT;454.0
PE;387.8
PA;479.0
SP;442.8
RJ;475.5
MA;448.2
PB;431.2
SP;495.2
CE;
CE;629.3
SP;375.1
CE;431.2
AL;448.8
BA;
CE;743.4
PI;878.1
RS;
RJ;
BA;
SP;
PR;
CE;483.3
SE;642.9
SP;527.2
PE;561.1
DF;547.8
BA;441.2
MA;
SP;
CE;701.9
AL;726.0
CE;479.6
SP;471.5
PE;643.1
PA;710.6
MG;365.9
CE;538.0
MG;686.9
PB;435.2
SC;611.2
SP;578.1
PA;436.7
ES;435.3
RJ;
PI;727.9
SP;668.7
RS;832.9
BA;470.6
CE;658.6
AP;536.4
MT;572.7
CE;493.7
PR;685.1
MG;744.4
PA;715.8
PI;504.2
BA;517.7
AL;590.4
PE;593.2
RN;700.9
BA;518.2
BA;506.0
SP;
CE;512.6
MG;704.6
PA;440.4
PA;689.3
CE;450.7
PE;475.8
CE;511.7
PA;588.2
RJ;
GO;
MA;441.4
PB;744.6
PI;426.5
RS;
MA;452.6
CE;384.3
RS;492.5
CE;666.4
PB;414.8
RJ;401.1
MG;
SP;
MG;
GO;648.4
SC;661.0
CE;458.5
CE;622.6
SC;591.6
RJ;548.8
MG;609.8
PB;461.2
RJ;582.3
ES;556.0
SC;486.2
SE;506.7
CE;472.1
AM;535.3
RJ;
MG;467.4
CE;605.5
RN;687.6
CE;518.7
RJ;650.3
SP;654.5
BA;694.5
PB;653.3
SP;532.3
ES;461.3
MA;449.9
PE;708.7
GO;574.1
PR;534.4
BA;
GO;
PA;536.2
RN;413.7
PI;457.1
RJ;540.0
PB;680.5
MA;
RR;537.9
DF;
SP;482.0
PI;414.8
ES;
RN;531.5
SP;667.9
SP;537.0
BA;611.2
PE;475.2
PA;466.3
PB;447.1
PE;
MG;536.8
RS;
PB;
DF;729.1
SC;463.5
CE;625.9
RN;594.6
CE;504.0
PA;
BA;679.7
AC;416.4
AC;436.2
RN;827.0
PB;
PA;401.0
CE;630.4
SP;502.0
SP;668.1
CE;606.0
PR;
SP;417.9
TO;
PB;731.2
SP;592.8
RS;512.7
PA;581.8
RS;409.3
AM;
PR;559.7
GO;
CE;415.9
RJ;585.2
BA;
MG;569.5
DF;737.4
RJ;692.3
PA;398.8
BA;660.6
MG;
TO;
RJ;704.5
BA;452.0
BA;577.9
BA;465.1
CE;709.7
BA;632.4
MA;401.6
SP;699.2
MG;413.3
DF;428.9
MG;653.7
PB;781.6
BA;509.8
MA;416.8
BA;466.1
SP;518.5
BA;483.7
PA;481.4
CE;
SE;384.2
PE;415.9
MG;448.8
BA;517.2
MA;436.9
PR;665.1
DF;616.3
GO;664.1
TO;
SP;613.4
MG;
RJ;834.7
CE;508.8
MG;
SP;719.3
MG;602.7
BA;
MS;518.7
MG;427.8
PE;447.0
RJ;403.1
TO;
PB;769.1
PA;606.7
PA;569.0
MG;577.7
SE;638.3
AL;361.5
PE;447.2
ES;676.7
MG;456.6
MA;763.9
SP;
RJ;768.7
MG;570.5
GO;
BA;681.9
MA;371.4
CE;
SP;
PR;569.7
BA;
PR;
BA;462.4
MG;666.1
CE;723.5
MA;606.2
SP;558.1
AM;449.5
SP;519.5
RJ;543.3
BA;462.6
SP;574.9
BA;525.2
SC;
CE;437.5
BA;517.0
TO;369.1
RJ;691.7
RN;578.7
BA;
DF;475.1
ES;639.8
SP;
MA;460.2
MG;696.6
AL;
RO;505.6
CE;568.4
GO;583.2
SP;
MG;470.1
MA;620.1
CE;733.4
GO;442.1
AM;511.2
RJ;587.2
MG;
BA;448.3
SP;410.4
BA;591.9
BA;579.0
MG;624.8
GO;
RS;
MA;456.3
PI;496.0
AL;504.4
PE;436.2
GO;483.7
CE;
BA;494.4
AL;533.2
PA;387.7
MA;467.7
PA;414.2
PA;403.8
MA;
SP;605.7
DF;
PE;494.2
SP;539.0
SE;444.8
GO;
SP;
RN;589.7
RJ;538.5
BA;486.4
GO;559.5
PB;577.5
BA;742.9
ES;516.0
GO;409.4
ES;664.5
MG;388.5
MG;558.7
GO;
RJ;631.0
SP;732.7
SP;
CE;695.6
MS;436.2
PI;
BA;509.1
RS;426.7
CE;
CE;464.1
ES;614.1
PI;519.2
AL;519.0
PA;399.2
SP;605.0
RR;611.2
SP;
PI;439.4
SE;469.9
GO;410.2
MG;677.8
CE;560.1
CE;
CE;459.2
CE;529.1
RJ;632.9
MG;623.4
SP;632.8
CE;451.6
PR;529.9
TO;
BA;748.3
SE;464.0
CE;
SP;526.2
PE;430.4
BA;619.0
MA;708.4
MA;376.2
MG;438.4
CE;418.5
PE;742.5
PE;580.1
SC;691.4
CE;601.5
GO;
MA;499.2
RJ;601.9
PA;418.0
SC;602.8
SP;484.3
GO;442.1
CE;450.2
BA;395.1
MG;650.9
PE;812.9
CE;
DF;948.8
CE;678.0
MG;750.0
SP;467.7
RJ;
ES;493.9
MG;
CE;519.0
CE;624.4
AC;373.1
BA;
CE;603.3
PE;800.3
SP;399.2
PA;385.1
SC;657.1
SP;700.9
SP;
MA;435.4
PE;665.9
AM;389.7
CE;422.7
MA;602.0
RJ;393.6
CE;431.9
ES;581.2
RJ;442.2
MG;605.1
GO;
GO;484.3
PI;454.4
BA;387.7
AP;388.8
CE;592.3
GO;
MG;665.7
PA;443.9
PB;434.1
RS;
MG;616.7
SP;496.5
BA;522.3
CE;469.4
MG;
AM;
RN;543.2
ES;401.1
SP;729.5
PE;638.9
SP;
MA;480.7
PE;486.3
GO;394.6
PE;394.4
MA;
RO;522.2
CE;426.8
PB;
GO;372.1
GO;566.2
MG;590.9
BA;590.8
SP;639.9
MA;692.2
GO;483.7
PE;667.9
BA;485.0
DF;557.0
SE;645.0
MG;455.6
MG;600.4
PE;
MG;693.6
PA;498.2
PE;415.1
RJ;665.0
BA;381.4
CE;
MG;566.6
BA;618.5
CE;532.2
MG;541.5
GO;397.9
RS;688.9
GO;417.4
RN;
RO;651.2
SC;716.8
BA;406.9
TO;487.3
CE;396.3
SP;
PE;605.4
MT;558.1
GO;436.5
SP;504.0
SC;571.9
CE;
CE;
SP;
SP;
CE;424.3
RJ;498.8
PA;591.3
PI;447.5
MA;446.2
SC;687.4
DF;596.8
CE;401.0
PB;
AM;618.8
RJ;687.5
MG;755.7
PE;445.7
RN;
PB;388.8
RN;728.1
SP;
BA;603.1
PA;
PA;432.8
PE;
SE;492.9
GO;442.3
RS;
MS;681.0
RJ;459.9
GO;
BA;
CE;
RS;413.0
ES;764.8
CE;627.1
CE;425.5
PE;724.8
AL;
BA;552.8
CE;
CE;711.5
SP;455.8
MA;462.3
CE;594.4
AM;564.7
CE;414.5
SP;593.6
ES;459.5
MG;628.9
MA;682.6
SP;672.9
RS;
MG;577.6
PI;484.4
RJ;500.5
SP;649.9
SP;
MG;606.0
RO;530.3
TO;431.3
RN;595.1
RJ;461.4
RS;
ES;370.4
PB;397.0
MG;643.0
BA;609.4
SE;520.3
GO;
GO;605.8
SC;
MG;418.2
SP;878.1
PB;501.7
MG;564.3
CE;544.8
CE;589.2
RJ;399.5
GO;777.5
PR;517.8
RJ;
BA;692.3
PE;428.8
CE;
PA;
ES;502.2
PB;405.3
PA;
BA;495.0
GO;477.4
AL;565.8
MG;402.0
CE;
RS;583.2
MG;617.9
CE;607.7
SP;577.1
GO;
SP;644.8
RS;
RJ;
GO;552.6
MG;400.7
PI;424.1
GO;434.7
BA;656.5
AL;
ES;617.5
SP;
RN;
MA;363.9
PE;
PB;405.1
MT;534.1
PR;455.4
GO;623.9
BA;430.4
PE;473.3
SE;534.9
RS;394.8
PE;506.9
PA;534.2
RJ;533.1
PE;383.5
SP;454.5
BA;583.6
BA;
RS;749.4
CE;484.2
GO;
SP;603.0
DF;676.3
MA;472.6
PR;601.8
SP;661.2
MA;
PE;503.7
PE;
GO;461.4
BA;692.0
BA;479.9
RJ;
PE;593.3
MT;588.2
MG;740.2
PI;
SP;664.8
GO;
GO;613.0
GO;
PE;509.0
CE;426.8
MG;580.2
MG;425.5
ES;
GO;479.4
GO;565.8
SP;692.3
PE;763.8
MT;
SP;711.8
PI;
SE;445.2
MG;576.0
MG;
BA;660.1
AP;518.3
RN;647.8
MG;
PE;
PI;650.6
MS;585.4
BA;623.6
PR;595.6
RJ;703.8
MT;
CE;453.3
MA;571.3
CE;423.3
RJ;544.2
PA;
MG;478.9
GO;436.2
RS;627.8
SP;
SP;624.4
CE;449.5
CE;550.0
TO;
PE;440.1
SP;650.2
BA;377.0
SP;681.7
CE;373.4
RJ;705.1
CE;
PR;689.7
ES;564.7
GO;417.4
SP;585.4
BA;872.6
RJ;699.8
GO;
MT;614.0
CE;427.9
MG;712.6
RJ;647.8
SC;577.2
PA;375.0
CE;390.3
CE;
RN;458.2
PR;586.5
RN;568.0
MT;495.5
PA;421.3
RN;544.3
MG;410.6
PE;487.9
RJ;
MG;431.1
CE;450.0
RS;445.8
RO;436.4
RJ;406.3
MG;630.7
MA;477.7
PA;722.1
RJ;609.9
CE;
SP;555.2
PI;656.0
PE;624.9
SC;
MA;
CE;385.2
CE;506.6
PR;525.3
PR;
CE;630.1
MT;520.8
SP;640.7
TO;
RJ;661.5
MG;485.7
ES;411.6
MT;596.9
PB;493.0
CE;413.7
MG;435.6
MS;545.9
SC;763.9
PI;593.7
PE;510.5
SP;629.3
SP;508.1
GO;740.2
CE;664.3
PE;861.3
PR;
SC;
PE;373.5
TO;537.0
SP;
CE;454.8
RJ;473.1
RN;422.6
RJ;795.7
BA;474.9
SP;
RJ;687.5
MA;431.1
PE;503.9
GO;450.6
PI;433.9
MG;513.2
CE;361.9
MA;466.2
TO;494.4
PB;
SP;495.8
DF;
DF;446.3
BA;642.6
SP;412.6
GO;588.3
SP;436.3
SP;728.1
MA;502.0
RN;603.5
PE;645.8
GO;460.7
GO;477.4
RS;589.3
RJ;735.9
SE;476.0
RJ;655.9
CE;416.0
RJ;728.5
PE;540.8
SP;367.5
RJ;372.0
AL;515.2
MA;400.1
CE;597.6
SP;
CE;537.1
CE;517.8
RJ;544.6
PE;657.6
BA;
MT;393.3
MG;
CE;554.7
SP;414.9
BA;415.7
PI;390.3
MS;474.8
SP;670.9
GO;618.7
RJ;
CE;430.2
PI;457.4
CE;560.8
PB;500.8
SP;
MA;
MG;595.0
MG;765.2
SP;
PB;408.8
SP;494.8
MG;560.3
PE;
SC;567.0
MG;
SP;661.0
SP;441.4
RS;637.8
PB;654.1
PE;539.9
BA;569.5
MG;542.6
BA;430.8
RS;558.3
SP;719.0
BA;640.3
BA;796.6
CE;484.1
RN;437.1
MA;541.9
DF;
CE;
BA;739.0
BA;
SE;
CE;
RJ;498.9
BA;389.0
CE;519.3
MG;621.4
PI;432.7
BA;661.5
MG;457.5
GO;715.4
CE;485.1
PE;422.1
SP;473.5
MT;620.2
PB;419.2
CE;500.1
SP;
RS;536.7
CE;501.2
RS;634.2
MG;600.9
PE;776.5
MG;445.3
CE;556.1
PA;368.7
RJ;386.6
MG;683.7
SE;450.8
CE;486.1
SP;456.5
CE;817.2
CE;442.2
RO;520.6
CE;552.7
AL;617.4
BA;659.4
SC;
SC;693.9
SP;
SP;446.1
AL;434.0
SP;
GO;408.1
ES;657.2
CE;
BA;610.0
PA;437.4
CE;493.1
MA;558.5
PR;717.2
PE;454.3
MG;579.8
CE;466.2
GO;487.8
RN;590.1
SP;493.0
SP;548.7
PE;476.1
PA;398.0
SP;
PE;588.6
RJ;708.6
PI;
MG;444.2
MA;491.2
DF;690.5
PI;503.4
GO;485.2
CE;646.2
RJ;622.2
MG;666.5
CE;546.5
PE;723.8
MG;523.6
CE;438.6
PI;
MA;418.5
DF;793.4
PA;670.8
SP;
PI;
RO;490.4
GO;518.0
PI;501.9
PE;684.4
CE;424.9
BA;
DF;
SE;
RS;403.2
SC;630.8
MG;424.7
CE;675.6
SP;770.1
MG;623.1
PR;
PA;408.8
MG;
MG;448.0
MG;432.4
SP;
BA;399.0
RJ;399.1
BA;644.7
RS;
SP;520.2
SP;443.9
TO;415.9
CE;517.9
SP;584.2
CE;
PB;394.4
MG;491.6
RJ;622.8
GO;
RJ;461.3
PE;
CE;
BA;
PE;623.0
CE;484.3
CE;
BA;523.4
PA;643.8
AM;
PA;393.4
PR;646.3
PE;
MG;753.0
MG;699.3
RS;461.5
GO;469.7
BA;396.4
RJ;
GO;
BA;
RJ;853.7
MG;
PB;552.2
RJ;455.6
MS;
CE;568.2
PB;553.1
CE;531.2
SP;402.0
CE;
GO;393.7
BA;596.8
PR;515.9
MG;584.6
SP;476.0
RN;689.0
PE;426.1
RJ;626.1
SP;471.5
PA;671.9
PB;529.6
SP;700.9
ES;
MG;579.4
MG;
PB;466.8
BA;
SP;596.6
AL;549.2
MS;474.6
PR;546.2
CE;
PR;473.9
BA;385.4
PI;371.3
MA;
PE;422.6
MA;
RJ;599.5
PE;398.4
ES;388.7
SC;577.2
PA;
BA;588.4
ES;646.2
PE;769.0
PI;
DF;619.1
AM;
PB;424.6
RN;499.1
MG;
PB;464.9
CE;528.9
RN;555.9
GO;464.9
RS;619.6
MT;608.4
RS;401.0
PA;
GO;
DF;568.2
CE;509.8
MT;
GO;515.2
RJ;447.8
RJ;444.6
SP;
PA;569.9
SP;
PB;444.0
PE;454.6
GO;
PE;617.8
PE;433.2
BA;
CE;
PI;377.7
BA;602.1
PE;670.1
PB;511.5
CE;402.7
CE;438.5
PE;536.7
CE;524.5
SP;872.3
PE;497.0
RN;
RJ;620.8
RS;591.3
CE;798.1
PA;
SC;
BA;458.6
CE;403.0
BA;448.3
SC;649.6
CE;770.9
BA;632.5
SP;497.5
MT;408.3
BA;478.7
PB;446.0
RJ;697.8
RJ;741.3
PI;395.7
CE;425.9
MA;
CE;416.1
RJ;672.5
GO;539.8
MA;496.1
AM;506.2
MG;488.1
GO;464.5
GO;
RN;599.5
PA;421.0
CE;451.3
MG;380.9
PA;567.5
PI;376.4
MG;
PR;863.5
CE;
AC;426.0
AL;677.8
GO;480.9
SP;
RJ;388.0
MG;561.9
GO;
MT;
RS;620.7
PA;604.1
GO;
MG;375.1
MT;431.0
SE;834.7
MT;553.8
PE;735.3
MG;630.1
MG;375.2
SP;435.0
SP;510.7
CE;647.1
AL;625.9
PR;569.1
BA;426.5
MA;
PB;386.7
RN;401.4
GO;509.7
GO;
PB;519.2
ES;686.1
SP;728.1
GO;434.4
RJ;460.6
GO;371.2
AM;630.7
BA;390.4
SC;562.1
PI;440.9
MG;
PR;644.4
PA;534.8
SP;
CE;618.7
CE;374.8
CE;603.1
PE;598.3
PE;848.0
GO;466.6
PE;475.1
PI;430.8
RJ;
RS;566.6
RN;491.2
RO;493.9
MG;650.6
AL;575.2
SP;404.8
PE;483.7
GO;455.9
PA;
BA;475.6
CE;581.0
PI;425.2
SE;
SP;743.0
GO;446.9
BA;374.3
SC;752.4
GO;539.0
PA;500.7
CE;415.0
MG;752.1
RN;642.5
PA;
SP;497.7
SP;657.5
BA;404.7
CE;625.3
BA;419.5
PE;531.6
GO;670.1
SP;641.9
PI;512.6
MA;
CE;614.0
RJ;596.8
PI;428.4
SP;473.4
ES;681.9
TO;568.4
SP;667.7
ES;
BA;495.1
PB;418.3
MG;418.3
CE;
GO;401.3
SP;534.5
RN;542.4
PE;593.5
AL;650.3
PR;529.9
ES;697.0
PB;414.3
AL;467.5
BA;683.1
GO;571.7
MA;667.4
SP;639.9
MA;
PA;
MG;443.9
AL;
CE;632.6
MS;408.7
MA;624.9
MA;439.4
BA;411.0
AM;
SP;671.6
RR;509.2
ES;794.6
CE;
RJ;
GO;387.5
MA;435.9
PA;668.7
PE;680.2
PR;519.4
CE;
ES;548.7
MA;423.7
GO;387.1
SP;671.6
GO;492.5
SP;516.7
MG;682.3
MT;671.4
CE;463.9
RJ;537.8
PA;503.1
DF;590.2
CE;671.7
GO;485.0
SP;682.9
SP;656.2
MG;617.8
PI;406.7
SE;665.2
MG;768.8
BA;445.0
PR;390.5
CE;458.0
MG;
PR;489.3
MA;416.1
GO;536.9
PR;604.2
SP;604.7
PA;429.0
CE;791.4
CE;453.3
PB;454.9
PR;532.8
DF;552.5
MG;507.7
CE;527.6
PR;
RJ;607.5
PI;
RN;694.5
BA;
PI;514.4
MG;
BA;430.2
MG;418.3
RO;602.0
MG;737.7
RN;742.9
MG;
GO;511.7
BA;491.3
PB;595.0
CE;
PA;387.5
PI;447.8
CE;
TO;515.8
CE;
MG;398.9
MA;414.1
GO;389.6
AL;609.2
PB;413.1
PB;
PA;408.1
PR;490.6
RN;
PB;586.1
PI;780.6
GO;
PE;
GO;640.9
SP;480.8
SE;581.1
RS;469.2
PB;
MT;424.0
BA;392.5
GO;
SC;724.2
CE;396.5
CE;620.0
MT;538.7
MG;421.6
CE;479.6
GO;470.4
RS;435.2
PB;691.0
GO;393.8
SP;
SP;466.6
BA;387.8
RJ;410.6
CE;
GO;594.6
PR;
GO;
MA;459.8
RJ;
CE;436.6
CE;
RN;445.8
TO;452.6
MA;585.7
MG;
GO;430.8
BA;412.0
PR;
CE;
TO;446.9
BA;615.4
PB;801.6
CE;504.8
MG;
MG;718.8
PE;790.5
CE;
MA;404.6
PE;
GO;558.0
SP;582.6
SE;767.5
CE;424.7
PR;
RS;452.5
CE;458.0
PA;560.0
MG;425.6
MG;612.6
MG;624.0
GO;439.3
RS;749.4
PA;
PA;432.9
PE;462.2
CE;605.0
MG;
MG;418.7
MG;740.6
SP;
MA;
MA;433.7
PA;418.0
MG;
CE;418.2
PB;
MS;787.2
PR;391.5
MT;425.6
CE;455.7
CE;436.5
GO;433.3
MA;
CE;475.3
RJ;802.7
SP;541.7
PB;474.4
SP;
PR;
RJ;722.6
GO;491.3
AL;471.4
SE;627.9
MG;570.9
MG;670.5
RN;458.9
PR;614.9
AL;420.2
BA;406.0
CE;
CE;475.0
PI;615.0
PR;607.3
RJ;593.3
BA;757.7
SP;674.8
GO;580.9
SP;697.6
SP;753.5
BA;
MA;395.3
PI;413.3
MG;538.0
RJ;407.2
DF;474.4
SC;611.0
SP;810.2
MG;
GO;
CE;739.6
PI;491.0
MG;583.8
RS;427.9
PB;449.5
PB;568.9
BA;444.2
MG;469.2
SP;
BA;412.7
MG;648.7
BA;559.6
RS;713.5
PA;489.9
GO;628.5
PE;538.8
ES;578.0
MG;
RJ;
SC;651.4
DF;421.4
RJ;683.6
SP;510.6
PI;530.3
PR;
BA;
ES;410.8
BA;589.7
MA;402.8
CE;
PR;459.0
CE;520.7
SP;
RJ;587.2
MG;642.4
MG;479.2
CE;534.4
CE;
MG;648.1
AM;
SC;444.4
RJ;
PA;635.2
RS;706.0
PA;518.1
RO;409.7
SP;
CE;525.9
MG;431.9
GO;418.6
PE;589.9
CE;
GO;461.0
BA;392.8
DF;538.2
SE;593.8
GO;490.6
GO;433.7
PR;565.7
PR;631.0
BA;641.4
PA;506.2
RJ;450.9
DF;703.8
GO;562.5
PA;597.8
PA;451.6
RN;480.4
CE;499.3
BA;707.4
PR;611.0
PA;497.9
CE;645.3
PE;
MS;
MA;603.2
PA;468.0
CE;431.8
PE;
AL;822.9
RN;662.7
PE;478.5
SP;550.1
MA;413.5
SP;533.5
CE;508.2
CE;455.1
SE;
PR;681.4
DF;493.5
SP;
MA;
DF;441.8
RS;
GO;
SE;508.8
PB;526.1
SP;
SP;463.4
CE;399.3
RJ;568.2
SP;620.3
GO;552.0
BA;705.6
CE;
PI;489.3
PB;565.0
GO;
CE;410.0
RN;
MG;
RJ;539.2
RS;633.9
PB;718.5
SE;833.4
GO;438.8
SP;626.9
PB;607.0
MG;710.7
BA;505.6
RS;534.9
GO;657.1
RJ;552.5
CE;464.1
SP;553.9
PA;
MG;412.2
GO;448.0
SP;728.3
RJ;457.1
RJ;566.5
CE;
CE;403.8
GO;
GO;
PR;628.6
MA;466.1
CE;535.4
SC;
RS;576.9
CE;
GO;753.3
PR;472.4
PE;
CE;451.2
CE;402.8
GO;374.6
PE;
ES;632.6
PE;505.7
SP;762.8
MG;559.0
MG;728.9
BA;493.7
CE;507.9
PB;501.4
RN;580.2
BA;518.2
CE;457.6
MG;455.6
MG;472.5
RN;462.3
PE;472.1
PB;393.8
MA;373.3
RS;470.3
GO;
MA;470.3
MG;666.4
GO;388.3
PB;
SP;
SP;774.4
GO;557.7
BA;388.0
DF;
PE;625.0
RN;462.2
BA;712.3
CE;570.5
PB;448.0
PE;422.1
PE;566.7
PA;395.6
SP;770.4
ES;584.6
BA;541.8
CE;
GO;433.3
RS;558.1
PB;599.8
MG;626.0
PE;672.4
SP;793.0
RJ;531.1
MG;487.2
PE;527.3
MG;
PB;538.2
CE;385.8
PR;
CE;
CE;
MS;
MA;390.3
MG;463.9
AL;596.2
MA;
SC;630.5
MT;
DF;755.2
AM;512.3
PE;
SP;526.3
PE;432.9
RJ;435.5
SP;655.0
RS;525.3
SP;565.4
MA;445.6
MA;
GO;701.8
PB;758.4
PA;366.8
PB;496.0
PA;568.1
SP;581.2
PE;737.9
MG;640.7
PA;511.5
RS;544.8
RS;642.0
BA;630.4
BA;571.4
MG;
TO;400.3
ES;
CE;403.7
CE;496.1
SP;
CE;400.0
ES;798.5
BA;736.8
RJ;710.6
PR;418.1
CE;634.1
AL;418.7
CE;432.5
CE;536.9
RJ;418.5
SC;502.3
CE;
BA;
BA;557.7
RS;446.9
GO;450.7
CE;438.0
SP;586.1
CE;525.5
SP;566.5
RS;442.1
RS;452.4
MG;765.7
RN;492.4
RO;485.0
PR;563.6
TO;494.1
RJ;
SC;529.3
CE;
GO;523.9
MG;661.7
PA;428.1
SE;474.3
RO;
CE;457.1
CE;444.5
BA;
BA;672.6
ES;575.9
MT;437.5
MG;
RJ;440.1
SP;
SP;407.4
AM;620.0
RJ;652.6
PE;421.0
GO;
TO;543.4
AL;
GO;665.7
PA;426.2
SP;806.0
GO;441.3
RJ;414.0
BA;478.0
SP;
CE;586.2
PI;485.1
MT;573.3
CE;679.4
BA;
BA;529.3
SP;704.9
MA;
BA;475.3
RJ;435.7
GO;406.1
CE;405.8
ES;452.2
PB;518.7
SC;
SP;497.7
CE;464.3
SP;
SP;635.8
DF;687.2
PB;444.3
BA;508.0
SP;702.3
DF;478.2
MG;
CE;502.3
RN;
CE;545.8
CE;464.4
PI;644.8
MS;406.1
SP;664.1
RN;502.5
ES;592.3
PI;483.8
PA;590.0
GO;
GO;
GO;463.1
PE;539.5
SE;667.2
BA;620.1
BA;657.0
CE;438.0
SP;627.6
SP;
RN;431.7
SP;531.2
CE;825.8
BA;591.2
MG;762.6
SP;647.6
AM;465.2
MG;374.4
CE;
MG;656.3
RJ;
SP;580.7
PA;528.8
MG;
RJ;
TO;413.9
AL;402.1
GO;472.7
PB;634.1
RJ;465.0
DF;707.3
CE;
PE;649.9
MG;629.7
DF;782.7
PI;532.6
CE;497.2
RJ;
GO;
MG;728.0
SP;700.3
SP;494.2
PA;
PB;517.1
MG;624.8
GO;
BA;514.5
SC;587.6
PA;451.5
BA;
GO;798.6
RJ;436.7
GO;410.6
GO;
GO;373.1
RS;618.5
SP;416.2
DF;
SE;616.3
GO;376.7
SP;473.6
SP;
MG;
CE;582.1
RJ;
RJ;533.2
MG;861.1
MS;499.2
RN;454.5
CE;
ES;681.9
PE;595.3
DF;
CE;
CE;439.2
RJ;443.0
MA;443.2
CE;462.8
PI;
SP;664.4
PE;572.9
PE;643.1
DF;
SP;661.9
BA;440.1
SP;651.9
MG;444.8
PR;
RS;531.0
PE;571.1
CE;581.3
BA;506.9
RN;494.2
MG;714.8
BA;677.0
GO;
BA;468.8
RJ;632.6
CE;
PR;451.8
CE;397.5
PI;
PE;508.1
CE;384.9
PB;651.9
RJ;821.4
CE;394.4
CE;421.3
PA;466.2
RJ;390.1
SP;491.1
BA;583.3
PR;575.2
CE;630.9
MG;521.1
AM;
DF;404.8
PR;556.1
CE;649.5
CE;495.9
MG;528.8
PR;435.5
SP;
MA;424.7
PE;610.2
TO;487.8
PB;458.1
MG;725.3
AM;
CE;
PR;476.7
AP;670.3
RS;403.7
PR;553.3
SP;652.6
GO;598.7
SE;456.0
BA;517.2
GO;
BA;
SP;
MG;602.4
RS;500.3
ES;742.0
GO;430.5
PI;453.5
BA;
SP;472.4
TO;482.3
PA;435.0
PE;
PE;521.0
CE;671.1
SP;453.1
ES;444.5
MG;
PI;423.7
PR;504.1
SC;447.0
MG;501.6
ES;753.4
PA;633.3
SC;452.6
MS;455.4
RJ;
GO;528.1
SP;673.3
BA;635.3
PB;
SP;427.3
RS;
RJ;447.4
RJ;572.5
AL;429.2
RJ;
SP;650.6
SP;481.5
PE;382.5
RJ;429.1
SE;587.7
SP;704.7
PB;609.3
PA;459.4
PE;598.8
PR;739.5
SP;590.5
PI;386.2
CE;456.1
MG;437.2
CE;493.8
RJ;639.6
SP;557.0
BA;454.5
CE;
MG;425.8
SP;634.5
CE;482.1
RJ;
AL;667.0
TO;483.5
MA;536.8
MG;674.5
SP;497.0
GO;413.7
MA;401.5
GO;
MS;466.9
BA;
SP;478.0
BA;450.5
MG;737.8
CE;464.8
BA;423.5
RJ;485.7
ES;578.3
PA;408.3
MA;382.1
CE;
BA;389.6
BA;458.3
BA;411.1
SP;581.2
SP;828.2
PR;405.0
AL;536.2
PA;514.3
SP;
BA;444.4
PR;606.7
SP;631.2
RN;433.9
PA;461.4
BA;379.6
PE;444.4
RN;
GO;482.2
MG;720.0
MG;495.9
RN;
SP;416.5
TO;420.7
SP;487.8
MT;
PR;524.4
PA;
PR;495.4
TO;511.7
PB;443.9
PI;478.4
GO;
GO;603.4
PR;607.9
MG;634.9
MA;421.9
PE;
GO;377.5
PI;654.3
RR;650.5
SE;445.6
TO;567.2
SP;688.4
RS;500.5
SP;407.2
SP;449.3
PR;471.8
MG;792.9
GO;
BA;360.5
MT;538.4
CE;561.4
PB;451.7
TO;
BA;609.1
GO;627.9
BA;432.8
BA;427.9
SE;640.7
RN;
GO;
PE;429.0
MA;449.3
MA;631.1
CE;510.9
SP;634.3
PA;389.7
PB;766.8
RS;496.9
MG;800.5
SE;389.1
MG;758.9
CE;
PA;377.6
PE;496.7
GO;
CE;688.7
RS;630.8
SP;432.3
PE;695.2
MG;625.7
GO;563.6
PB;804.1
MT;392.3
RN;691.2
GO;465.5
BA;658.4
CE;663.6
MG;490.3
PA;446.9
RJ;560.3
SC;563.6
RS;
CE;454.1
PB;
BA;442.9
BA;745.2
PE;377.6
MG;510.0
PE;
AM;429.1
MT;406.3
PB;466.5
SP;624.0
PE;471.3
CE;469.3
GO;703.9
SP;572.6
CE;437.8
DF;
CE;361.1
MG;652.3
PB;
CE;786.1
RN;795.5
GO;420.3
GO;526.7
GO;484.1
SP;
PE;533.5
CE;
AL;490.4
CE;494.7
PI;
SP;748.6
GO;
SE;483.6
RN;529.7
AP;
PE;427.0
MA;
SP;662.1
PB;703.0
SE;811.4
RJ;361.9
SE;417.6
PA;445.4
PE;406.2
BA;678.8
BA;479.7
PI;503.9
SP;472.7
PA;472.1
CE;608.8
CE;
CE;673.7
RJ;473.8
CE;500.6
MG;607.5
BA;537.4
SP;593.5
PA;373.3
RJ;398.3
PA;402.2
PE;429.7
PA;
GO;656.5
ES;454.8
DF;456.0
SP;464.4
PE;479.2
SP;450.2
RS;624.6
PE;628.2
SP;
CE;572.7
MA;512.9
CE;774.8
BA;
PE;482.0
BA;485.5
CE;364.0
MT;518.2
CE;
PE;561.0
PA;423.1
GO;
PE;424.8
BA;384.1
CE;550.8
SP;703.5
BA;451.5
MA;585.1
CE;453.6
MG;384.9
PA;498.3
CE;438.0
CE;
SP;607.3
CE;362.8
CE;382.6
PI;
DF;
SP;452.5
PR;420.7
MS;449.1
RN;521.7
DF;614.4
MA;
GO;394.6
PR;
MA;387.7
MG;564.8
PR;
MA;394.6
MS;537.9
ES;604.6
PB;478.6
SP;509.7
PE;
RO;702.7
PB;518.2
GO;
SP;483.6
SP;858.6
RN;663.2
GO;
MS;
BA;411.3
RJ;
MG;445.9
SC;
MS;653.4
AL;
CE;718.1
MG;391.8
PR;403.8
CE;525.3
BA;594.8
CE;427.2
GO;540.4
BA;
RJ;
MA;410.6
PA;
PR;
TO;585.0
SP;441.0
MA;438.3
MG;419.8
SP;653.2
PE;
CE;439.6
PA;433.2
PB;817.4
RN;601.2
ES;629.2
PB;
BA;502.2
SP;478.0
CE;674.1
PE;669.0
BA;643.0
BA;
RJ;
PA;
MG;714.4
PE;523.3
AM;
SP;406.0
PI;409.5
CE;630.9
CE;
MG;712.9
MA;
MG;539.1
SP;695.3
PE;688.9
SP;
PA;
BA;486.3
SE;
CE;430.1
MS;501.9
PE;365.4
MG;415.0
TO;491.0
GO;561.6
SP;788.1
CE;
ES;651.0
PA;548.9
PA;496.5
SP;401.2
GO;
BA;547.7
MA;563.8
MG;667.3
MS;
RS;544.1
ES;549.7
CE;445.6
PE;
MG;
CE;
BA;595.4
PR;586.4
PE;560.0
CE;464.3
RJ;553.9
TO;
GO;
PI;483.5
PR;503.9
CE;420.3
PR;488.3
RJ;488.3
PE;395.7
MG;522.6
CE;481.6
CE;462.0
SP;508.9
SP;519.4
MA;409.8
SP;735.9
CE;545.2
SP;756.9
DF;
AM;578.8
MG;737.7
PA;409.6
PB;
PR;625.6
CE;443.1
PE;
MG;471.4
BA;474.8
ES;765.0
PE;429.4
RJ;460.8
PI;
SE;576.1
RJ;502.2
CE;435.2
BA;521.3
PI;384.3
GO;539.3
MG;508.7
SP;752.6
PA;453.9
MG;670.0
BA;
PE;
MG;465.5
DF;720.1
CE;429.7
RJ;518.4
GO;585.4
MG;479.7
PB;429.3
MG;745.8
MA;
SP;478.9
PE;566.7
RJ;635.0
BA;447.0
PI;623.9
SC;614.8
SE;414.8
CE;
PA;561.6
RS;733.7
RN;
GO;473.9
MG;467.9
MT;
AM;609.6
RN;
PI;653.6
MG;583.0
RJ;815.4
RJ;
CE;422.4
CE;484.4
GO;453.7
CE;456.6
CE;640.2
PI;594.9
PE;481.7
CE;509.9
SC;
AL;549.6
SP;675.7
DF;418.8
GO;610.2
SE;498.9
SP;
RJ;471.1
BA;410.1
CE;500.1
SP;
CE;526.6
RJ;
SP;567.2
MG;422.6
SE;432.3
TO;470.4
BA;406.5
GO;696.3
CE;655.4
BA;564.8
SE;641.5
CE;473.7
ES;
PI;610.4
BA;430.2
MA;451.4
BA;418.5
GO;
PE;582.8
PA;460.0
CE;857.1
CE;550.0
RN;405.2
CE;426.1
BA;408.4
SP;662.5
TO;
CE;420.8
MA;478.5
SC;608.9
GO;456.8
BA;497.1
PI;474.5
AL;370.0
RS;463.2
RN;613.6
GO;605.1
BA;392.0
BA;374.6
MS;620.4
DF;503.1
CE;651.6
GO;472.5
SP;
RJ;595.1
GO;656.1
PE;811.9
RO;
GO;414.2
RJ;750.3
SP;
AM;
BA;384.0
MG;660.4
CE;
PE;710.1
PB;440.3
AP;493.3
BA;607.8
BA;490.1
RJ;
SE;665.8
SE;423.0
RJ;399.9
PA;542.7
MG;580.6
RN;588.2
SP;599.7
BA;432.7
PI;638.6
PR;535.9
SP;516.6
PE;522.8
SP;747.4
PE;731.1
MG;593.0
PA;643.1
PB;486.6
SC;645.8
PE;452.0
MT;373.4
PB;486.6
RS;607.8
SP;685.0
MA;640.4
MG;783.0
PA;
AL;
CE;
TO;497.8
PE;412.0
PA;620.3
SP;
MT;
CE;435.7
BA;696.1
BA;647.1
RO;407.9
PR;617.2
CE;530.9
MT;
SP;717.3
BA;
BA;471.3
CE;600.4
RN;725.6
CE;679.3
PR;580.9
RN;450.7
RJ;718.5
SP;634.1
RJ;401.7
MG;595.3
PA;
AL;
PB;
RS;528.2
MG;570.4
ES;564.4
SE;570.6
BA;461.8
CE;
AP;
PE;
CE;829.0
CE;
PR;588.4
BA;
MT;555.7
CE;617.8
RJ;610.7
SP;479.1
MG;476.8
BA;513.6
RJ;
RS;
PI;
CE;510.7
SP;545.6
BA;412.3
BA;439.0
MG;638.2
PR;732.0
RS;540.9
PR;
BA;564.5
AP;
CE;522.6
SP;469.0
BA;678.6
ES;643.2
CE;416.7
MG;603.3
GO;442.7
MA;492.1
PE;514.0
PA;429.1
GO;554.6
GO;517.8
RS;403.3
GO;497.9
PA;444.4
BA;
DF;572.3
CE;412.4
MG;754.7
GO;526.3
CE;
SP;
SP;618.8
RR;724.5
PA;
RJ;595.5
GO;552.4
SE;401.6
GO;
MT;543.2
AM;401.3
CE;441.8
RJ;631.6
CE;448.1
RJ;421.5
PB;431.8
MA;634.1
CE;
SP;615.9
TO;543.2
PA;851.4
MA;433.8
PR;457.9
BA;
BA;468.5
PB;539.9
RN;542.0
RN;393.5
MG;611.1
GO;447.9
BA;602.5
AL;621.8
PA;385.4
CE;
SP;460.1
PB;507.8
GO;
SP;624.0
MA;604.1
PI;948.8
RJ;390.7
MG;407.9
CE;604.8
PE;617.5
MG;462.5
SP;
CE;682.7
RJ;412.5
PB;823.5
TO;638.0
SP;457.2
MT;577.8
RS;
MG;604.2
ES;
SP;457.6
BA;463.0
BA;394.2
PA;
SP;690.3
RS;654.5
MG;392.1
PA;
PE;586.1
CE;
MG;519.0
SP;494.3
SP;577.8
SP;
SP;
GO;463.1
CE;406.1
RJ;473.8
SP;
RJ;484.9
ES;604.1
CE;
SP;487.6
PE;
MG;608.2
SP;675.6
MG;493.9
RJ;
CE;786.4
RJ;683.1
DF;573.5
MG;696.3
RS;564.2
ES;474.6
BA;391.7
SP;389.5
BA;435.5
CE;
CE;557.8
RJ;566.0
PB;614.9
RN;433.1
SE;533.4
MA;436.9
SP;485.6
BA;
GO;416.3
MA;
GO;
PE;
BA;413.1
PB;485.4
PA;
RS;
PB;
PE;716.3
RN;568.2
DF;502.5
AM;393.4
ES;598.1
PB;642.6
SP;498.1
MG;513.1
SP;626.5
MG;519.2
PE;541.9
MG;786.2
BA;430.0
BA;640.6
PA;374.8
GO;
GO;
SP;702.0
CE;528.9
RJ;497.6
GO;400.3
CE;462.9
BA;668.6
SC;563.3
BA;615.1
CE;501.8
PB;443.8
CE;
CE;511.3
MA;432.0
GO;488.8
PB;
PE;547.8
CE;522.9
MS;
MA;626.2
MG;411.2
ES;636.7
RJ;462.3
GO;676.5
MG;604.7
SP;721.3
PR;395.0
PE;567.7
SP;
GO;436.0
SC;449.0
GO;
AL;
BA;509.5
MA;660.7
BA;
PE;519.2
BA;524.4
ES;546.4
GO;395.6
SP;476.4
SP;492.6
CE;386.2
SC;
CE;427.5
BA;547.7
TO;614.9
RN;679.5
AM;433.2
CE;373.0
RS;616.8
CE;512.7
CE;
PB;498.4
GO;
CE;427.0
PE;593.1
CE;470.6
ES;
PA;497.6
MG;408.3
PR;802.1
GO;
ES;590.7
MG;609.4
MG;584.2
CE;626.5
RJ;685.3
CE;640.5
SE;638.7
MG;399.7
SP;588.2
MG;558.3
AL;385.2
MG;539.8
MG;572.8
RJ;529.5
BA;
MG;
SP;605.2
MG;520.8
CE;381.4
PR;
BA;
RS;749.9
RN;
GO;593.6
PA;
RS;747.9
GO;387.4
MG;495.4
RJ;551.5
GO;580.9
RN;
RN;
SC;
AL;571.1
MG;679.3
GO;496.1
MA;558.1
PI;470.1
RN;458.5
SP;
RJ;400.9
MG;
MA;407.3
GO;481.4
SP;610.9
SP;523.8
RS;443.3
SP;590.0
CE;736.3
PB;421.5
MG;586.9
CE;421.8
CE;385.8
ES;635.1
SP;599.2
MG;714.2
MA;420.5
MG;518.5
BA;559.8
PB;733.6
MA;
PA;525.3
DF;524.1
RJ;401.2
GO;449.8
AM;452.0
GO;427.1
PA;
PE;774.2
SP;
MA;487.0
BA;580.4
PI;542.9
AM;602.9
GO;
GO;444.2
ES;731.5
CE;
SC;424.2
SP;
SE;550.1
MG;605.4
CE;396.9
MA;
GO;718.6
RJ;441.6
RJ;605.3
MA;
RN;
MG;567.7
MS;635.8
MG;569.0
MG;559.7
GO;600.7
SP;644.3
BA;563.3
RJ;777.6
RR;
MG;483.5
CE;675.2
PB;450.3
RN;600.4
DF;467.3
BA;629.0
GO;515.6
PA;535.1
PE;772.6
CE;
PA;
MG;711.2
MG;682.2
SP;580.5
ES;409.7
CE;571.6
PI;
GO;
PB;886.3
SP;428.2
RS;611.8
SP;590.3
RJ;767.8
PR;624.7
GO;513.7
PE;
AL;616.7
BA;398.8
CE;541.8
SP;634.5
RR;
GO;413.7
RS;408.2
MG;451.6
BA;
MG;489.3
AM;
BA;516.3
AM;372.2
MG;
BA;509.9
ES;703.3
RJ;
MG;415.5
PE;518.7
CE;410.6
RJ;599.4
AC;387.1
SC;396.9
RN;445.0
MA;
AL;735.6
RJ;
GO;393.5
AP;
GO;
PA;
CE;397.8
CE;750.0
SE;447.5
CE;459.8
PR;669.7
PB;406.1
PA;451.1
GO;433.6
BA;761.2
GO;
AP;470.0
SP;625.8
BA;612.2
ES;533.2
PA;
BA;831.2
RJ;717.3
CE;535.2
TO;
RS;506.2
CE;564.1
CE;460.8
SC;449.6
DF;
CE;658.8
RS;640.2
PR;
SC;
PR;482.5
RN;617.9
SP;683.7
GO;543.8
PR;377.1
PE;421.7
PI;369.3
ES;722.0
PI;554.7
SC;541.5
GO;
MT;483.8
SP;508.2
GO;465.2
RJ;660.6
PR;
CE;
GO;646.7
PA;
MA;414.4
DF;714.9
SE;435.0
PA;540.9
RJ;385.1
BA;539.2
MG;769.3
MA;
ES;393.8
SP;518.6
PR;680.3
BA;780.3
CE;
MG;694.4
SP;502.7
MG;482.8
CE;376.9
ES;674.0
GO;513.8
BA;489.8
RJ;496.3
GO;
RJ;836.9
GO;443.3
BA;457.6
MA;671.3
AC;564.2
BA;679.9
SP;
DF;712.3
RJ;656.4
GO;717.3
MG;566.9
PA;696.8
PI;
RN;457.4
CE;702.8
GO;
PI;712.5
BA;557.6
CE;416.6
SP;580.2
SP;480.6
MG;
BA;478.9
CE;
PE;445.0
MG;427.7
CE;425.3
DF;366.6
RJ;
MG;672.9
MA;592.9
PR;528.8
PE;578.7
PE;430.2
RJ;447.3
PI;449.5
MT;418.6
CE;519.9
PA;
AL;495.4
TO;724.2
PI;454.2
PE;425.1
CE;493.2
MG;702.6
RR;493.5
RS;463.1
GO;
MG;805.0
PB;510.7
CE;453.4
PA;390.9
SC;679.7
BA;378.7
CE;737.6
SP;634.0
MT;564.7
RR;425.3
GO;586.1
PR;460.4
SP;430.5
PE;632.3
CE;
SP;468.3
MT;581.3
AL;375.1
PA;417.9
MS;649.8
MA;431.3
CE;431.1
MS;632.1
AP;508.2
PA;495.8
PA;
RS;
SP;502.0
SP;469.2
BA;
PR;751.8
PI;
MG;525.0
CE;
BA;418.6
CE;
SP;690.9
SP;
RS;565.8
BA;485.0
CE;
SP;497.5
RS;718.0
ES;729.3
RS;441.9
MS;
SP;502.5
BA;400.1
MG;452.4
BA;388.0
MA;514.3
SP;702.8
RJ;680.5
CE;589.8
MG;540.2
MG;
AM;413.7
RJ;
RJ;525.2
SP;
PA;453.9
SP;545.7
BA;569.8
SP;
GO;
ES;525.6
BA;553.7
CE;
BA;780.2
BA;444.6
GO;
PR;610.7
RO;568.0
MG;537.1
SP;843.9
PB;438.2
PE;488.7
BA;
PB;650.1
MG;715.3
CE;450.3
SP;485.0
SP;586.2
AM;
BA;544.7
PB;397.4
PE;517.6
GO;413.7
GO;429.3
SC;473.8
DF;
RO;
SE;432.8
BA;419.5
RJ;366.9
SP;
PI;438.0
PI;541.7
MG;467.7
PE;441.5
CE;435.6
GO;425.5
SP;599.8
RJ;361.5
MG;420.3
PE;535.8
SP;435.7
AL;537.8
SP;675.0
PA;423.8
PR;549.3
PR;
SP;389.2
SC;522.6
GO;
PR;486.6
RS;
RS;440.4
PB;415.7
MG;602.9
RJ;383.5
MA;660.2
DF;396.7
CE;423.9
PA;
MA;574.1
AL;647.0
RS;
PB;
PI;557.8
GO;432.3
PE;926.6
MA;540.7
GO;
PI;464.9
RS;
CE;
AL;
MG;475.1
GO;615.9
MG;400.4
GO;
RO;435.5
RS;
BA;
RJ;498.8
MS;377.0
PE;
RJ;688.8
BA;554.8
MS;483.6
CE;368.4
PA;
CE;479.4
PE;422.4
SP;693.8
PE;388.7
RJ;463.2
ES;475.2
MG;600.5
BA;370.2
SP;514.7
RJ;695.7
CE;420.7
BA;452.2
SP;568.4
AM;421.5
MG;
SP;512.1
MA;671.5
BA;542.7
RJ;389.2
SP;
MG;664.9
DF;494.0
CE;438.0
SP;467.1
PI;359.8
PA;462.8
RN;516.4
RJ;444.8
BA;402.4
GO;
CE;520.3
TO;678.0
CE;450.4
SE;813.6
AM;379.6
SE;461.5
PB;489.2
BA;444.3
TO;
SP;773.8
GO;429.7
BA;
RJ;800.3
SP;606.2
PE;
PA;
RN;636.8
AL;513.9
MG;535.2
SP;444.5
MA;425.8
MG;715.3
AM;
MG;558.6
RN;519.0
MG;687.2
MG;859.5
SP;701.5
CE;512.3
CE;
RN;475.8
RJ;603.7
SC;616.1
CE;430.1
CE;442.3
BA;387.8
SP;397.7
PB;
DF;648.3
TO;389.6
PB;496.7
PE;486.5
PB;442.0
RJ;708.8
MG;599.5
CE;594.2
PE;511.5
MG;503.6
RN;499.2
DF;521.4
MA;378.3
CE;450.6
PI;522.0
SP;748.3
AL;
CE;445.7
BA;403.2
AL;547.9
SC;416.2
CE;477.1
SE;465.1
PB;622.5
SP;594.0
MG;
CE;448.6
CE;597.7
CE;414.2
DF;522.6
SE;667.4
CE;474.3
PI;577.3
RN;
CE;
DF;
PB;721.8
RS;666.1
MG;425.0
CE;
CE;667.8
PI;504.1
RS;
MT;539.8
MA;
BA;389.2
MS;
PE;
ES;410.3
CE;528.0
SP;476.3
RJ;
TO;456.5
BA;377.4
SE;380.5
RJ;448.6
MG;431.7
PA;416.1
SP;422.4
RJ;437.8
SP;631.8
GO;
MA;
AL;
CE;
CE;
RS;
GO;378.6
AM;513.2
SP;
CE;
SP;692.7
MG;414.4
PB;
GO;
RS;
RN;467.3
MG;635.0
GO;508.6
PB;489.9
CE;527.9
RS;517.5
RN;646.5
CE;416.9
PR;745.9
SP;634.0
GO;
SP;443.6
MG;729.7
PE;675.7
RS;409.6
RJ;456.8
SC;
CE;447.2
PE;563.5
SP;560.5
SP;610.2
PB;658.6
PB;423.0
MG;547.3
PI;780.0
PE;514.7
GO;421.2
BA;
MG;518.2
SP;
RJ;722.5
SE;529.4
PE;438.1
MG;706.5
RJ;712.9
PR;608.5
PI;612.7
BA;489.7
PA;498.7
AL;486.9
SP;627.1
SP;697.1
BA;
RJ;
ES;449.4
PR;
MA;
CE;656.1
SC;
BA;604.1
GO;568.1
DF;544.3
AL;608.9
CE;484.1
GO;459.3
GO;754.3
DF;
MG;441.5
PB;406.6
BA;473.1
SP;671.7
BA;498.1
GO;
RJ;
PI;446.2
MG;639.1
CE;841.8
AP;496.6
PI;432.4
PE;488.5
RS;405.4
MA;413.3
PE;661.4
RN;556.3
SP;419.5
SP;747.1
SE;385.8
CE;
PA;
PR;571.8
PR;537.3
CE;
BA;
PB;546.7
BA;412.7
PB;394.6
MG;592.8
SP;
MG;514.1
CE;658.3
CE;398.5
BA;479.0
RJ;748.6
PB;392.9
SP;
MT;625.9
PI;453.4
BA;
SP;604.1
SP;551.4
GO;483.7
GO;455.6
RN;
BA;
SP;582.3
PR;415.6
CE;
RR;464.4
GO;369.9
SP;
PR;500.7
RN;557.6
MA;418.7
AL;772.6
RJ;
PE;403.6
RJ;375.2
GO;
RN;533.2
PE;442.1
MS;393.4
GO;406.2
PB;
AL;482.4
RJ;498.7
PE;421.1
BA;586.8
BA;525.1
GO;703.5
SP;439.0
MG;728.8
SP;
SP;508.1
PE;697.9
RN;
PB;409.1
PA;758.3
MA;613.8
GO;428.5
RS;577.7
SP;421.9
MA;751.8
PR;749.9
PA;445.2
GO;545.5
PE;602.9
GO;656.4
PB;670.1
BA;561.6
PI;416.5
BA;365.0
RJ;
SP;636.1
SP;805.4
MG;473.6
CE;537.7
DF;411.6
MS;582.5
CE;709.9
MG;590.4
RJ;832.5
PB;594.6
PB;447.8
PA;374.0
GO;446.2
PB;432.7
SP;
SP;718.1
MG;707.2
MA;
PA;528.2
PE;452.2
ES;468.1
PB;
BA;438.5
GO;504.7
CE;547.8
PE;426.2
RJ;727.9
GO;639.9
SP;530.8
SP;685.5
PE;394.6
RS;588.6
SP;494.6
PE;481.8
RS;805.1
PE;400.1
CE;645.2
ES;
BA;454.0
PE;
AM;424.1
CE;
GO;399.4
SP;533.2
PI;441.0
RN;
MS;461.3
PI;534.3
MT;
PA;469.1
PE;397.9
RN;620.0
MT;
PA;522.6
RS;
BA;462.7
ES;375.8
ES;671.1
SC;537.2
MG;
BA;531.1
CE;438.7
BA;357.5
RJ;572.1
PE;405.8
SP;484.9
PE;632.6
MG;457.5
PA;406.1
MA;551.3
RJ;684.3
PI;483.0
BA;408.5
RJ;727.6
SP;614.9
MG;508.8
MG;796.6
PE;598.0
AL;
PR;562.2
CE;397.1
MA;439.7
MG;
SP;548.3
PA;469.6
ES;473.8
CE;368.7
CE;
PB;
CE;530.5
RS;474.9
CE;634.0
CE;640.9
RO;
GO;372.0
SP;526.0
PE;435.9
BA;425.9
CE;475.8
SP;452.2
GO;
RN;416.5
PR;649.7
PB;497.9
MT;492.7
SP;694.9
MA;425.6
SE;571.6
MT;417.9
MG;477.9
BA;394.2
RJ;481.0
SE;464.4
PE;758.3
PE;
CE;463.9
SP;413.3
SP;688.9
CE;
GO;444.5
PE;404.8
RN;554.1
PA;445.2
PR;562.7
MG;483.4
ES;476.3
ES;632.6
GO;425.9
CE;459.4
PE;464.5
CE;484.0
GO;
GO;644.6
SP;617.7
PB;
MT;533.7
BA;434.9
AM;489.0
CE;
MG;
SP;655.5
GO;
PB;373.0
SP;504.8
MG;684.2
DF;614.9
GO;647.6
RS;649.9
MG;
SP;520.1
BA;618.6
PE;587.0
GO;651.9
PE;394.5
BA;664.5
MA;473.0
PR;654.0
SP;550.4
CE;417.3
CE;
RJ;618.1
SE;
RJ;
RS;
CE;641.5
MG;611.1
AP;490.6
SE;660.0
RS;399.9
AM;
AL;
BA;
PR;784.8
MG;
MG;814.2
GO;404.9
BA;468.0
GO;544.6
GO;473.5
CE;
RN;394.5
DF;
MT;478.9
CE;
MG;489.0
CE;451.5
RS;669.1
SC;
MT;525.1
DF;359.9
CE;478.8
PB;
GO;400.1
MG;
MG;457.8
GO;458.9
SP;701.2
BA;489.9
CE;555.0
CE;
SP;
PE;
CE;446.3
AP;692.2
ES;403.5
BA;464.4
PE;516.2
CE;452.3
MG;763.6
CE;475.6
SC;778.3
CE;614.2
MT;
PR;383.0
CE;436.9
MG;391.6
MG;
PR;480.2
GO;606.2
PE;481.5
CE;378.1
SP;
CE;561.1
CE;532.5
BA;439.8
CE;463.9
MA;497.4
MG;
SP;
CE;387.4
BA;449.0
AL;676.4
RJ;507.5
CE;636.7
BA;
RJ;508.9
MG;492.0
MG;678.1
MA;439.4
MG;
SE;801.5
SE;527.1
AM;675.8
SP;463.1
RJ;562.8
PA;564.6
SP;724.6
MG;
BA;676.9
ES;572.8
MG;562.5
RS;576.8
CE;397.3
CE;
BA;388.7
SP;455.0
SP;
PA;514.2
PA;527.8
CE;475.1
ES;581.4
BA;415.3
CE;496.1
DF;630.7
SP;
SP;476.2
GO;438.5
CE;442.0
PE;
SP;527.4
SC;631.2
RN;428.4
MA;589.9
CE;
MA;383.2
SP;523.9
PA;347.6
SE;499.1
ES;707.1
CE;577.9
CE;514.2
PE;
AL;574.8
CE;411.2
SP;583.0
PE;444.0
DF;
MG;632.9
MA;481.1
PE;600.0
CE;
PE;545.8
PB;425.3
GO;438.8
CE;538.0
MG;
BA;466.0
AM;506.3
SP;
GO;399.9
MG;511.5
CE;
PB;
DF;455.4
MG;619.6
GO;
TO;376.8
PI;816.8
MA;375.7
GO;474.2
SC;637.8
PE;683.4
MA;431.0
PA;584.6
SP;672.6
BA;
RJ;657.3
MA;421.8
BA;
PB;
PR;615.9
PB;493.5
SP;368.8
AM;438.6
BA;
PR;428.0
MA;
PE;672.5
BA;421.2
MG;661.4
RN;407.8
PR;437.4
PA;461.7
PB;
ES;476.9
PA;427.6
BA;541.9
PA;511.0
MA;
DF;592.8
SP;609.1
PA;448.0
PA;423.8
CE;
GO;
PI;862.1
MS;
PE;404.6
PA;437.8
PE;427.8
MA;
GO;
RJ;
ES;572.7
SP;519.7
MG;566.0
PE;567.9
SP;
RN;645.3
AM;
SE;465.4
GO;
RJ;
RJ;424.2
SP;603.9
PE;488.2
BA;429.6
RJ;563.5
RN;402.2
PB;429.1
CE;620.4
RS;
RJ;435.1
SP;782.8
CE;519.9
MT;505.0
PB;379.2
MG;833.0
GO;
PA;447.4
CE;675.6
MG;674.2
CE;443.1
MG;
BA;474.5
SP;
AP;507.8
CE;
SC;
PE;368.3
PB;471.3
PE;415.1
MG;576.6
RN;423.2
MG;638.2
MA;571.3
SP;522.9
GO;470.7
SC;601.2
PI;434.5
PE;475.0
DF;638.6
PE;634.1
RN;
CE;531.9
PI;474.0
RJ;
PR;391.2
PB;521.7
CE;
PA;388.2
RJ;469.6
RO;680.1
AM;414.9
PA;397.6
SE;476.8
RS;668.8
GO;
BA;451.7
RJ;772.7
MG;421.6
MG;753.0
PR;
GO;531.4
GO;
MG;
MG;
CE;672.9
RN;444.1
BA;
PA;
PR;479.0
CE;588.4
MG;435.5
RJ;
RJ;537.2
MS;823.5
PA;637.3
GO;425.8
PA;496.2
SP;456.9
BA;484.6
SP;
SP;569.5
RN;778.7
RJ;
MG;616.7
SP;516.7
BA;510.7
BA;478.4
RS;610.6
CE;
MG;499.6
ES;
MA;429.1
MT;469.6
AM;
TO;466.8
PI;636.0
MG;424.4
PE;441.1
PE;737.2
PB;649.2
PE;703.0
SC;531.7
SP;578.1
MS;692.9
RO;611.5
GO;479.6
CE;
ES;421.9
MG;386.5
MG;510.6
SC;448.3
GO;563.0
BA;
MA;
GO;562.0
PA;379.1
PR;444.6
GO;450.0
SP;
ES;511.5
RJ;517.3
PA;
MG;544.7
AM;408.6
RJ;432.9
MG;
SP;
RR;559.4
PE;667.8
PR;667.6
ES;439.3
SP;404.4
BA;390.3
MG;490.3
PB;527.2
RJ;731.6
CE;642.3
BA;461.3
RJ;
MG;626.9
PA;544.3
BA;463.5
RN;475.6
SP;498.6
CE;377.5
CE;399.1
BA;
PB;476.3
BA;431.4
RS;507.9
SP;604.5
MG;473.3
MG;482.6
RN;405.2
RN;566.4
MS;452.2
PA;763.6
GO;587.8
MS;552.1
PR;
ES;605.8
MA;440.6
RJ;639.2
RO;
PE;362.3
PE;
MA;438.1
PE;596.9
RJ;593.0
PI;430.3
SC;445.5
SP;481.1
BA;479.7
AP;375.8
RS;719.6
CE;667.6
PE;626.1
MG;365.1
GO;491.3
SP;517.5
RJ;
MG;
SP;657.6
MG;
RN;761.0
PA;458.0
BA;520.5
ES;576.3
RS;702.5
PB;660.0
GO;480.0
BA;581.8
PA;607.6
RJ;451.6
MG;511.1
MT;452.5
CE;
PB;527.1
PA;
SP;649.9
MA;407.7
SP;567.4
PB;446.7
ES;442.3
PE;
PE;642.7
BA;489.1
MG;424.6
AL;644.7
MG;
MT;707.5
BA;435.4
PB;
BA;750.2
PE;550.4
PA;586.6
BA;545.8
PA;440.7
RJ;579.6
BA;406.3
SP;396.8
PB;576.0
PB;518.9
GO;420.5
RJ;568.7
ES;546.3
PA;
ES;
RN;814.8
RJ;502.7
MS;712.7
PB;440.9
RN;517.3
RJ;441.6
BA;371.1
CE;
PR;484.1
PI;476.9
GO;404.4
DF;624.4
BA;572.4
SP;441.0
GO;
SP;
CE;
BA;519.2
MG;647.5
RJ;
RS;
CE;700.9
GO;
CE;691.5
RJ;619.0
MT;443.2
RJ;
PA;731.0
RJ;391.2
BA;429.1
RJ;402.9
BA;607.0
BA;
GO;
MG;553.2
RJ;475.2
ES;561.3
SP;426.1
PI;524.9
MA;416.7
PE;447.3
PB;400.7
CE;764.2
PE;436.5
RJ;465.4
MG;791.1
MA;400.5
PA;471.7
MS;541.3
BA;411.9
BA;444.6
AM;447.3
MT;391.0
PE;434.9
SP;745.7
CE;459.9
PA;422.3
CE;393.4
GO;
RN;
RJ;517.7
MS;607.2
CE;494.7
PE;360.7
GO;
SP;522.7
PA;485.2
CE;429.1
RJ;389.5
MA;
RJ;479.4
AL;512.6
CE;656.2
PA;705.3
MG;654.0
BA;676.9
RJ;
RS;411.3
PB;546.5
CE;484.9
MT;684.1
RS;623.5
CE;500.6
CE;596.0
RO;716.2
BA;419.7
BA;482.4
MG;409.6
BA;536.9
PE;624.4
PE;433.5
MG;
BA;426.0
PA;524.0
SE;678.4
PI;442.7
ES;
SP;565.2
AL;595.4
CE;495.1
MT;540.8
GO;
CE;412.3
BA;436.9
AL;630.1
PA;
MT;
BA;509.3
BA;
GO;
CE;393.2
RJ;469.1
CE;411.5
CE;414.7
PE;589.8
GO;
RJ;673.9
SE;364.9
CE;
GO;428.6
SP;600.6
PR;435.2
RS;756.8
GO;399.4
SP;501.7
AM;496.9
CE;465.5
CE;571.9
MG;576.4
CE;441.2
PE;473.2
SP;
SE;432.9
AP;471.0
MA;499.4
RS;555.2
SP;441.5
PB;756.8
CE;471.8
PE;456.1
SP;496.4
SP;
CE;395.7
PI;400.7
CE;734.4
SP;
PE;608.0
RJ;558.6
SP;
GO;556.1
SP;626.3
PI;
PE;427.3
MA;593.2
MA;
SP;
SP;498.4
BA;
CE;469.1
PA;614.9
RJ;736.7
MG;538.9
MS;
RS;907.8
PE;664.4
MA;455.5
PI;749.1
MA;
ES;573.1
GO;402.4
PI;441.5
MG;663.3
BA;
RJ;671.1
SP;552.0
CE;621.1
GO;389.2
GO;421.2
PE;488.8
GO;389.7
MG;731.4
AL;751.4
CE;438.1
CE;387.3
SP;754.6
MS;670.0
MA;
CE;501.3
SP;470.8
CE;493.8
CE;454.3
MG;532.0
PB;425.7
MG;727.5
RN;712.2
MG;524.5
RJ;
BA;599.0
ES;603.4
PE;589.0
SP;600.0
GO;426.3
MG;429.9
GO;442.4
MA;515.1
MS;409.1
CE;444.0
PE;467.0
GO;
RN;417.6
MA;638.0
PI;493.1
PE;460.8
BA;
MG;
MA;469.3
SP;490.8
TO;387.6
MG;645.3
SC;527.3
AP;443.6
PR;
SP;778.0
GO;616.0
RJ;733.9
SP;525.2
MG;771.8
CE;
MG;445.9
MG;660.6
SP;404.6
GO;
MG;
SP;497.9
SP;541.8
PE;
MS;618.1
PE;
PI;705.7
MG;433.3
GO;
GO;
PI;496.0
AL;
MG;
SP;419.4
GO;389.3
BA;
PI;
MG;587.3
CE;473.5
RJ;
CE;666.2
PE;
CE;418.8
PA;413.0
SP;
MG;700.0
SP;529.0
CE;395.8
MG;523.5
BA;431.7
BA;619.6
SP;783.7
PR;633.4
MG;728.9
CE;
MT;
SE;
GO;512.2
RN;
SP;
MG;405.2
MT;440.1
AL;751.8
SP;483.9
RJ;
BA;698.1
PR;668.9
PA;552.9
SP;594.6
PR;648.8
MG;622.6
PB;452.0
PI;
MT;449.3
SE;765.7
ES;517.4
CE;417.7
PR;378.4
RJ;
PR;490.0
RJ;553.9
RN;526.8
PR;717.2
PE;
PA;
MG;511.2
RS;
MG;625.6
MG;389.4
SP;532.8
MG;762.2
MG;776.1
SP;
GO;590.3
PA;471.3
MA;425.1
MG;631.4
MG;699.4
SP;
PE;663.5
MG;
RN;372.4
GO;494.8
MG;
GO;456.5
SP;
TO;493.0
PE;473.0
MT;
RJ;493.0
PE;426.5
PE;442.5
RN;465.0
SC;516.4
MG;464.5
SP;587.0
PE;
MG;
CE;
CE;564.7
PR;428.7
PE;685.2
SP;699.0
BA;552.2
MG;
PR;510.5
RJ;524.8
AM;
RS;668.9
SP;430.2
CE;507.9
PE;
MG;650.4
MG;654.1
GO;490.5
CE;
PE;651.4
PB;430.8
RN;
BA;525.0
SE;522.2
MG;
RS;593.6
BA;471.4
GO;
RN;637.6
CE;466.0
TO;432.6
PB;613.4
PA;
RN;432.9
PR;546.2
RN;422.6
GO;797.0
MG;561.1
MG;359.5
SC;691.8
SP;526.6
RJ;
PR;
TO;530.7
PI;
MA;456.3
MT;703.4
BA;498.3
BA;425.4
ES;696.1
PI;646.4
RJ;
TO;529.6
BA;473.6
PE;570.9
RN;727.2
BA;449.7
RN;720.3
RN;474.2
CE;617.5
PE;499.5
RJ;409.5
CE;503.9
BA;553.2
MA;428.6
CE;496.0
GO;403.8
PE;417.1
TO;412.5
PB;
ES;593.2
PA;
GO;418.1
PR;473.8
GO;550.4
PB;
SP;
PR;
RJ;
MG;581.0
MA;500.0
PA;562.2
PR;746.0
MG;
CE;388.6
GO;442.7
SP;474.2
PE;504.7
BA;775.6
CE;457.6
BA;
RJ;686.5
RJ;438.4
SP;647.7
RJ;
PA;680.6
CE;446.8
RJ;
MG;543.3
SP;589.8
RJ;477.5
CE;412.3
MG;715.6
AM;619.6
SP;600.9
PA;421.7
SC;669.9
PB;424.8
PA;
RJ;419.1
SP;677.8
BA;618.0
PA;503.3
CE;465.0
MG;
GO;718.1
GO;465.0
PE;
SC;794.1
MG;489.7
MG;600.9
CE;434.6
PR;
RJ;440.2
PE;467.9
SP;643.3
SE;425.9
PB;582.8
CE;627.2
MA;486.6
PE;515.4
PI;432.1
CE;
RJ;406.0
RN;483.9
CE;423.9
CE;641.8
MG;596.6
RJ;562.3
GO;409.3
PR;456.7
MA;468.9
SP;538.4
PE;419.2
BA;663.6
GO;405.5
CE;416.5
PE;440.3
BA;558.1
SE;398.2
RJ;721.7
SP;588.4
SP;649.7
CE;455.1
CE;390.6
AL;490.7
MA;551.9
ES;426.8
CE;501.3
DF;650.2
GO;
PE;557.4
PE;497.0
PA;397.6
SP;587.9
BA;474.8
CE;561.6
RS;625.2
SE;
PB;460.3
SE;570.6
MT;698.0
SP;588.3
BA;749.9
PB;
GO;659.0
PB;438.9
CE;410.6
MG;434.8
CE;848.9
RJ;596.0
CE;596.2
BA;474.7
SP;624.2
RJ;436.7
PI;369.1
SP;426.8
GO;374.7
CE;
AM;743.9
SP;
ES;419.3
GO;471.4
RJ;464.8
PA;517.7
CE;412.9
MA;365.8
RN;615.0
RJ;563.1
RN;409.6
PA;
MG;
ES;554.0
SP;702.4
SP;727.1
PI;745.1
GO;618.6
RN;
MG;
GO;612.1
SP;717.1
CE;497.3
MA;490.0
SP;
CE;502.4
MG;485.7
PE;
SP;688.6
MA;685.3
BA;
GO;491.7
SP;472.8
RJ;428.8
PE;861.8
RJ;404.8
PI;675.0
RJ;457.2
PR;
PR;593.8
AM;519.8
SP;595.5
ES;459.4
PR;769.3
PI;539.2
MG;538.3
SP;527.7
BA;595.8
CE;428.1
MG;455.7
CE;
SP;556.3
CE;415.1
BA;
SP;492.3
SE;667.8
MA;430.0
BA;
CE;415.8
SP;451.4
RJ;426.4
SC;456.9
SE;439.9
SP;412.8
MG;655.3
MG;656.1
GO;454.7
MG;674.6
BA;413.9
PB;359.0
PR;
ES;
PA;513.3
GO;489.4
MA;400.8
SP;662.9
PB;
PE;613.2
BA;
PA;555.7
AP;458.4
PI;574.2
MG;
BA;599.4
GO;496.9
MA;
MG;658.1
SC;
SP;
RS;715.8
CE;577.6
GO;431.9
CE;664.6
SE;468.9
AP;453.5
TO;496.4
RN;
CE;
GO;
DF;562.9
PB;735.3
PE;709.3
BA;463.2
PE;604.3
PA;
PE;647.3
RS;590.4
BA;397.2
GO;
RJ;373.9
MG;403.7
SC;419.9
CE;582.1
BA;427.5
SP;474.8
ES;
DF;
BA;728.6
CE;390.8
BA;433.3
RJ;512.5
RJ;474.0
CE;584.3
BA;568.5
PE;555.8
BA;393.9
RJ;
PE;543.4
SP;766.0
CE;465.3
RN;527.5
SC;411.5
PA;524.6
MG;595.3
GO;538.5
BA;
BA;
GO;471.8
TO;469.2
CE;
ES;558.8
CE;571.8
SE;
PA;608.9
SP;608.1
MG;
SP;
PA;473.8
BA;690.6
GO;463.1
BA;456.3
BA;
PA;776.8
BA;377.9
AL;482.3
CE;535.4
GO;429.8
GO;480.4
PA;541.1
RJ;509.8
ES;705.0
SP;454.6
MG;
BA;519.2
ES;473.8
MA;488.5
BA;490.2
RJ;685.6
SP;646.1
MA;528.3
MG;539.5
CE;563.4
ES;765.0
SP;406.8
GO;439.4
MG;721.8
CE;742.3
RN;595.2
GO;577.3
CE;
RS;473.8
RJ;759.1
MG;551.9
PI;
ES;672.6
CE;690.8
RJ;754.0
TO;570.9
TO;483.8
SP;517.7
SP;544.3
PB;
RJ;609.9
PE;612.8
PA;668.8
SE;505.2
GO;
PA;469.5
MG;
CE;721.6
PR;541.9
BA;483.6
PE;639.7
BA;776.4
GO;629.2
SE;404.9
MG;645.4
SP;397.1
SP;
AL;
PA;553.6
PB;
CE;
GO;501.8
CE;669.7
MG;
PE;502.7
SP;696.8
SP;624.0
PB;529.3
GO;
GO;481.5
GO;521.8
DF;
SC;476.6
BA;594.6
RJ;643.6
GO;508.9
PI;434.2
BA;544.2
BA;631.7
MA;429.5
MG;674.3
PR;420.4
CE;498.3
MG;569.6
RJ;590.9
MG;603.5
SP;405.5
PE;648.4
PR;
CE;
PR;432.7
SP;641.5
BA;433.2
GO;
PE;429.9
MG;
SE;489.8
AC;824.9
MG;616.2
PI;474.9
SC;738.7
SP;533.0
MS;428.2
PE;652.9
MG;615.7
BA;412.9
RS;599.3
BA;420.9
BA;736.2
SP;404.6
AM;522.3
RJ;398.6
SP;642.4
GO;630.4
RS;392.1
AC;692.9
RS;712.6
CE;462.0
GO;406.0
RN;378.8
SP;681.2
SP;624.3
SP;583.5
RJ;504.5
PB;475.3
BA;448.8
RJ;
CE;
MA;
MT;366.8
PE;689.4
TO;
DF;570.5
SP;453.9
PI;716.9
PA;
PA;655.6
BA;530.3
RS;429.3
ES;590.5
RJ;
RJ;
ES;
CE;
MA;571.3
SP;669.1
GO;417.9
MA;453.5
CE;461.2
PE;395.1
MA;
CE;613.6
MA;547.4
BA;
MA;466.2
SC;590.4
PE;426.5
PB;559.2
PA;430.0
SE;558.4
CE;
MT;467.2
PA;510.7
MS;557.1
AL;
MG;769.0
PE;681.9
PA;
SP;402.4
PB;500.0
PA;417.2
CE;389.2
RJ;454.2
PE;396.8
MA;
AP;539.5
PE;
CE;377.1
PI;424.1
PR;
DF;473.5
CE;457.2
PA;443.8
RJ;654.5
RS;
CE;
CE;491.6
PB;742.1
GO;417.5
PE;474.3
CE;394.5
PA;382.9
RJ;527.5
PI;399.5
GO;
SP;541.4
PA;497.3
MS;522.4
PR;
CE;544.0
PE;531.7
SP;626.9
GO;485.2
GO;473.1
CE;642.7
BA;
ES;553.0
MA;449.3
GO;442.4
BA;622.3
RN;
MG;673.5
MA;485.9
AM;455.3
PE;493.7
PE;414.0
MG;424.0
CE;616.1
MG;517.6
CE;481.4
MG;705.0
MG;801.1
PB;679.8
CE;412.3
GO;
MA;541.3
ES;
RS;496.4
CE;387.9
PI;
CE;420.3
PA;384.5
PE;
ES;682.8
PA;529.4
CE;
RJ;760.3
CE;628.0
MG;543.8
MG;
GO;423.5
SE;679.5
SC;
MT;849.2
CE;447.0
DF;385.3
GO;455.4
CE;387.5
PI;417.6
PE;446.3
RJ;546.1
CE;445.2
SP;
SP;
RS;
CE;
PA;485.2
GO;446.2
GO;415.5
MA;449.0
PE;477.7
MA;378.1
CE;391.8
SP;516.1
PR;502.9
TO;
BA;440.2
MS;381.3
CE;444.9
MA;736.0
SE;
BA;
AP;
CE;787.5
TO;
SP;537.4
PR;516.3
BA;654.8
PR;421.4
MA;498.0
MG;399.9
PI;
BA;452.4
RS;
RS;519.8
GO;527.7
BA;566.0
BA;409.1
AM;
MG;407.9
BA;422.0
SC;492.4
PR;486.8
CE;
DF;615.9
BA;494.8
PA;435.9
ES;
PE;428.6
CE;512.8
MA;382.6
TO;578.3
CE;452.0
BA;
PA;
SP;
GO;456.6
PA;519.8
BA;592.0
BA;519.8
MG;842.2
CE;457.1
RJ;698.0
PE;583.8
PB;607.0
SP;618.6
GO;
RS;693.2
RJ;
CE;435.4
SC;
PE;656.7
AM;455.1
PE;509.2
BA;
MG;839.7
MG;640.7
RS;530.6
PE;642.6
SP;603.6
SP;532.5
PE;774.6
SP;607.9
PB;448.2
SE;
CE;506.7
RJ;648.6
MA;493.8
RN;390.3
DF;446.8
AP;
CE;633.3
PE;448.2
GO;570.9
PE;467.4
SE;457.3
PI;406.3
RN;650.4
RN;725.3
SP;
MA;632.1
PR;467.6
MG;
SP;711.8
CE;649.5
MG;571.4
CE;
PB;
PE;515.2
PA;438.9
CE;431.8
PE;524.3
MG;592.2
SC;452.0
CE;
PR;504.4
RN;413.8
GO;
RJ;583.4
MG;653.6
CE;
SE;629.7
PI;626.1
BA;415.1
DF;
CE;
SP;496.0
TO;662.3
BA;804.0
BA;418.6
CE;675.8
BA;379.7
BA;
MA;496.3
PA;
SE;
BA;487.0
RJ;453.1
PA;494.9
BA;
SP;424.1
PR;
SP;755.9
MS;375.7
RN;655.2
TO;508.8
MT;
CE;
DF;538.7
CE;359.6
BA;665.8
PA;720.0
PE;460.7
MG;
RN;
PE;
GO;607.2
ES;453.3
BA;531.2
BA;
RS;466.7
RN;413.3
MG;399.5
PR;431.2
GO;664.3
CE;482.3
MT;
PR;487.0
CE;597.4
CE;
GO;668.7
ES;
BA;452.4
PR;552.4
SE;
RJ;458.0
RN;
PI;542.6
MA;391.3
PE;
PE;749.8
TO;420.4
AL;608.7
ES;591.1
PE;
RS;391.5
ES;
RJ;707.8
PB;
GO;445.2
PR;605.7
SP;416.3
SC;606.7
RS;395.5
RJ;417.6
PI;
SP;657.3
BA;459.4
SE;442.4
RN;
MT;
BA;
RS;807.3
BA;
BA;606.8
BA;581.6
PA;453.6
PE;863.7
MS;601.3
SP;576.6
GO;507.4
SP;637.2
BA;397.6
PE;
RJ;631.6
RN;671.0
BA;525.7
CE;707.0
RN;421.2
BA;536.7
RS;
CE;672.4
MS;739.2
RN;
GO;550.0
GO;450.2
RS;
CE;519.2
PE;
PB;384.3
RJ;799.4
RJ;532.6
PB;443.9
MA;
DF;
SP;631.3
PE;391.2
CE;523.8
SP;617.4
BA;423.1
PA;773.8
MG;
GO;
SP;504.3
PB;792.3
MA;444.6
CE;735.7
MG;632.6
PE;633.9
PB;639.5
SP;
RJ;599.1
CE;468.3
PE;446.7
MG;743.4
SC;629.5
GO;420.8
CE;609.3
RS;
MG;404.9
RJ;540.8
PI;535.4
PA;513.6
MG;662.8
SP;629.5
CE;812.4
CE;491.2
RS;693.6
PE;391.3
CE;433.5
GO;457.3
BA;380.2
PE;413.1
CE;409.1
BA;526.7
MG;578.9
GO;475.3
CE;436.3
SP;516.0
PI;509.4
MG;
SP;661.6
CE;
SP;399.8
GO;504.5
PB;495.2
BA;418.3
MG;453.2
SP;571.5
RS;610.3
AL;370.6
RJ;621.5
PR;691.3
RJ;444.3
MG;748.0
SC;736.4
GO;648.5
MG;
BA;472.7
PR;
MT;814.6
BA;
CE;488.6
AL;
SC;
PB;711.1
GO;685.6
TO;585.7
SP;400.2
MA;546.2
RJ;446.1
PB;
SP;703.0
RJ;710.1
PE;
AL;735.9
SP;772.9
PA;
CE;405.4
MG;398.8
RJ;579.4
CE;620.2
MG;744.2
PE;520.2
CE;
RJ;477.3
GO;469.4
MA;442.6
MG;577.0
PB;745.3
GO;515.2
PE;
SE;481.1
MG;698.6
PE;462.9
MG;644.5
SP;417.7
GO;466.7
SP;497.9
MA;620.4
TO;523.3
RJ;499.2
RS;728.7
DF;440.6
RS;628.6
PI;
GO;
PA;482.0
SP;518.3
CE;
BA;425.0
SE;884.6
ES;767.3
BA;
BA;446.8
PE;616.8
PE;527.3
GO;
PA;498.0
PI;455.1
DF;442.0
AC;434.1
MG;662.6
PE;496.4
PA;740.5
SP;758.3
SP;609.2
RJ;
RS;444.1
PB;386.5
SP;651.5
CE;429.6
MA;
AM;
GO;557.6
RN;520.3
BA;485.4
SP;
MG;
RJ;578.7
RN;421.3
AL;453.6
PE;
MA;405.2
GO;
RJ;406.7
RS;875.2
CE;
GO;531.8
SP;483.6
MG;715.7
MG;
RJ;690.9
MA;421.1
CE;485.6
PA;
SE;
RJ;441.0
PA;
BA;475.8
SP;449.5
SP;503.0
CE;424.2
SP;463.2
BA;542.0
SE;495.7
BA;467.8
CE;552.3
PA;433.7
SE;604.9
MG;564.7
SP;
GO;518.3
SP;604.4
SP;803.5
RS;416.2
RS;510.6
SP;569.8
PE;683.3
RN;430.3
TO;438.4
BA;
PA;
TO;528.5
PB;674.8
AP;391.9
PA;447.2
BA;449.3
PA;450.3
BA;382.5
AM;556.2
GO;433.6
PE;551.8
BA;598.6
MS;547.8
GO;
SP;758.2
MG;418.0
CE;
MA;415.6
PB;461.1
PA;655.0
SP;707.7
PE;651.7
MA;492.2
RJ;827.8
MG;531.7
GO;
PA;
PI;476.5
DF;403.7
SP;743.8
SP;
PA;419.9
SP;640.9
GO;413.4
MG;552.4
RS;
SP;463.9
CE;
PA;
PE;
PE;
CE;602.2
ES;538.0
SC;587.6
GO;518.4
PB;419.4
RN;573.0
GO;508.9
SP;640.2
MG;
GO;
RS;540.8
ES;419.3
PI;625.6
MA;559.5
MG;
PE;699.5
CE;436.6
MG;544.3
GO;473.7
SP;658.4
SP;576.5
PB;649.6
PI;
BA;
CE;522.6
BA;423.8
BA;512.7
CE;416.4
BA;455.1
PE;731.2
SP;653.5
BA;521.0
MG;
BA;516.7
BA;407.8
MG;629.1
GO;531.1
SE;
MG;429.4
CE;707.7
CE;551.9
RS;433.8
MG;
GO;
RS;474.1
GO;
RJ;428.4
MA;382.9
PI;434.1
MG;443.4
MG;487.9
MA;494.0
GO;
MG;423.1
AL;
BA;720.9
SC;652.0
BA;514.8
SP;686.3
MA;523.6
PI;548.2
PE;
BA;576.9
CE;394.7
SP;580.4
SP;377.2
BA;418.0
CE;619.7
PI;387.2
MA;462.2
PA;
GO;460.3
PR;644.0
CE;
RS;398.4
RJ;584.9
CE;440.4
MG;655.5
PB;442.8
GO;431.7
RS;742.7
CE;601.5
SP;446.7
GO;445.9
SP;
AP;472.0
PR;543.8
ES;718.0
PE;598.0
SP;506.6
SP;496.9
PI;561.0
SC;458.3
CE;554.3
BA;
PB;698.6
GO;545.4
CE;622.5
PR;446.4
CE;585.3
SE;573.6
CE;446.0
RN;566.7
RJ;619.3
CE;638.5
CE;446.0
RS;783.7
PE;372.3
CE;418.4
MG;566.1
CE;661.6
TO;611.8
ES;503.1
GO;597.3
SP;431.6
PI;780.8
MA;553.1
MG;616.4
CE;570.1
AM;422.8
PE;594.0
MA;614.5
SP;455.8
RJ;395.4
GO;479.7
CE;396.1
CE;471.2
MG;681.7
PR;
MA;482.9
GO;
BA;610.1
CE;
GO;552.7
TO;
RJ;597.3
MG;
MG;702.7
DF;
MA;433.4
CE;528.6
RJ;498.8
PI;715.8
BA;709.7
PR;581.2
CE;574.0
MG;569.6
CE;778.2
PR;573.9
DF;547.7
RN;436.0
PE;656.3
BA;492.2
RS;400.5
MG;478.2
PI;544.6
SP;421.2
GO;826.9
MG;580.6
PE;481.4
MA;
RN;691.0
PA;450.8
SP;626.7
PA;485.4
CE;395.3
CE;432.0
PE;535.0
PB;523.8
PE;703.0
MG;611.5
CE;665.3
RJ;480.7
PB;552.3
BA;406.0
SP;454.9
SP;653.2
MG;434.6
ES;
BA;501.3
SP;
CE;532.3
CE;443.5
PB;427.5
GO;450.4
RJ;405.3
DF;
PA;
PA;400.5
AM;644.6
SP;
SP;
SC;
PE;567.2
PA;616.7
MA;593.6
RJ;
PE;638.3
PR;501.4
CE;
BA;483.5
PR;398.5
BA;516.8
PI;553.6
CE;612.0
SE;727.3
PR;584.4
CE;609.3
BA;442.5
MG;393.8
SP;369.6
CE;
PA;
GO;
GO;498.6
GO;
PB;406.4
PE;628.3
AL;673.9
SC;495.1
BA;411.7
PE;778.6
RJ;420.6
GO;439.5
CE;595.1
GO;442.9
SP;786.7
CE;592.7
GO;477.2
BA;
MA;625.8
SP;614.9
GO;398.2
SP;551.6
PA;452.0
SC;467.1
CE;386.5
CE;573.3
SP;551.4
SC;532.8
SE;423.0
AL;
RN;560.2
RJ;357.0
GO;403.2
ES;584.7
AL;394.1
PE;510.9
SP;
GO;578.7
GO;
MT;441.8
PE;410.6
SP;509.3
MG;588.9
MG;598.1
MA;452.9
GO;518.6
RO;499.1
RJ;383.2
CE;463.0
PA;
GO;
SP;526.9
MG;516.8
PE;669.3
CE;583.0
MT;519.5
CE;560.4
BA;383.9
GO;427.3
MG;461.9
CE;
RN;
SP;625.3
GO;378.3
GO;
RJ;492.6
CE;401.9
SE;568.0
PI;447.5
RS;411.3
RJ;594.3
GO;444.4
SP;
GO;375.6
GO;627.8
GO;532.3
PB;418.9
PI;510.5
BA;393.0
SP;614.4
SP;575.7
GO;551.7
SP;418.6
PR;
GO;493.2
CE;614.5
GO;620.4
CE;
ES;631.9
TO;
MA;612.6
CE;708.9
BA;450.8
PE;
MG;457.3
PB;466.2
MA;851.8
CE;
BA;545.3
ES;458.0
SP;658.2
MG;872.8
CE;412.2
MA;515.0
RO;815.3
PI;367.6
PB;506.7
PB;
SP;625.1
MA;576.4
GO;547.7
SP;
SE;804.4
PR;
RJ;694.7
CE;412.0
BA;636.5
RJ;
CE;434.2
CE;445.1
RJ;
PR;459.5
SP;497.4
BA;475.0
MA;452.9
CE;
CE;548.3
GO;
SP;626.6
GO;694.7
PR;475.4
SP;708.8
MG;
PR;
RN;388.9
SP;641.1
PR;463.8
RJ;594.0
PB;558.6
PA;431.8
CE;
PA;419.7
CE;535.2
MG;516.8
CE;
PE;463.9
RJ;433.0
PA;
MG;
SP;430.0
RJ;615.3
SP;555.5
CE;
RO;
GO;497.7
RO;
MG;490.3
RJ;558.1
CE;435.8
BA;482.6
RS;704.8
MG;663.3
GO;
RO;575.3
MT;419.9
RJ;588.7
MG;630.4
PI;385.2
RJ;
PR;712.8
MT;625.0
RN;445.2
PR;716.9
SP;463.3
MG;541.8
RN;399.3
SP;561.1
RJ;742.6
RJ;507.2
MG;623.6
CE;
BA;417.3
MG;602.9
BA;742.9
CE;
MG;661.4
PE;587.5
ES;563.7
GO;515.9
PR;720.4
ES;
RJ;423.6
PA;
MA;463.5
SP;542.8
PA;455.1
BA;538.0
PB;445.2
RS;432.8
GO;
CE;615.0
PR;451.3
PR;
SP;497.7
MG;639.3
PR;490.1
BA;660.3
MG;766.1
CE;586.7
CE;377.4
GO;
PE;564.0
AM;
GO;444.6
SP;586.6
MS;
ES;479.5
PA;481.3
ES;
SP;
PE;466.0
MT;
RN;
PA;409.1
GO;
CE;420.2
PE;
CE;
BA;606.2
AL;508.3
SP;607.8
PB;
SC;
RS;703.8
SP;648.6
GO;621.1
PA;457.3
TO;505.0
PI;466.5
RS;544.3
PA;520.0
CE;
ES;681.3
MT;613.6
MG;625.1
GO;
PA;365.8
MG;737.9
SP;626.1
MA;508.0
PR;611.7
BA;584.2
PR;436.3
ES;526.2
SP;
CE;484.9
DF;796.2
MG;668.6
MA;477.8
CE;480.8
RJ;606.5
RJ;518.7
CE;587.0
PR;583.7
SP;789.7
GO;386.1
PB;493.7
SP;
PR;
RJ;397.4
PI;518.2
GO;
MG;626.4
PA;
AL;377.4
MG;479.1
CE;475.3
MG;
SP;602.8
SP;649.9
PA;448.9
SC;600.9
MG;569.0
MG;569.8
MG;664.7
MT;433.4
SC;468.2
RN;
PA;559.1
SC;
BA;499.0
CE;
RJ;536.1
GO;
MG;619.5
BA;464.9
RJ;
PR;561.4
RJ;482.9
MA;417.8
PB;409.8
CE;
BA;392.2
PA;533.0
CE;537.8
CE;
MG;
GO;489.4
MT;434.9
BA;577.8
PA;588.6
BA;
CE;375.2
GO;667.7
GO;
MT;552.6
MG;506.7
GO;
PR;460.1
MG;746.3
MA;648.5
PR;640.5
MA;402.8
PE;441.8
CE;392.1
MG;
PR;435.5
CE;392.3
SC;693.4
SP;720.7
PB;
CE;420.7
GO;
RJ;472.0
DF;594.5
CE;419.0
PI;610.1
PB;477.8
PA;659.7
PE;
RN;724.5
MA;
BA;424.2
SE;450.8
SP;659.2
SE;521.0
PA;437.8
GO;462.2
RN;650.9
CE;423.4
GO;772.2
PE;509.2
CE;822.5
SP;560.0
CE;
RJ;674.6
BA;
MA;475.6
BA;492.0
BA;390.3
PB;428.3
PE;581.2
MG;563.5
PI;677.6
GO;426.6
GO;462.8
RN;
CE;
MG;
GO;
BA;651.4
PA;429.8
MG;514.5
PR;543.6
AC;401.7
CE;458.5
PR;705.2
RN;
MS;583.6
PA;392.3
BA;
RN;590.3
RS;400.4
SP;
RJ;442.3
ES;
PA;415.4
MA;571.0
MA;
GO;430.6
SP;505.1
BA;
CE;
SE;427.3
MG;668.1
MG;534.1
SP;543.9
PA;424.6
CE;468.4
PE;435.6
CE;594.6
BA;412.1
MG;730.5
RS;527.4
MS;408.3
RS;823.4
RJ;589.7
ES;734.3
RN;437.8
MA;562.2
RJ;495.9
PE;558.9
PR;444.8
PA;466.1
RJ;392.6
PA;
PI;449.8
BA;730.6
AL;441.5
PE;647.0
CE;
BA;666.9
TO;
RS;
MT;
CE;
CE;383.1
PI;
GO;708.5
SP;525.6
SP;642.2
PA;
MG;683.8
GO;
SE;426.7
AL;538.6
RJ;581.4
PA;613.8
PA;431.1
SP;
MG;546.4
PA;555.0
SC;418.5
PA;413.1
MA;450.5
SP;
RR;591.2
MG;806.6
PA;546.9
MG;521.9
PI;447.2
SE;394.5
CE;718.0
MG;552.9
RS;496.1
PB;478.0
SP;755.6
MA;448.9
RR;
CE;416.6
PA;437.5
PR;525.8
MG;777.3
BA;458.9
PA;414.4
SP;683.7
RJ;449.0
CE;491.0
RJ;428.3
PE;624.2
CE;400.0
PA;516.6
CE;645.9
GO;
MG;521.2
PE;739.4
SP;
MG;426.7
GO;
RJ;396.7
GO;445.3
MG;529.8
PE;539.1
MG;
PI;475.2
SP;415.8
ES;461.7
RJ;
PB;677.8
AM;483.3
BA;532.2
MG;469.0
RJ;
RN;518.5
MG;721.6
MA;571.4
SP;
DF;634.6
SP;705.6
PE;
PA;496.2
PA;565.4
MG;394.5
RN;479.0
MG;400.2
AM;
MG;719.3
PA;460.3
ES;
DF;382.8
MA;421.7
SE;
BA;408.9
GO;609.8
PE;
GO;
BA;565.9
PI;593.3
PE;612.9
CE;412.3
PB;454.7
RJ;659.1
PR;404.7
PE;637.9
GO;496.7
SC;
CE;450.5
AL;616.6
PE;506.1
BA;482.0
PB;431.8
MG;657.8
MG;409.6
SC;449.1
BA;467.7
SC;
PE;389.7
BA;389.4
BA;400.8
SP;633.0
RS;723.5
BA;581.0
PR;
MA;
PA;491.7
ES;557.3
SE;398.4
BA;607.7
PB;
RJ;398.5
CE;507.9
CE;626.2
BA;
SP;
AC;499.1
CE;561.7
MG;694.5
CE;601.6
CE;690.3
RR;448.5
MG;414.8
RN;467.5
PE;585.6
GO;416.9
TO;389.7
MG;428.2
GO;486.6
GO;460.6
SP;
GO;
MG;741.2
MG;493.5
SP;
RN;566.2
PE;
MT;503.6
CE;766.7
MG;572.6
GO;447.5
SP;686.7
MA;607.1
GO;451.1
RS;478.4
RO;508.7
CE;
GO;423.9
PA;474.8
BA;390.5
PE;
SP;659.0
RJ;572.7
PB;672.3
MG;715.0
SE;
RN;607.5
MA;477.7
SP;626.1
PE;408.0
CE;675.9
RS;
SC;604.0
RS;
RJ;491.7
SC;461.4
MG;597.1
PA;466.0
BA;436.6
PI;525.8
RN;411.9
CE;614.4
DF;668.3
PA;543.4
SP;607.3
SP;549.7
PI;524.8
GO;
CE;459.5
CE;
DF;413.4
SC;
TO;
MG;
SP;451.1
GO;
RO;404.5
RS;475.4
BA;596.6
MT;382.6
MG;
CE;641.2
SP;472.1
MG;434.5
RJ;537.1
SP;492.4
MG;498.0
PE;532.6
CE;457.6
GO;
PE;
PR;688.5
GO;596.7
MG;718.7
TO;
MG;629.0
PA;422.1
PI;480.9
MG;726.7
RJ;414.9
CE;512.7
SE;377.0
RS;463.5
SP;640.6
SP;400.4
MA;
RS;689.3
CE;654.4
RJ;
MG;639.1
PR;602.4
PI;
CE;
CE;597.1
SP;
RN;568.2
GO;500.9
PI;
GO;
PI;618.2
ES;398.4
PE;401.4
BA;410.6
MG;
SE;475.8
BA;536.3
RS;754.2
RJ;486.3
RJ;492.3
BA;454.9
SP;498.3
GO;419.1
ES;
RJ;519.7
CE;387.1
MG;619.6
BA;503.8
PA;
SE;406.1
MS;710.7
RJ;506.9
PA;438.2
RR;575.2
PI;495.3
PE;567.7
MA;495.6
BA;558.6
SP;518.2
GO;
PI;409.2
CE;395.2
BA;
ES;381.2
PB;718.7
PB;456.8
SE;
BA;655.3
CE;698.3
PB;710.8
PE;407.0
RN;469.1
SP;655.7
PB;657.2
MA;
CE;644.6
CE;424.3
MA;584.6
RS;476.6
GO;633.4
AM;447.3
SP;660.8
RS;390.1
PE;461.9
PB;456.9
PB;629.7
AM;432.5
PR;
BA;
MG;
BA;454.3
PB;541.2
SP;643.7
CE;594.1
MG;522.0
MT;
RJ;647.1
RS;378.5
DF;512.3
PB;504.7
MG;
AL;
PE;433.6
CE;
ES;638.6
SP;
PI;514.9
BA;
RJ;410.5
GO;580.9
SP;
CE;479.4
GO;410.2
RJ;415.4
PA;
PR;486.4
PE;642.2
PA;433.2
PB;456.6
DF;552.0
CE;601.5
MG;
BA;648.1
BA;564.0
CE;639.3
AL;557.4
RJ;429.3
BA;735.5
SE;554.8
CE;539.3
PE;
MA;
MG;564.4
BA;424.5
PB;542.2
SE;
TO;478.2
BA;530.9
PA;
PB;543.7
RJ;
MA;611.3
SP;520.2
RJ;
BA;423.7
RS;673.8
SP;596.3
GO;415.0
GO;631.0
DF;
PA;641.1
GO;
SP;783.7
MG;543.1
SE;
RN;
SP;783.0
GO;
SP;639.9
RN;569.8
SE;
SP;651.9
MA;435.6
PB;630.0
GO;458.6
CE;444.6
PE;
SP;632.9
RS;498.3
SC;486.2
SC;
MG;669.0
BA;489.3
CE;420.4
PR;723.3
BA;527.3
ES;631.6
PA;562.2
CE;522.0
BA;488.7
SP;640.3
CE;408.5
RJ;510.1
CE;605.8
MA;405.4
PA;449.1
ES;579.6
AC;
CE;567.2
SP;
PB;437.1
RS;762.4
GO;504.6
MG;
GO;418.7
MS;666.4
MG;582.8
SP;
RN;480.1
MG;
PR;
CE;
CE;603.3
PB;735.5
MT;451.1
PR;714.7
BA;461.6
AM;398.7
RS;702.5
BA;510.8
MG;
PR;694.8
SP;
PB;545.8
CE;436.1
RS;526.8
CE;426.2
MG;645.4
MG;586.7
PA;452.4
CE;518.6
RN;466.6
CE;
MG;488.7
CE;608.1
SP;515.1
CE;595.7
PE;399.1
AM;
BA;714.5
RN;507.8
RS;691.5
BA;486.3
SC;
GO;
PE;
ES;515.8
PA;
CE;439.8
AM;723.4
CE;388.2
MA;359.6
BA;555.1
PA;472.8
PA;571.4
SP;422.1
PI;457.5
GO;729.7
BA;794.3
MG;672.4
MG;
BA;405.6
PI;453.2
RJ;407.6
MG;474.5
MT;518.9
RS;
CE;406.9
MA;461.2
PE;460.1
MA;375.0
PR;510.6
ES;681.1
AM;609.5
SP;558.0
CE;437.0
SP;555.5
CE;436.8
GO;408.9
MA;
BA;677.8
MG;546.8
SP;
AL;655.0
SP;520.7
DF;
GO;576.8
MG;499.0
MG;461.6
SP;631.4
PR;655.0
CE;789.1
AL;404.4
BA;673.7
MG;672.1
MA;419.7
RN;447.3
DF;
BA;412.7
TO;438.4
CE;
RJ;399.7
MT;
MG;555.9
CE;403.0
PE;428.1
PE;823.3
ES;726.4
PE;805.8
DF;460.5
RS;590.9
BA;
AL;386.8
CE;434.4
AL;494.5
PA;557.1
PB;394.4
CE;
GO;480.9
AM;
GO;520.6
CE;
SP;599.9
CE;861.0
MG;584.4
MG;817.2
PA;410.4
PR;660.2
RJ;388.1
RN;413.0
SP;631.9
PE;551.5
TO;463.6
BA;368.6
BA;439.4
MG;792.2
ES;623.9
MA;396.4
SP;
ES;435.3
CE;711.6
PA;465.7
PR;500.2
RS;625.6
RJ;778.8
MG;518.8
CE;507.4
SP;402.7
PE;
PB;551.2
PA;531.5
MA;484.9
MA;
CE;517.2
PE;581.6
PE;534.0
MG;
PB;456.9
AL;469.5
PE;390.7
AP;
BA;373.0
AM;496.9
DF;
MG;783.7
SC;389.7
SP;633.4
PE;
MA;510.0
CE;424.0
MA;413.7
PB;398.1
BA;415.5
MA;432.5
CE;
PE;536.3
BA;416.4
SE;841.7
RJ;634.6
CE;444.2
CE;
AL;417.3
PE;404.8
MG;
PR;488.9
PE;509.7
GO;511.9
TO;435.5
SP;
TO;
RS;511.6
SP;716.4
MG;
CE;739.7
RJ;
SP;662.2
MG;802.7
BA;375.9
BA;497.0
PB;394.8
PA;419.1
PB;542.8
PE;
SP;485.2
MA;468.6
PI;604.0
MG;464.4
CE;558.6
SP;579.1
CE;
PR;417.2
SP;732.3
BA;606.5
RJ;
GO;469.3
GO;585.2
CE;418.6
CE;407.1
DF;
GO;
CE;553.4
BA;476.2
RJ;693.9
RJ;508.2
DF;428.7
RS;
PA;
SC;619.7
SP;670.6
PB;463.2
AP;397.8
PA;586.6
PB;398.1
BA;597.7
PB;656.8
MG;636.3
AL;
DF;731.3
CE;414.5
RJ;461.0
SP;690.1
SP;773.5
PB;
PI;458.6
CE;603.9
RJ;483.7
RN;
RJ;754.4
CE;581.2
PE;
PE;417.7
ES;
AC;646.5
BA;638.0
MG;501.0
MG;537.6
MA;510.5
PR;455.8
RJ;
CE;533.7
MG;656.6
RN;470.6
GO;439.8
RS;713.1
MG;486.0
SP;839.1
CE;394.6
RJ;
DF;
RN;586.0
CE;552.1
CE;406.4
RJ;621.6
MT;412.7
SP;402.2
BA;470.3
RN;430.0
MG;
RS;687.6
CE;
MA;419.8
PE;531.0
AP;566.6
SP;657.3
SP;553.2
GO;
MG;433.9
SP;
MG;
SP;
DF;649.1
PE;496.6
CE;734.8
GO;
GO;834.9
BA;
GO;
MG;423.2
RJ;485.0
AL;488.4
PB;469.6
PE;
RS;747.1
SP;696.2
SP;583.6
GO;687.6
RN;
SP;387.4
CE;409.4
PA;533.3
PE;
PA;574.8
PB;541.2
MS;386.6
RJ;544.9
MG;577.1
DF;428.9
CE;670.2
PB;382.0
MG;455.5
PI;513.4
RN;524.3
RS;558.9
PA;518.5
GO;528.1
MA;413.2
CE;626.6
SP;
MG;568.2
SP;694.2
ES;772.4
BA;
MS;622.4
MG;402.1
PE;630.9
SP;708.3
SP;719.8
MA;380.5
GO;
BA;589.6
CE;422.8
PI;710.3
CE;424.2
PE;386.2
CE;449.7
RJ;
RS;482.5
MG;443.0
PA;595.2
ES;
GO;526.1
DF;648.4
MG;619.5
SE;626.6
RJ;410.3
RJ;540.5
MA;361.3
PI;
SP;560.0
PR;457.0
RJ;
SP;403.4
BA;567.5
CE;579.9
RS;694.5
SE;460.2
PI;676.6
PA;478.5
AL;457.6
RS;563.6
CE;404.0
AL;508.0
PB;
AL;458.1
AL;400.2
MG;743.2
BA;
SP;437.6
CE;
ES;601.8
TO;534.6
RS;
MG;657.1
SC;
RJ;381.5
CE;527.7
AL;452.7
MG;790.7
MA;463.1
GO;520.2
MG;705.6
GO;
BA;
PA;571.9
RJ;429.5
RS;844.6
ES;581.6
SP;547.1
AP;648.5
CE;388.7
SP;
RN;
RJ;564.3
MG;
PB;
MA;
PE;371.9
SP;464.1
PA;735.2
RJ;500.3
AM;
PR;443.7
RJ;
ES;669.4
GO;
RJ;511.1
CE;395.5
PA;413.2
MG;628.3
CE;675.3
PE;423.7
BA;392.1
GO;434.2
DF;
PA;428.4
RS;729.1
MG;
SP;646.5
MT;
PR;
PB;571.8
CE;409.7
SE;746.1
AP;623.6
PE;701.2
BA;394.1
AL;661.8
BA;377.7
CE;683.6
MA;459.0
PR;580.8
CE;424.3
PA;389.5
SC;541.4
RJ;497.7
CE;550.5
BA;397.7
SP;442.3
PB;588.6
GO;541.7
PA;
ES;506.7
CE;
MG;761.7
MA;596.6
SP;676.8
MG;441.0
SP;570.5
MG;689.7
PA;487.0
MS;
SE;438.4
RJ;848.4
BA;519.2
GO;441.1
PB;482.5
CE;510.6
SE;491.7
BA;408.2
ES;420.3
CE;
PE;419.4
GO;466.4
SP;726.4
PA;490.4
CE;484.2
RN;672.9
AL;489.6
CE;393.1
RJ;
BA;609.7
CE;
CE;445.2
MG;477.6
PE;450.1
TO;
BA;529.0
SP;
DF;434.7
GO;415.4
RJ;668.9
CE;
RR;
RN;469.3
PE;557.5
RJ;508.6
AM;655.2
SP;693.1
SP;
GO;
MG;672.4
SP;455.8
PR;364.5
CE;403.5
SP;
MG;
MA;722.9
PE;470.3
MS;405.8
PE;
PI;420.2
MA;620.7
PB;404.7
SP;
DF;
ES;617.1
CE;514.2
RJ;420.4
RS;734.9
PB;457.7
MA;592.0
MG;555.5
SP;658.0
RJ;
MG;688.6
SP;602.0
RJ;773.9
PA;
AM;397.9
MG;576.2
PB;590.8
DF;492.8
BA;517.3
SP;784.7
MG;537.7
MG;885.1
PB;
GO;
RJ;526.3
SC;630.3
SP;599.8
AL;687.9
BA;479.2
AM;534.2
MG;575.3
CE;643.8
BA;
MA;527.4
SE;472.7
SP;732.9
TO;392.1
MG;
BA;
CE;
DF;605.1
CE;515.6
PE;628.1
SP;
GO;427.5
SE;627.3
MG;567.0
SC;676.7
SP;
BA;637.3
CE;513.3
SP;
RS;
MG;
MA;461.5
MG;691.9
AM;
GO;438.6
SP;555.3
BA;439.4
SE;403.7
RJ;636.7
CE;
MG;390.5
CE;
SP;713.7
BA;436.7
SP;795.3
CE;476.9
RO;397.4
AL;724.7
SP;766.5
SC;463.7
RS;425.4
SE;689.0
GO;549.8
GO;622.4
RJ;520.4
AM;566.4
PR;
SP;593.4
PE;625.0
PA;518.2
SC;616.4
RJ;
RJ;531.8
BA;447.5
PB;599.7
BA;598.5
TO;
GO;606.2
CE;585.0
RN;405.0
PA;358.8
SP;609.2
SP;608.3
MG;511.6
GO;
PI;747.9
GO;
RJ;374.7
PI;399.0
RN;443.9
MA;728.3
SE;470.4
CE;587.1
RJ;
GO;590.0
PE;
GO;657.0
RN;632.9
ES;596.8
GO;567.0
GO;634.2
BA;410.4
BA;
CE;658.7
CE;
PI;623.9
RN;398.9
BA;514.9
PB;
MS;520.3
CE;405.3
BA;
PA;
RN;490.7
CE;463.1
GO;
BA;683.5
ES;624.5
GO;
BA;
CE;590.4
PE;445.9
BA;514.3
GO;
BA;555.9
PA;408.6
AL;518.3
BA;477.1
ES;651.4
MS;411.3
PB;622.0
CE;744.8
CE;513.4
CE;672.5
CE;630.4
RJ;619.0
MG;510.4
AP;548.4
PI;522.0
RJ;564.4
GO;
PI;746.1
PB;796.5
SP;593.1
GO;
MS;
MT;
BA;471.2
RJ;662.8
SP;407.7
RJ;
PR;
PE;
MG;386.2
CE;398.8
SP;591.3
CE;575.1
RJ;643.8
PB;404.5
GO;
CE;453.4
SP;517.8
MG;674.7
AL;406.3
PE;394.2
MG;
SP;
PA;
CE;611.8
PA;637.9
MG;547.7
RJ;652.0
GO;
MG;452.4
PB;589.8
BA;638.4
GO;526.7
RJ;
RR;479.3
RJ;
CE;480.2
CE;379.4
GO;497.8
RJ;577.9
PI;430.1
CE;443.4
CE;437.4
CE;457.3
RJ;392.6
AL;
MS;486.5
RS;
ES;
MG;655.6
CE;453.5
CE;442.7
AL;
MT;450.4
PE;
MG;
CE;361.7
CE;388.6
MA;685.0
SP;431.0
DF;
BA;
BA;389.9
AP;499.8
BA;
GO;633.4
RJ;513.6
PI;617.5
RN;
MG;673.6
MG;585.5
PR;578.4
RJ;760.2
AM;
RN;412.2
AM;498.9
PB;604.0
BA;
SP;
SP;740.0
BA;462.8
CE;463.2
GO;
PR;
ES;
SP;
SP;925.9
BA;411.4
SP;564.0
PR;497.1
MA;381.3
RJ;388.1
MG;617.2
GO;414.0
BA;
BA;467.7
SP;521.1
DF;722.4
MG;547.4
MG;427.1
SE;701.5
MG;
BA;386.0
SP;545.3
GO;450.9
MG;397.7
SC;416.2
MA;437.7
AP;474.4
MT;461.7
PI;695.2
CE;477.4
RJ;663.2
GO;398.6
PI;383.1
RJ;
AL;405.9
GO;420.1
CE;
RN;
RJ;
GO;434.0
PA;416.0
PR;500.5
CE;
MA;584.1
PI;627.3
CE;
GO;
MG;647.6
SC;578.2
PB;527.6
RS;794.3
MG;
CE;444.0
AL;434.5
MG;583.1
RJ;399.9
ES;834.1
BA;503.8
PB;387.9
PA;
SP;566.1
MG;630.7
RS;707.2
MG;
CE;629.0
SP;
SE;399.3
GO;543.2
SP;550.0
MA;
GO;468.8
RJ;537.8
PE;592.1
PE;536.7
RJ;444.5
MG;467.3
PR;
MG;575.7
GO;392.4
GO;402.0
RJ;600.6
MT;
CE;438.8
MA;377.9
RN;456.8
PR;627.9
SE;547.6
SP;
PB;439.2
GO;
BA;511.4
CE;591.0
RN;689.3
BA;
PA;
MA;421.0
CE;429.6
PI;715.8
RJ;551.3
MA;
RN;545.1
GO;648.9
RN;616.2
PR;576.9
CE;
CE;462.2
PA;694.9
RJ;543.7
RN;484.0
CE;529.6
MG;687.8
AM;
SP;
BA;467.1
CE;472.8
CE;570.5
PE;734.0
AL;
PA;
PR;408.5
PI;444.4
DF;
AL;738.7
PE;786.5
SE;
BA;682.0
AL;523.7
RN;642.6
CE;430.5
SP;
RJ;
SP;
RS;693.1
AM;550.7
DF;578.8
SP;704.1
MG;539.9
SE;433.6
GO;
BA;522.0
CE;625.6
CE;525.5
BA;673.5
CE;
CE;397.6
GO;
PE;460.9
PR;600.5
SE;542.5
PB;449.2
MA;390.5
PE;686.3
SP;384.8
CE;590.0
SP;
RJ;559.4
BA;464.1
PB;793.1
RJ;661.4
GO;
RJ;365.8
ES;403.3
BA;476.3
MA;604.7
MG;705.2
CE;
GO;553.0
ES;691.7
SC;468.6
SP;374.3
MG;455.8
GO;473.7
PR;573.9
RS;
CE;447.8
PE;
PA;444.4
SP;
PE;
SP;602.6
DF;504.9
MA;
MG;809.5
RJ;401.5
MG;670.3
PI;520.1
MA;
BA;444.8
BA;375.5
MA;508.1
MA;682.2
RN;756.3
AL;551.9
AP;
PE;
BA;490.1
BA;387.4
PA;658.7
CE;
CE;456.7
GO;768.4
PA;491.1
RN;579.1
PE;
RN;402.0
RN;581.3
MS;426.5
GO;540.9
CE;
GO;562.0
GO;
PA;407.4
SP;
MG;458.7
SP;495.7
PA;445.0
SP;547.8
CE;
RJ;510.6
BA;636.5
RN;418.2
GO;
CE;
BA;417.7
SC;
CE;405.2
SP;621.1
PR;614.8
SE;386.6
DF;450.2
DF;432.1
SE;374.7
CE;
SP;443.5
CE;573.8
PR;479.3
MG;
RJ;
SP;722.5
ES;712.9
MT;
BA;409.2
PA;404.6
TO;361.3
MS;
GO;
SC;574.2
SP;461.7
SE;480.0
RJ;755.2
MG;763.7
GO;
CE;630.2
GO;384.8
SP;399.8
CE;627.3
AM;402.5
GO;512.5
PI;389.6
RJ;675.0
CE;412.5
RS;478.5
RJ;478.1
RJ;556.5
MG;577.3
PA;486.7
MS;455.3
CE;484.4
PB;
BA;730.5
AL;449.3
GO;492.3
PA;523.9
PB;398.9
CE;375.6
PR;
GO;412.6
RS;397.0
CE;442.5
SP;451.8
MA;583.0
PE;431.4
MA;455.8
MG;676.6
CE;590.3
SE;641.8
BA;496.8
GO;417.4
PB;482.8
MA;
SC;
BA;458.2
SP;688.1
SP;518.6
SP;643.4
PA;627.1
GO;468.7
SP;
GO;414.6
BA;529.2
RJ;541.4
GO;444.5
GO;
RS;
SE;492.6
MG;707.7
MG;458.0
AC;436.6
MT;457.9
PE;591.6
BA;452.6
PE;611.6
RS;518.9
PA;415.7
BA;806.2
RO;411.0
DF;657.7
AL;525.5
MS;
AL;375.7
DF;659.6
CE;454.0
PI;
RJ;453.7
PA;425.3
PR;388.1
ES;
SP;474.6
MA;510.4
AP;451.1
PI;474.5
MA;491.1
GO;
BA;400.8
MG;786.8
GO;379.0
PB;393.9
PB;674.6
TO;552.7
RJ;
SP;
CE;
CE;620.9
GO;
MA;
BA;646.8
PR;
GO;421.2
PI;485.5
SP;408.7
CE;
CE;459.1
BA;454.4
CE;554.3
MG;
SP;
BA;521.3
DF;
RJ;444.6
MG;
MG;642.0
ES;658.8
CE;371.5
RJ;730.8
GO;412.3
SC;734.9
MG;448.1
RJ;402.2
PR;597.2
MT;
AL;
RS;654.4
MG;709.3
BA;573.6
SP;670.9
CE;446.5
GO;
RS;575.1
BA;471.5
CE;546.8
BA;483.2
CE;685.6
PA;466.4
CE;
MT;557.9
RJ;595.6
MG;
RS;
PE;
BA;408.4
RJ;386.1
RJ;807.1
PE;754.3
ES;844.1
RJ;474.3
AL;
GO;411.8
BA;477.7
CE;427.4
PE;397.3
TO;402.1
SP;
RJ;533.9
MG;485.7
SP;689.2
SP;
MA;
PI;456.7
SC;525.2
CE;430.2
PA;
PR;
TO;
RN;
PE;
PE;
CE;
RJ;440.2
CE;758.7
GO;509.3
PE;382.9
BA;
CE;623.6
BA;540.4
SC;533.2
PA;
PE;575.7
RJ;550.9
SP;493.9
MG;412.3
PE;649.6
SP;628.2
GO;795.9
CE;423.8
GO;634.1
SP;570.1
PI;450.8
SP;464.2
SP;664.0
SE;566.1
PR;607.8
BA;767.3
PB;516.7
MG;833.2
MG;551.0
PA;445.6
MG;655.1
CE;
CE;
BA;754.9
PB;578.5
MG;721.4
PB;626.5
PB;415.1
PB;592.3
PA;642.2
RJ;
ES;661.0
PA;483.4
RN;453.8
CE;410.2
GO;
SP;538.0
CE;403.2
SP;833.2
MG;757.0
RJ;567.2
BA;661.2
RJ;363.3
RJ;435.4
SE;545.9
BA;461.7
MG;584.2
SP;840.0
BA;504.8
SP;683.8
MG;457.4
CE;559.6
SP;601.6
RN;574.0
CE;502.0
RS;464.0
CE;600.2
PR;646.3
DF;
RN;776.7
MG;723.6
PI;477.3
MT;517.4
GO;
GO;
CE;
RJ;812.1
MG;717.6
RJ;669.8
SP;603.8
MG;
CE;429.9
RS;459.5
SP;396.0
PE;832.7
MA;507.2
PE;621.6
MA;608.5
PE;446.6
CE;
SP;578.2
SP;650.2
RJ;
SP;622.1
MA;480.8
MG;391.0
SP;690.0
MG;722.0
CE;640.2
RJ;393.7
CE;432.1
MG;551.1
RN;511.1
DF;629.0
SE;752.8
SP;807.9
PE;473.1
MG;390.0
GO;494.6
PI;703.7
CE;476.2
MA;592.8
SP;491.0
MG;696.2
GO;483.7
DF;534.4
SP;368.1
RN;488.3
MS;426.0
RS;410.4
PR;
RS;543.4
SP;781.6
PR;515.9
MG;740.5
RN;652.2
MG;
CE;436.4
BA;432.8
PE;
RJ;595.1
GO;
PB;456.1
MG;627.3
BA;398.2
PA;
RN;571.2
RS;581.9
MT;620.4
CE;666.4
BA;401.8
BA;448.6
RN;481.2
ES;
RN;821.8
CE;405.8
PA;
CE;601.0
SE;489.3
GO;574.3
PR;464.5
AL;
CE;
CE;414.9
RJ;588.2
MS;
RJ;
CE;597.8
PI;580.6
PR;
GO;433.0
RJ;622.8
MG;422.8
CE;
RJ;462.5
SC;639.2
BA;507.7
SP;437.5
GO;530.0
SP;578.8
GO;530.8
CE;744.7
SP;844.1
MG;440.4
PE;662.1
GO;684.9
PR;775.3
SP;844.6
BA;519.5
PI;722.9
PE;727.3
MG;
PE;591.9
MA;602.5
SP;448.9
SP;626.1
CE;386.7
PI;
AL;536.0
MT;
SP;
BA;
RJ;693.5
MG;529.5
SC;
RN;743.9
PI;429.9
DF;
GO;459.3
PB;
CE;466.7
SP;541.4
PA;615.3
PR;431.7
PE;402.3
PA;441.4
PI;404.3
PE;
TO;
MG;490.1
CE;424.2
MG;
RJ;486.8
GO;
PE;
ES;655.7
PA;478.9
GO;
CE;
DF;489.1
CE;531.7
MG;592.8
RJ;
CE;
SP;776.5
PI;452.2
MG;630.9
SP;491.5
GO;450.2
SP;562.5
GO;546.5
RJ;732.9
MG;
BA;438.6
RJ;482.4
SP;
TO;499.0
SP;634.6
SC;
BA;477.7
PE;
RJ;502.6
PE;403.8
BA;
SC;761.2
SP;708.1
CE;741.9
CE;375.7
RN;427.5
MG;765.4
RJ;383.4
CE;
RJ;445.7
CE;421.2
PA;473.8
GO;412.3
CE;392.2
SP;
CE;430.3
BA;581.1
BA;488.9
GO;571.4
GO;425.9
ES;
ES;488.0
MG;520.5
AL;440.2
MG;449.4
CE;470.7
BA;628.7
GO;518.9
CE;617.5
SP;754.5
BA;800.5
RJ;606.7
MG;392.0
SP;645.5
SE;510.1
CE;482.9
PI;738.8
RN;
SP;671.6
ES;
SP;659.9
GO;
PR;679.4
PE;501.6
RS;583.8
GO;469.2
PB;
ES;706.5
GO;
MA;634.1
DF;517.1
SP;534.3
AL;667.2
PB;387.2
AM;430.4
SP;419.2
CE;535.1
DF;485.9
AM;516.0
PA;439.8
PE;
AP;419.6
AL;449.2
ES;466.9
MG;709.2
AL;416.3
SP;814.8
BA;403.6
PE;673.3
MA;549.4
SP;703.0
DF;731.8
MT;490.4
PA;
MG;449.2
SE;439.3
MA;469.6
MG;
RJ;605.0
PE;
SP;646.2
RS;421.3
TO;586.2
BA;
PB;406.5
MG;
BA;437.6
GO;560.6
MG;
GO;461.1
PI;621.6
SP;627.6
RJ;423.3
MA;512.0
RO;
SP;447.8
GO;
PB;
MG;767.9
RJ;453.2
SP;
PR;522.2
CE;681.7
ES;
GO;482.0
MG;415.5
BA;396.8
PR;
BA;653.4
SP;551.9
TO;475.8
PA;423.9
GO;
GO;
CE;662.3
PI;475.2
RJ;590.6
PB;465.8
GO;
TO;483.2
GO;408.6
MA;424.9
PI;488.3
MG;520.2
SC;454.4
BA;575.5
PA;609.8
PE;532.3
PE;709.1
SP;455.3
SP;502.5
TO;
MG;
RO;
PB;639.0
PA;405.9
CE;769.2
RS;530.9
BA;496.8
CE;696.2
RJ;569.1
AL;398.4
SP;435.1
AM;
CE;
PE;437.2
MG;360.4
MG;756.8
SP;704.3
BA;674.7
PB;395.6
RS;626.8
RJ;630.5
SP;454.8
BA;476.3
RJ;449.4
GO;628.3
SP;
PE;383.7
SC;588.8
PA;427.1
RO;437.7
CE;658.2
SP;689.0
PA;512.6
CE;645.9
PI;474.2
RJ;430.8
RJ;
BA;395.8
PA;410.8
AC;540.5
CE;381.8
PR;590.3
PA;578.3
PA;534.0
BA;
RS;
SP;670.6
AM;561.4
SP;
GO;433.0
MG;
MT;646.4
MG;521.7
MA;372.0
MG;625.9
RJ;497.8
BA;412.2
SP;715.4
PB;419.8
SP;436.9
BA;442.3
PB;541.4
MG;602.6
PR;648.1
PE;403.7
CE;645.3
BA;594.7
PI;711.9
RS;561.3
PB;
MG;
GO;508.2
PE;
MA;444.3
PI;452.1
MG;
MG;514.5
MA;422.1
CE;
CE;
BA;
GO;435.9
SP;721.0
BA;711.3
GO;441.4
SP;
PR;430.9
GO;448.6
DF;
PB;656.1
CE;497.7
PA;
SC;726.8
BA;
PA;584.2
CE;
PE;382.8
PA;652.0
RJ;812.9
GO;
MG;674.4
MG;561.3
MA;460.0
CE;498.7
PA;648.2
PE;461.2
RS;
GO;
CE;574.9
AL;
PB;455.3
PA;425.2
MG;787.2
CE;451.4
BA;582.5
RJ;845.7
MG;698.0
PA;
RJ;661.5
MG;457.5
BA;482.7
AM;
CE;565.6
MG;
PE;738.3
BA;405.8
PE;453.2
SP;
MG;773.5
SP;651.1
CE;539.1
PE;397.0
PA;414.1
MA;393.2
MT;462.2
BA;708.3
MG;466.9
RJ;720.5
MG;
TO;
GO;488.2
CE;
AL;426.1
RO;494.2
PB;586.3
SP;574.5
AL;
PA;486.6
MT;
GO;437.0
SP;407.3
GO;771.6
MA;457.7
SP;563.6
AC;383.0
BA;551.7
PB;754.8
CE;584.7
MS;430.2
SP;671.9
PE;581.8
BA;
CE;464.9
SP;456.2
AM;599.1
MG;481.3
BA;441.2
MG;
MG;721.2
MG;413.2
PE;
RS;476.8
CE;403.6
AL;531.2
MG;
MA;453.1
SP;709.8
SP;654.6
SP;476.9
PR;708.0
TO;664.6
RS;564.6
BA;434.7
PR;594.8
PB;
BA;755.3
PI;579.0
RJ;666.7
MA;481.3
PI;466.8
PA;506.7
SP;710.4
PR;565.4
RJ;409.3
CE;436.9
GO;
RJ;431.6
BA;497.6
CE;429.8
CE;463.7
RJ;565.2
PA;772.9
MG;765.7
CE;
RJ;636.7
RO;
AP;380.9
CE;669.6
MG;
GO;
RJ;457.2
GO;457.7
SP;
CE;
SP;693.8
PE;567.8
SP;595.6
RJ;775.8
SP;633.7
PA;516.0
CE;684.6
MS;
AL;712.2
PE;449.2
ES;
PE;501.7
GO;
PA;537.3
SC;549.9
PI;
BA;488.2
CE;
MG;599.3
PR;807.4
RS;582.7
GO;391.5
CE;549.0
PE;479.6
SP;482.3
MS;539.9
PI;434.3
CE;
CE;437.2
CE;776.4
BA;677.8
RJ;479.9
BA;378.8
PI;607.3
BA;504.3
SP;585.3
SP;435.5
RJ;
PR;613.1
PR;656.6
PA;790.2
CE;
AL;464.5
GO;496.7
ES;416.8
PR;504.2
SC;663.7
RS;584.4
SC;469.4
CE;
SP;863.2
PA;
MG;712.2
PA;
MG;654.9
BA;
SP;
RJ;382.5
BA;414.3
BA;832.2
CE;464.5
GO;437.8
MG;705.7
GO;884.8
BA;595.5
BA;428.3
DF;
GO;787.7
BA;493.2
CE;725.0
TO;517.3
PI;
CE;596.5
RN;530.8
PA;
SP;586.8
SP;692.3
CE;731.9
DF;449.3
RS;658.3
GO;461.6
PE;758.0
RN;
PE;432.7
RJ;
PI;423.3
BA;524.3
RJ;
MA;500.5
PR;573.5
AM;495.9
GO;550.3
GO;685.9
PB;518.2
PB;
SC;
GO;379.0
RJ;398.3
SP;571.2
GO;
CE;442.1
BA;
SP;748.6
BA;525.0
PA;408.6
RS;888.0
GO;
MG;424.2
SP;
PI;605.7
MG;669.0
GO;363.0
PE;486.8
SP;512.9
AM;
CE;382.7
MA;445.8
BA;483.2
CE;415.6
RN;
PA;382.0
MG;841.2
SP;594.6
PB;482.1
RJ;
BA;489.3
GO;598.7
MG;543.5
PB;
BA;452.9
SP;395.0
GO;480.6
CE;652.0
PA;388.5
AP;482.7
PA;417.4
CE;
AM;568.0
GO;695.9
PA;434.3
RS;526.7
GO;523.3
MG;
BA;
CE;525.8
PE;764.9
MA;437.7
GO;554.8
MA;441.0
SP;612.0
PE;560.2
PI;
BA;576.2
PR;402.9
MS;699.7
SP;537.0
MA;557.0
PE;552.0
PE;668.8
PR;725.8
PR;478.9
SP;461.8
RJ;363.8
CE;440.0
GO;520.1
RN;0.0
RJ;
MA;446.1
PR;504.1
BA;
DF;582.9
PA;579.0
GO;
DF;545.9
GO;421.3
GO;
MG;499.3
SE;555.5
GO;
AM;391.8
PE;502.8
RJ;626.3
RJ;
PI;613.8
RO;
SP;882.5
BA;
PA;479.5
CE;632.5
GO;
SP;539.2
SP;577.4
SP;
TO;769.2
RN;663.3
ES;690.5
MG;643.8
PA;584.6
RJ;432.8
MG;416.0
MG;577.0
PR;410.7
GO;
CE;
BA;656.7
RN;403.7
RO;446.4
RS;751.9
AM;519.7
AL;383.9
PR;460.9
MA;439.7
PE;509.0
PA;488.5
PA;643.3
GO;454.0
PE;590.2
CE;397.1
CE;688.5
DF;712.4
BA;458.3
PI;
SP;
CE;
SP;390.8
MT;
SP;464.2
SP;491.4
MG;875.4
PA;476.8
GO;423.5
CE;623.6
PB;453.4
MA;381.2
MG;
BA;424.9
RJ;481.3
PE;553.2
TO;
BA;711.8
CE;
CE;434.0
RO;374.7
GO;511.9
MG;495.9
ES;
MG;449.9
PR;404.9
PA;
MG;534.8
SP;498.9
PE;454.0
PR;458.4
RS;626.8
BA;495.6
CE;726.3
CE;422.5
SP;
PR;740.6
PB;487.3
BA;
BA;469.9
GO;425.1
PE;593.3
SC;606.3
RJ;472.9
GO;523.4
AM;528.1
CE;382.1
CE;392.4
CE;
CE;420.8
CE;477.4
GO;
PR;598.7
GO;
RJ;
BA;672.6
CE;725.5
RO;612.0
RN;429.5
SP;568.5
RN;407.5
BA;364.8
PE;
MG;
CE;
RS;
RN;471.8
DF;
BA;489.7
MT;415.3
CE;
MG;579.4
BA;474.3
CE;
SP;647.5
PA;666.2
DF;508.3
RS;414.6
PE;553.4
MA;
BA;430.3
PE;505.3
SP;630.8
RJ;408.4
MG;512.8
CE;
CE;392.1
BA;
PB;407.6
BA;576.4
BA;577.0
SP;472.5
PB;376.5
SP;
RJ;408.6
GO;566.0
BA;385.4
CE;502.5
GO;607.6
PR;497.0
PE;443.5
PB;
PR;635.2
CE;447.8
PA;470.9
SC;524.2
AL;415.8
AL;
RS;454.2
PA;387.9
PA;591.1
PA;
MG;532.2
MT;572.3
MG;574.5
PR;645.7
MA;551.9
PR;
GO;581.0
PR;483.9
MT;585.7
ES;
SP;628.9
AM;484.8
SP;698.7
CE;
BA;483.6
PA;453.5
SE;545.2
BA;501.3
PR;835.8
CE;436.0
GO;563.1
SP;842.1
RN;469.9
ES;571.0
ES;
CE;492.6
BA;
SP;482.9
CE;405.9
BA;378.2
ES;436.9
SC;535.1
BA;466.4
RN;527.3
GO;
SP;531.0
BA;
SP;
MG;
RJ;
CE;511.6
BA;
BA;388.6
BA;
CE;512.5
MG;429.0
PA;420.3
PI;409.8
PB;
MG;563.3
BA;435.7
AL;
PI;663.7
CE;391.8
CE;
RJ;750.7
RJ;719.5
GO;531.5
DF;421.4
MG;520.1
GO;
CE;384.6
PA;558.6
CE;
BA;452.1
BA;527.9
PR;448.0
PE;571.1
DF;510.9
CE;
BA;401.4
PE;709.9
RO;474.3
RN;705.4
RS;
BA;558.9
MG;762.4
CE;427.1
CE;443.3
MG;452.6
BA;570.5
PA;567.8
BA;474.7
AM;
MG;486.9
RS;479.8
MA;469.5
PA;458.3
MT;481.1
BA;
SP;665.1
PE;495.4
RJ;537.5
MG;732.0
RS;436.3
MG;433.4
AL;745.1
BA;496.1
GO;
SP;632.7
MG;747.0
SP;427.5
DF;
PE;430.0
SE;457.2
PR;
SP;774.5
SP;634.5
PR;467.4
CE;477.4
SP;752.4
PE;526.2
CE;
PE;
MG;355.3
DF;644.9
MA;
MT;538.7
GO;549.4
GO;415.9
MG;
MG;715.4
DF;448.0
MG;729.9
DF;584.4
CE;550.8
PB;552.5
PA;397.0
ES;617.0
PA;691.4
TO;559.0
SC;452.9
RN;379.5
MG;750.7
PI;421.0
SP;585.7
SP;628.1
BA;702.9
PI;507.6
GO;618.4
PB;433.3
AL;531.9
CE;576.6
RJ;540.1
PE;432.9
AM;609.6
PR;422.0
SP;604.4
AL;
GO;484.2
CE;
BA;
GO;471.4
PB;410.3
SP;453.8
PI;495.2
AM;423.0
PE;
MG;661.5
GO;436.2
GO;424.8
CE;
MA;
MA;
ES;472.0
SC;
PE;671.3
SP;377.1
PB;398.1
CE;
RS;646.2
MG;789.6
RN;367.6
PE;643.7
SP;503.5
RS;532.4
DF;
PA;501.7
RS;
RJ;521.3
CE;377.6
PA;470.8
DF;422.2
SE;519.5
SP;
RJ;523.2
AM;401.9
SE;505.4
PA;401.4
MG;672.2
RN;407.4
SP;748.7
MG;412.0
MG;656.0
RJ;442.7
SC;402.1
MG;682.8
PI;
SP;607.4
MG;407.4
PB;461.0
RJ;489.6
MG;678.0
CE;468.8
SP;720.4
RJ;
RJ;491.7
PB;415.2
TO;
MG;
ES;
GO;
GO;469.6
SP;747.2
BA;667.0
SC;424.3
SP;646.7
PB;473.4
SE;623.8
PI;
PI;429.8
PE;585.9
CE;454.5
PR;574.5
PB;500.1
PI;525.6
RO;432.2
CE;405.0
PE;419.4
PI;516.5
TO;494.4
SP;
SP;
PE;
SP;490.0
PB;
GO;
SP;608.6
RJ;
RN;544.9
AM;
MG;
PE;540.9
CE;433.7
CE;423.8
PB;408.9
PA;429.6
RJ;
SP;560.9
PE;455.4
RJ;529.0
PE;813.4
SP;843.4
PB;508.8
CE;638.8
PB;605.3
PI;379.7
RN;
MG;659.1
RJ;441.0
PE;674.4
GO;477.7
PB;385.2
PE;449.4
BA;424.2
CE;557.5
MG;627.7
RJ;523.3
GO;404.9
PI;498.6
CE;397.0
GO;
PE;422.7
PR;654.7
MA;386.5
PR;598.1
SP;582.7
BA;505.1
PA;369.8
MA;467.8
RJ;524.2
PB;408.0
RS;692.7
GO;695.7
SC;550.0
SE;437.7
CE;
BA;453.3
PE;624.4
CE;473.2
BA;530.1
RO;696.7
CE;517.5
BA;482.0
CE;381.5
RJ;515.9
CE;
SP;543.2
MG;557.7
PB;
SP;749.4
DF;616.1
PI;
SE;485.6
MG;738.9
SC;
PA;425.1
AM;398.7
GO;778.4
PA;377.6
BA;549.3
PE;642.5
GO;398.0
CE;648.6
PB;409.3
RJ;595.9
SP;390.9
PR;657.1
CE;618.0
BA;522.6
RJ;470.5
RN;616.9
RJ;483.8
AL;428.4
GO;605.7
PI;439.3
RN;568.6
PE;
PE;483.4
PE;514.4
RJ;
CE;418.6
MG;739.8
BA;516.3
PE;482.5
PI;369.3
SE;453.8
TO;521.3
CE;562.6
MG;
CE;392.5
PB;603.9
AM;
CE;419.4
AL;722.9
SP;441.2
MG;
SP;
AL;611.0
TO;709.8
PE;
BA;466.5
GO;379.6
PB;
CE;515.1
SP;836.0
BA;734.0
RS;417.4
MA;396.4
RR;471.8
RS;686.7
SP;529.7
PR;696.7
BA;680.2
CE;417.5
DF;602.6
RJ;404.5
BA;669.4
PI;465.8
GO;454.5
RJ;423.3
CE;471.8
SP;517.2
SP;504.3
PI;414.3
RJ;
MG;387.2
GO;423.9
RS;455.4
BA;
RJ;
PA;446.7
CE;407.9
MA;640.8
PI;430.2
AP;754.8
MG;420.9
RS;
CE;
RN;513.7
PA;452.0
DF;580.6
DF;
BA;604.8
MS;419.1
PA;
CE;393.5
MA;490.2
GO;606.1
PE;469.4
PB;660.3
RO;
SP;564.2
PE;424.7
GO;
PR;
PA;555.1
BA;601.8
AL;407.0
CE;
CE;364.1
RN;490.3
MG;
MG;616.7
SE;449.2
MA;555.9
PA;
PA;513.5
MS;652.9
MA;505.8
GO;496.3
RS;594.6
PI;454.4
GO;402.0
GO;
CE;407.3
SP;433.5
CE;
RJ;613.3
CE;607.9
AM;
SP;
PA;504.6
SP;608.5
RS;689.2
GO;
SP;
DF;517.2
BA;535.5
PE;451.4
CE;691.9
RS;494.4
MT;650.2
BA;409.1
PB;
CE;447.7
BA;592.9
GO;
ES;521.4
TO;697.8
PE;502.1
BA;642.7
SP;618.9
MG;
CE;
BA;464.1
PA;
PR;
SP;730.4
RJ;
MG;
SC;
PE;565.6
MA;703.4
PE;698.3
PE;612.9
RJ;580.7
PE;557.8
BA;502.8
MG;528.0
PE;387.5
MS;544.5
PE;856.9
SP;442.6
PE;440.6
MS;
PE;497.1
SP;582.2
PR;646.2
SP;671.7
RN;531.0
SE;415.0
CE;
DF;
AP;369.6
SE;528.3
PE;
MG;457.6
SP;389.6
TO;452.7
PA;399.3
MA;466.9
RN;430.9
AL;408.2
BA;457.8
PA;
CE;
BA;569.0
PI;607.7
CE;634.5
PR;448.4
SP;558.9
PA;519.5
RN;591.5
RS;671.1
BA;583.3
SP;698.6
CE;540.8
SP;444.1
RJ;456.1
SP;640.2
GO;419.1
CE;439.2
AL;
MG;564.2
PE;
CE;
SP;407.6
MG;582.7
SP;
PE;695.7
MG;
CE;
SE;667.3
MA;444.8
CE;489.2
SP;
SE;551.8
CE;486.7
MS;
TO;
BA;655.3
PA;553.9
RJ;
SP;
CE;
CE;
SP;456.3
MA;471.1
ES;440.9
MG;560.7
GO;523.8
BA;452.1
PI;613.6
SP;
AC;
PI;641.5
RJ;652.7
SP;423.2
PR;730.8
CE;524.5
SP;
BA;
PR;548.3
CE;
SP;725.1
RN;520.7
AM;707.6
RN;437.8
BA;
PR;603.1
SC;560.6
MG;821.1
MG;447.6
ES;521.2
CE;403.6
SE;421.9
ES;647.5
CE;550.1
MG;724.3
RN;561.7
CE;
GO;536.3
CE;764.5
BA;540.1
SP;
SP;903.7
BA;467.8
SP;476.2
SP;647.7
RS;506.8
MG;770.5
BA;401.2
RJ;
GO;494.2
RJ;491.5
PI;669.4
DF;505.9
RJ;428.0
RN;445.9
GO;489.6
GO;434.6
MG;620.9
PB;
RN;449.7
SE;545.8
PA;477.8
PA;419.6
RS;681.1
PE;475.3
SP;688.8
GO;573.2
BA;456.7
PA;483.3
SP;
SP;715.7
BA;485.5
MG;543.7
SP;
PI;769.0
PR;514.4
PI;467.1
MG;537.1
CE;419.8
ES;687.6
BA;507.8
CE;860.4
MG;600.4
CE;500.9
BA;608.2
MA;453.4
PE;
SP;712.9
RN;522.7
PB;611.9
RN;
MG;419.4
BA;552.0
CE;
BA;712.5
MG;702.7
MG;554.7
RJ;
TO;525.1
BA;461.8
SE;
SP;462.0
MG;
MG;598.5
SP;485.8
TO;435.3
SP;596.0
RS;
CE;792.5
SP;
GO;
DF;438.6
CE;376.9
CE;
AP;
AL;582.9
RJ;696.6
SP;692.8
PA;387.4
PI;487.1
PR;381.4
MG;410.5
MA;493.3
GO;
CE;510.4
PA;480.3
PI;427.5
PI;397.9
DF;659.2
PE;661.1
PE;470.0
PR;628.9
BA;440.0
CE;381.4
MT;595.1
PE;458.8
PE;508.8
PA;564.0
PA;487.5
SP;403.2
MG;663.6
MG;370.6
SC;
RJ;361.3
GO;443.2
CE;735.6
RJ;491.4
PA;380.4
MG;530.9
RJ;450.0
RN;508.0
SP;606.9
RN;594.2
CE;615.6
ES;0.0
BA;486.4
PB;420.1
CE;394.7
MG;745.4
CE;467.3
SP;698.8
RS;592.4
GO;
PA;438.4
BA;395.1
MG;508.8
CE;588.0
PE;545.2
RN;486.5
CE;433.5
PE;427.9
RJ;
BA;446.0
SP;480.7
MG;461.4
GO;389.6
SE;
CE;667.9
MG;657.9
SP;521.4
AL;415.8
CE;481.7
MT;401.0
GO;
BA;608.2
MT;446.5
MG;756.2
SP;728.7
DF;718.0
PB;615.8
RJ;
RS;817.2
TO;472.7
MG;405.7
BA;424.2
CE;439.1
MA;445.0
RS;659.2
SE;471.2
BA;414.1
SP;
CE;378.5
PR;558.0
SP;
CE;602.8
BA;667.5
CE;423.6
PA;456.7
GO;
RS;633.8
MG;666.0
MG;603.6
MA;444.6
MT;507.5
CE;438.5
RN;548.2
PR;
RS;513.3
AM;536.3
GO;
PR;646.0
MT;
SP;545.9
GO;443.8
RJ;
CE;559.8
GO;487.8
AL;
MG;446.8
PA;473.8
SP;
SC;398.8
AL;599.1
GO;
SP;702.4
PA;418.4
RJ;410.1
PI;388.2
ES;
MG;540.6
RN;467.2
MG;540.9
SP;761.3
RJ;
SP;685.1
CE;
PE;524.7
PI;422.3
SP;444.0
RN;540.1
MG;647.2
RJ;516.1
MA;
RJ;
CE;
GO;441.3
CE;393.1
CE;
CE;409.2
SP;457.1
GO;
CE;491.3
MA;
DF;409.8
SP;453.0
MA;603.1
SP;689.1
CE;471.5
SP;
MA;
MA;524.5
SP;
PB;533.3
TO;510.1
BA;734.0
RN;660.8
TO;458.9
RJ;818.7
CE;377.0
SP;555.5
MG;472.0
GO;
PR;436.0
MG;624.1
PR;462.6
PB;619.0
CE;436.2
BA;
GO;418.3
MG;
CE;584.5
SE;492.6
SP;
PE;415.9
CE;501.4
PE;735.8
GO;701.8
RJ;423.1
MG;486.1
GO;513.3
SP;797.5
CE;656.4
MS;574.7
GO;
RJ;502.7
RN;432.5
GO;415.9
PE;456.9
SC;417.5
GO;391.8
MG;614.1
PE;
SP;712.5
PA;385.1
CE;
MG;421.6
AP;580.0
MG;395.9
SP;635.9
SP;463.1
PA;
RJ;457.1
GO;667.2
SE;806.1
CE;
PR;454.0
RJ;548.4
RN;584.4
CE;466.7
SP;669.1
RS;693.5
PI;453.2
DF;634.4
RJ;648.5
RJ;
MG;575.6
DF;
MT;407.3
PE;699.9
RS;468.8
CE;
AL;592.4
PE;
RN;579.7
RJ;
AP;440.2
BA;686.0
MT;466.6
RJ;790.0
PE;419.3
RJ;433.8
MG;491.1
GO;516.3
PA;400.7
CE;
GO;
RS;446.8
RJ;517.9
AM;445.0
PB;477.5
MG;565.6
MG;487.3
GO;
GO;396.3
SP;502.7
PB;545.0
RJ;
PI;463.9
BA;506.6
BA;525.8
MA;799.2
BA;654.3
DF;405.6
PA;
RS;676.5
RN;455.9
MA;390.6
MG;539.6
BA;394.5
PE;487.9
RN;694.8
GO;
DF;606.7
SP;
SP;582.7
SP;515.4
SP;
BA;631.2
SP;877.6
BA;654.7
MT;551.2
SP;413.5
RJ;
GO;488.8
SP;597.7
CE;607.1
PI;608.4
SP;
PB;617.1
BA;672.9
CE;
GO;
MA;432.7
CE;464.4
CE;
PE;586.6
PE;491.1
CE;547.7
MG;714.0
CE;512.8
BA;
RJ;485.1
GO;733.4
RJ;568.4
BA;
PB;680.2
PI;474.6
CE;
CE;555.5
SC;800.6
CE;627.9
SP;615.4
CE;
BA;
PE;646.6
PA;405.7
MG;541.4
PE;412.2
BA;
MT;594.2
SP;530.9
TO;496.5
MS;637.8
BA;466.1
PA;369.3
PR;
AL;428.3
RJ;453.5
BA;
CE;564.5
PA;
PI;494.2
SP;701.3
MA;527.5
CE;437.9
MS;639.3
RJ;640.0
BA;
BA;592.3
SP;771.5
MG;511.8
BA;510.3
PA;600.1
GO;
CE;400.4
SP;
SP;
RJ;569.6
SP;507.3
GO;536.8
SP;662.5
SP;419.6
PB;478.0
GO;410.0
PE;624.7
TO;539.3
SC;637.1
SP;713.2
CE;472.1
SE;
GO;
GO;453.0
CE;728.5
GO;465.0
BA;548.3
MA;833.2
MA;368.4
PA;
SP;540.0
PA;423.9
BA;399.7
PA;655.5
GO;
PB;
GO;746.4
MG;526.2
RN;464.1
CE;
MG;694.3
CE;
PB;483.8
MA;460.8
RN;551.1
MA;496.1
SC;464.0
MG;867.5
BA;439.3
PE;600.5
MG;638.5
PA;620.7
CE;634.7
MG;647.1
BA;388.0
SE;580.2
CE;433.1
PI;619.0
PR;750.5
BA;
DF;569.1
SP;580.8
MA;555.1
GO;
TO;492.7
PE;599.3
SC;600.0
BA;465.5
BA;602.9
BA;457.5
MA;603.6
GO;633.2
MT;645.2
RN;606.8
PR;757.1
ES;686.4
CE;
MA;569.6
PA;507.4
PI;415.8
CE;515.9
RJ;400.7
SP;631.1
GO;643.0
AM;
CE;685.8
RS;664.0
RS;928.8
GO;
RJ;
ES;474.6
RS;
RN;493.8
RS;
MG;492.6
RJ;718.8
SE;572.4
PB;747.0
GO;568.1
RJ;
SP;585.8
SP;612.3
MG;624.7
BA;
SP;535.9
MG;
RS;612.2
PA;473.4
GO;421.0
CE;552.3
SP;473.0
DF;399.5
RJ;439.9
BA;363.4
PE;477.3
GO;638.9
SE;
CE;517.9
SP;541.9
MG;
MA;428.5
MG;449.4
SC;566.4
RS;443.4
BA;724.8
PI;656.8
GO;
RJ;
TO;419.3
MG;717.3
SP;
MG;550.0
MS;533.9
SP;
RS;434.8
BA;426.9
PB;497.4
PB;407.9
SP;673.4
GO;412.6
BA;441.9
MG;547.8
MG;618.3
PE;
CE;456.0
CE;418.1
SP;702.0
MG;799.8
PA;464.7
PB;
PB;549.0
RN;553.3
PA;452.6
MT;
RJ;
RN;
CE;
PE;446.3
RR;480.4
MG;397.0
PI;430.9
MG;
PB;620.2
BA;490.6
RJ;670.5
TO;459.3
MG;717.1
GO;441.2
CE;439.8
MG;
MG;581.9
AP;638.2
DF;
MG;636.7
RN;623.9
SP;547.9
AL;417.6
RJ;691.5
RJ;486.7
RJ;653.4
GO;409.2
SP;
AL;384.3
AM;385.6
CE;650.6
GO;
GO;
CE;
GO;419.4
RS;459.3
MA;472.7
ES;621.3
CE;401.7
AL;
RJ;657.3
ES;415.5
MG;
PA;419.8
PB;461.8
CE;495.1
MG;604.2
DF;538.1
PE;449.1
SP;390.2
AM;
BA;463.2
RN;581.8
BA;371.1
PE;
MA;430.8
RO;427.4
CE;396.4
TO;
SP;572.2
BA;673.8
BA;476.3
MG;491.0
RN;
SP;567.1
PB;676.8
GO;400.6
SP;596.6
AL;
SP;632.5
PR;693.6
BA;518.9
PE;432.1
GO;546.6
BA;582.1
BA;686.8
PE;472.6
BA;840.9
GO;
CE;
BA;506.2
RJ;470.4
SP;650.5
PE;763.8
PE;
BA;
AL;
PB;650.5
DF;
DF;423.9
MA;578.6
SP;537.5
BA;469.9
MG;461.3
SP;575.6
PB;558.7
RJ;469.0
SP;532.1
PI;367.4
MG;498.4
GO;
PA;481.9
RN;430.1
SP;766.9
MA;575.9
CE;
ES;419.7
AL;422.6
GO;
SC;
CE;686.2
RS;607.4
GO;
RJ;474.4
CE;629.5
SP;752.0
BA;
SP;452.0
BA;459.1
BA;728.1
SP;667.4
RJ;506.8
BA;583.2
PE;630.5
BA;410.0
CE;
ES;397.8
AM;593.7
SC;634.8
CE;
SP;
PE;509.6
PA;728.6
PR;
MA;407.3
MG;
RN;
RS;
MG;
MG;
AM;505.0
MG;500.2
SP;614.2
SP;678.5
BA;549.5
PE;387.3
SP;430.3
PI;534.3
RS;732.6
MA;612.4
RJ;564.5
PE;408.8
CE;392.6
RJ;615.8
CE;442.5
CE;442.4
MG;674.3
SP;628.0
SP;460.9
PR;
RJ;
PE;435.7
PB;
MG;696.1
MG;620.6
AL;383.3
GO;381.4
PI;422.9
TO;531.5
MS;
PB;619.5
SP;527.5
PI;500.3
MG;613.6
PI;592.4
RJ;
RS;
MG;422.3
MG;715.4
MA;486.1
PB;412.0
CE;
GO;
RJ;582.2
RJ;626.7
BA;419.6
MG;678.6
RJ;585.1
PB;544.0
RS;574.2
PA;
SE;423.4
RJ;729.2
BA;607.6
PE;453.0
PB;433.2
SE;792.8
PA;528.4
PE;
AP;576.0
TO;625.8
CE;
RJ;534.6
BA;407.5
RJ;
RJ;
BA;401.9
SP;607.4
RN;
SP;660.2
CE;379.3
CE;555.5
BA;439.6
SE;742.1
RJ;513.5
MG;710.6
GO;597.9
RJ;
RS;562.3
PA;405.6
PA;706.3
RS;429.2
MA;418.7
CE;399.6
SP;452.1
RJ;
SP;
SP;718.3
SP;544.3
BA;523.7
RJ;
AC;422.3
PI;419.6
RS;
SE;542.0
CE;756.0
PB;453.0
PA;449.3
RJ;573.8
MA;453.0
CE;658.7
BA;405.8
RJ;566.7
CE;648.4
MG;443.6
SP;669.6
SP;650.4
MG;740.9
PE;419.6
SC;662.6
RS;695.2
SP;
SP;447.9
RN;435.2
RJ;
SP;
SP;469.2
SP;531.9
DF;571.1
SP;
PI;597.8
MA;436.9
GO;398.4
RN;718.8
MG;422.8
RS;
MA;443.0
MA;
RJ;607.2
MG;515.2
SP;583.6
BA;419.0
GO;381.8
RS;527.6
RJ;
SP;
RO;541.6
RJ;478.5
SP;577.5
BA;550.2
SC;558.8
PA;626.0
CE;460.1
BA;
MG;
MT;488.0
PI;415.0
MT;480.1
PI;400.7
MG;548.1
RJ;684.7
PE;480.6
CE;476.0
CE;413.1
CE;531.7
MG;546.3
MG;473.2
SP;
MG;585.4
MA;578.4
SP;444.7
SP;
RJ;576.5
ES;454.5
RJ;545.8
PE;465.0
DF;534.4
RJ;
PI;581.5
PE;409.1
RR;
GO;404.4
RN;400.9
PE;582.6
PB;498.6
AL;393.2
SP;
AP;437.8
AL;554.7
MT;
RS;750.2
MA;569.8
MG;649.8
RJ;478.3
MG;
RJ;689.5
PR;615.0
CE;
BA;486.8
ES;558.1
SP;746.1
CE;786.2
BA;
BA;413.0
BA;393.6
PI;410.9
CE;368.1
PE;708.8
GO;
SP;577.1
CE;
MG;809.3
PR;623.9
DF;
CE;
BA;519.2
PE;
CE;511.9
RS;453.0
MA;476.6
RR;414.5
PA;438.0
ES;487.6
RO;537.0
CE;580.9
CE;515.9
MA;657.1
RN;
SP;516.5
PI;425.5
BA;404.5
PB;
RJ;662.1
RS;458.5
PI;771.3
PB;756.6
SP;682.4
CE;453.1
PE;397.9
SP;680.4
BA;639.9
PE;419.0
BA;568.6
CE;432.5
PE;695.8
BA;543.1
CE;389.0
GO;486.4
DF;
MA;
MG;621.8
SP;698.8
GO;374.3
PI;481.1
MT;
MG;559.5
BA;452.7
PR;540.8
PA;424.3
MA;455.4
SP;
BA;
MG;712.9
PB;406.8
PA;
PE;600.6
PE;510.9
BA;397.0
AL;498.0
PI;518.5
AL;742.9
MG;841.1
RS;648.4
MT;749.5
CE;482.3
MT;
CE;451.2
GO;450.1
CE;392.1
SP;573.2
GO;405.9
AM;468.1
RJ;611.8
PA;403.8
RS;
RJ;543.0
SP;603.9
MG;
PR;506.1
SP;647.0
PA;483.2
DF;
GO;560.7
BA;
SP;725.0
CE;471.1
RJ;465.3
PA;522.3
AL;535.0
PI;699.4
BA;456.4
CE;423.2
MG;655.8
GO;483.1
CE;722.6
BA;589.5
MG;
PA;
RO;615.5
GO;360.3
BA;596.2
MG;
SP;625.6
CE;770.4
PI;529.3
SP;
SP;633.8
PE;516.5
RO;616.6
BA;506.6
PA;391.3
AL;372.5
RS;585.9
SP;647.2
SP;
CE;
CE;
RJ;555.6
PA;387.1
MG;750.8
SP;657.9
CE;443.5
SP;625.0
PB;615.0
MG;
CE;485.5
PE;657.6
PE;588.6
BA;478.8
AL;862.7
PE;504.3
SP;681.6
PR;687.5
MT;658.2
MA;407.5
PB;368.0
MA;409.1
CE;
RJ;
CE;
CE;442.6
PI;531.5
RJ;544.3
PA;601.7
RN;622.6
PI;589.7
GO;
MG;399.1
BA;655.7
BA;
SC;592.7
RJ;
RS;526.4
PE;451.4
GO;642.5
SP;634.4
AP;543.2
MG;476.4
SP;587.1
PA;390.8
BA;798.2
SP;
CE;486.0
PB;554.3
RJ;531.2
CE;362.5
AC;484.6
PI;527.4
ES;567.0
PR;691.9
CE;412.2
BA;496.0
MA;717.5
PE;654.8
PE;477.1
SP;505.3
RS;737.2
SP;703.3
CE;544.0
PB;542.5
SP;369.8
PR;642.1
GO;510.2
RJ;674.4
SP;628.1
PE;792.8
GO;472.1
PB;400.9
SP;491.0
PA;476.0
RS;637.9
BA;414.2
MA;520.6
RJ;516.8
MG;550.3
PR;678.9
MG;405.3
AL;770.7
CE;618.0
BA;412.1
RN;463.8
SP;601.6
SP;
BA;762.5
CE;400.6
MT;369.6
ES;767.4
BA;
GO;537.8
DF;
SP;516.7
PB;651.6
SP;626.1
PR;374.4
GO;
SP;468.8
MA;445.3
PE;374.5
PE;478.3
PA;402.1
MG;595.6
CE;544.3
PA;549.4
CE;388.5
CE;687.8
PB;408.6
CE;
MT;832.4
BA;670.1
SP;703.5
PI;437.5
RJ;603.3
RN;765.3
SE;
PA;
PI;400.5
RJ;
BA;
MG;
PR;
RN;604.9
PR;470.5
SE;520.9
BA;678.2
MG;
GO;738.5
BA;475.2
MG;
AL;520.5
MA;392.2
SP;769.3
RS;411.6
BA;476.8
AM;
RN;511.9
MG;453.3
GO;666.3
MG;763.1
SP;575.7
PI;512.7
CE;755.5
MA;439.1
SC;795.6
PE;435.6
RS;606.1
RJ;590.8
MG;
RJ;617.9
MG;
PR;452.2
GO;
MG;439.1
MG;667.6
BA;395.1
RJ;761.6
GO;
BA;652.7
AC;540.6
GO;
MA;
MA;487.9
PB;394.7
BA;442.5
CE;
PB;481.5
RN;416.1
CE;540.8
PE;869.8
CE;
BA;515.4
GO;472.8
PB;467.6
MG;715.3
PE;596.4
SP;546.3
MG;615.5
CE;458.9
MA;617.7
GO;395.5
MG;652.2
RN;481.0
RJ;
SP;445.4
GO;437.0
CE;413.9
PE;518.9
SE;505.7
CE;623.9
PI;371.8
RJ;375.8
TO;734.9
MG;
ES;549.9
PI;649.4
MG;
CE;506.0
CE;
MA;
GO;
CE;502.6
PR;789.5
RJ;433.3
SP;
CE;640.1
SE;555.3
MG;501.9
PE;
SP;
MG;434.6
RS;
GO;488.1
TO;771.5
RJ;
SC;471.7
PI;539.4
BA;705.4
BA;
PI;588.4
RS;
GO;484.0
RS;499.0
MG;514.8
MG;559.1
SP;699.6
PI;524.5
SP;
CE;470.9
SP;512.7
MA;414.5
CE;380.9
RS;476.0
SP;
MT;729.0
PB;
SP;569.7
RS;488.9
SP;476.4
PA;531.4
MG;735.3
MA;493.0
RR;
RJ;498.5
BA;
MG;428.6
CE;387.8
PA;517.8
PE;524.2
DF;496.5
CE;672.3
PE;489.0
RJ;460.8
CE;
CE;467.6
SC;
MG;784.1
GO;655.6
MG;658.2
MG;449.1
RJ;550.7
PA;
ES;613.8
MA;480.9
PA;573.1
MA;778.4
SP;399.3
RJ;762.8
PB;628.9
CE;
GO;481.4
RN;
PA;655.6
RJ;401.6
SE;412.6
BA;453.0
ES;472.6
CE;696.7
CE;467.5
BA;755.1
MG;582.6
MG;
PE;
PI;
MG;
RJ;466.7
SP;572.4
MG;500.4
MA;536.1
PE;432.2
RJ;517.9
SE;589.0
BA;
PI;626.0
PR;659.5
RJ;405.6
BA;
GO;484.4
MS;519.3
SE;471.1
RN;476.7
MG;
RJ;796.6
GO;488.6
CE;572.1
MG;714.9
CE;639.5
PE;517.4
RR;
SP;522.8
RS;514.9
GO;
BA;520.1
PR;618.4
SC;677.5
BA;475.0
GO;409.0
MA;482.8
MG;
RS;725.8
RJ;469.6
CE;419.2
MG;633.8
MG;631.0
GO;485.7
GO;456.9
RJ;492.9
MG;713.8
PR;
MG;
PE;421.1
MA;504.9
MG;685.5
SP;462.6
PE;
AC;375.2
RJ;584.9
TO;606.9
CE;577.0
BA;531.9
PA;
SP;470.3
MG;
SP;620.2
MG;565.8
PB;738.5
SP;673.4
PR;580.9
MG;894.0
PR;453.9
SC;728.8
SP;686.7
ES;
CE;
SP;
RJ;526.7
RJ;476.8
PA;453.7
GO;441.8
RJ;501.1
SP;481.4
RS;508.2
PA;
GO;584.9
MA;425.4
ES;531.3
PA;422.3
GO;
MA;510.5
BA;592.9
GO;
DF;648.8
CE;
AL;527.3
SC;433.9
MA;422.2
DF;
BA;500.9
RS;572.0
CE;
MG;540.7
AL;
RS;
PA;
CE;414.9
SP;422.3
SP;
PA;498.5
BA;691.2
SP;421.5
MA;500.4
PR;429.1
CE;418.5
RJ;452.9
RJ;500.7
RN;370.6
MG;813.3
CE;
PI;517.7
GO;530.6
AP;398.5
GO;552.0
GO;482.6
PA;536.6
BA;415.9
CE;392.6
SP;
RN;566.3
MG;
GO;433.3
MA;
MG;579.3
CE;377.1
PR;
AM;429.7
PE;505.9
AL;657.5
SP;385.4
RN;687.8
CE;
SE;407.1
GO;515.4
MT;
RJ;658.6
BA;428.0
BA;521.1
RR;522.7
GO;436.5
MG;525.2
SP;781.7
BA;478.1
SC;782.4
MG;
PB;391.8
CE;
MA;630.2
DF;594.9
PA;407.1
MT;385.3
MG;501.9
SP;437.6
GO;602.0
SC;573.2
SP;543.2
MG;756.4
SP;684.5
MA;666.3
BA;587.2
CE;478.5
PB;
GO;410.3
RN;
MG;390.9
SP;644.8
MA;521.8
CE;531.8
SE;459.5
GO;
RR;
SC;598.5
CE;
MG;651.7
RJ;391.9
PE;561.6
PB;490.0
SE;443.5
SP;842.0
BA;715.1
BA;477.2
PE;
GO;461.4
BA;415.7
BA;546.5
SP;655.2
MA;735.0
CE;668.4
CE;447.8
RJ;521.8
BA;387.0
MA;675.8
PI;414.4
CE;534.9
SP;483.8
GO;
BA;416.8
MG;479.0
PE;424.9
RJ;438.3
PA;
PE;512.0
MG;
PA;
CE;863.9
SP;585.4
AM;
MG;653.9
MA;373.7
BA;617.1
PB;514.6
CE;
PI;418.2
PI;455.1
MG;474.3
PR;
MG;481.1
CE;
SP;496.1
BA;407.9
TO;673.1
ES;680.7
CE;402.5
RJ;
RS;602.3
CE;513.2
CE;415.9
PE;568.2
PR;510.1
PR;659.0
SP;
SP;
MG;744.4
RN;399.4
CE;367.9
PA;
PA;449.6
TO;
BA;574.7
MG;473.3
CE;498.5
GO;472.6
RJ;474.2
AM;727.8
RJ;543.5
MA;527.2
SP;
BA;
PB;592.8
BA;467.8
CE;
RJ;696.8
PE;412.8
CE;779.6
SP;579.7
GO;425.8
BA;395.3
GO;469.9
PA;497.7
PR;446.9
PI;
PA;715.1
PI;
PR;617.9
SP;642.4
MG;682.7
CE;
BA;723.8
CE;599.8
SP;766.6
SC;
CE;593.3
MG;701.5
ES;571.4
GO;422.1
SE;
SP;613.6
SP;592.3
AP;
SP;
PI;447.6
PR;619.9
AM;
TO;479.3
PB;643.7
SE;511.1
PA;487.5
SP;587.7
RJ;628.9
MG;688.1
SC;420.2
MG;691.0
CE;
CE;387.8
RN;444.4
DF;
DF;549.8
PA;401.0
SE;850.2
PB;411.7
MG;827.9
CE;649.5
GO;578.1
SE;438.6
CE;438.1
PE;450.3
RJ;
ES;670.7
MG;653.0
SC;
RS;742.9
SP;428.0
PI;474.1
PI;493.1
GO;411.4
CE;474.8
CE;541.5
PE;
PR;
SP;427.5
BA;395.2
MA;591.9
SP;420.2
CE;484.4
RJ;743.0
MG;
MG;542.4
SE;579.2
PB;484.9
GO;
PA;518.7
RJ;
MG;421.4
PI;531.2
PB;495.0
GO;593.2
PE;606.5
PA;542.2
CE;478.0
BA;
SE;616.5
CE;773.7
SP;571.6
SP;648.8
BA;464.2
CE;
MG;426.6
RS;618.7
CE;446.2
RS;459.0
MG;610.9
PR;469.2
SC;526.9
DF;600.8
MG;517.4
CE;507.8
MG;484.9
PB;
CE;
PR;575.2
MA;475.3
SP;658.2
PE;424.4
BA;
MS;
PI;637.2
PR;
BA;522.2
CE;
PI;525.9
CE;464.8
SP;648.4
PR;532.0
BA;606.6
GO;417.3
GO;
MG;758.4
PR;420.0
CE;
RJ;540.5
GO;420.2
MA;416.4
RO;453.6
PE;443.9
PA;524.2
BA;424.9
RJ;557.7
PB;
MG;507.5
SP;653.9
SP;625.5
RJ;657.2
CE;
PA;452.3
PA;684.5
RN;
PA;559.0
BA;515.6
MA;514.9
MG;468.4
SC;
SC;400.1
PA;419.2
RJ;
PE;410.4
SP;
MG;667.4
CE;468.5
CE;433.3
RJ;393.1
SP;472.9
RN;433.8
DF;417.0
GO;384.8
MA;520.4
BA;
CE;451.8
CE;387.5
TO;
PE;483.5
DF;741.7
DF;426.9
MG;504.8
PA;559.8
SP;696.0
MA;594.4
CE;429.8
PE;868.7
RJ;
RS;667.1
MS;
CE;489.1
SP;771.1
SE;416.1
DF;831.7
ES;650.9
MA;435.5
MG;
AP;418.3
BA;
GO;599.4
RJ;491.4
MA;493.4
RN;455.5
ES;568.0
GO;471.4
CE;600.2
BA;394.7
RJ;427.3
SC;652.6
DF;666.8
GO;450.1
CE;547.7
MG;437.2
GO;457.6
MG;
BA;492.9
GO;426.7
SP;
RS;
PE;490.7
PE;383.4
MG;653.9
SC;658.7
SP;640.3
SE;
MA;517.4
PE;528.6
SP;
MS;528.3
PR;439.8
MT;387.5
BA;603.2
SC;358.1
PR;509.8
RJ;
BA;466.3
PE;625.9
RJ;548.0
MG;512.0
PA;468.5
CE;595.6
CE;600.4
GO;600.7
CE;530.7
MG;555.9
BA;
CE;625.5
PI;
RJ;404.1
GO;509.2
BA;483.1
AL;441.8
RS;586.1
SP;485.2
GO;
SP;475.1
SP;
RJ;632.8
MT;405.5
GO;668.9
MT;496.4
CE;527.4
SC;638.9
BA;391.1
RN;435.1
SP;561.7
BA;408.1
RS;637.1
RJ;579.3
RN;
CE;535.4
RN;671.7
CE;
PA;467.1
GO;
PB;413.0
CE;421.8
SP;538.2
PE;
MG;
RJ;423.8
AM;446.8
RJ;
SP;577.0
RS;
RJ;413.0
MA;476.5
RN;581.9
RJ;604.0
SC;488.7
PE;478.1
MG;
RJ;448.7
AM;718.5
BA;395.7
PE;625.6
GO;
SE;
PE;714.7
MG;611.5
GO;
PE;416.3
BA;558.6
PI;837.1
CE;425.1
PA;493.7
CE;389.5
CE;420.9
CE;542.9
BA;412.4
SC;652.5
GO;
PR;657.0
CE;509.3
CE;853.7
SP;695.1
CE;483.7
MT;
RJ;481.2
MA;400.4
RJ;466.5
GO;
SP;519.3
RS;
PA;433.9
RJ;
MS;514.7
RS;662.1
DF;413.7
SC;587.4
CE;
GO;716.1
SC;708.4
PE;
ES;553.3
MG;
PB;457.6
CE;
MT;702.1
GO;
MG;
RJ;490.0
RJ;487.3
PE;572.9
MG;606.6
DF;634.8
MG;658.8
MG;474.4
RJ;
PA;
PE;560.5
AC;377.2
CE;678.4
CE;642.1
MG;637.9
SP;598.6
PA;396.4
PB;464.9
PE;
PR;409.7
AM;499.2
PE;400.2
MG;499.1
AM;599.7
TO;
PI;571.4
BA;
RN;757.7
MA;454.2
BA;559.1
RJ;573.3
MA;405.2
CE;422.9
MA;
BA;386.6
PE;560.7
PE;451.8
CE;406.2
PR;
RJ;468.1
CE;650.8
ES;688.9
ES;
SP;520.3
PE;645.0
PB;522.1
PE;535.9
CE;366.6
DF;509.8
BA;471.3
PI;491.9
BA;515.1
BA;519.9
PI;451.8
SE;
CE;470.0
DF;642.5
GO;387.6
GO;
CE;
SP;543.1
AL;369.8
CE;513.7
GO;
CE;561.7
SP;
MG;511.9
DF;
MG;677.1
SP;393.6
PI;517.4
CE;394.8
CE;
RS;385.9
RJ;
RS;570.0
PB;443.3
BA;568.8
MG;821.8
BA;
AC;657.4
SP;485.8
MG;
AC;508.8
PE;484.3
MG;556.5
MG;400.3
RS;546.7
CE;516.8
SE;477.7
GO;455.7
MT;
PA;396.0
SP;523.4
AM;433.6
SP;565.3
GO;
MG;618.6
CE;503.6
AL;598.0
BA;663.5
MS;480.3
PE;
CE;540.6
PB;591.5
PB;
BA;593.6
CE;496.4
SC;
TO;
MA;646.8
CE;459.9
PI;716.4
MG;437.1
PI;438.4
AL;
SP;
PR;370.1
GO;454.4
SP;
BA;436.1
SP;
MG;486.7
MG;507.5
MG;750.9
SP;478.3
MG;582.9
GO;455.8
ES;464.2
CE;557.0
PB;559.5
PI;537.6
RJ;437.3
PI;450.5
MA;449.4
SP;543.2
PR;475.8
MG;
CE;409.6
PR;668.8
RJ;536.7
PA;
MS;486.6
RN;
SE;447.0
PR;
CE;420.2
PE;376.7
GO;582.4
SP;605.8
CE;636.4
RJ;828.1
SP;650.3
MG;509.7
PA;451.0
CE;
CE;575.4
PA;
CE;463.1
RJ;556.4
SP;613.0
RJ;
RJ;411.8
PE;
BA;436.7
ES;886.3
PI;662.1
GO;
CE;647.2
PB;619.3
PE;467.5
SE;526.6
PA;673.1
RN;469.8
CE;666.9
MG;792.8
GO;392.4
CE;507.2
GO;392.6
PE;407.8
RS;533.2
MA;
RS;752.1
AM;
BA;383.2
MA;
MG;587.2
BA;382.4
SE;482.6
PI;578.4
MG;530.8
BA;427.1
PB;510.6
SP;765.5
RJ;497.3
SP;590.8
PB;
MG;519.1
RJ;
CE;602.7
SP;553.0
GO;420.7
MS;
BA;625.6
AL;672.1
MG;443.7
PR;727.4
MS;504.1
CE;646.1
RJ;478.3
SP;620.6
TO;594.3
MG;760.2
PA;
RJ;
MG;525.7
MG;766.9
CE;
PE;416.2
MA;
CE;508.8
RJ;
CE;439.0
CE;604.5
DF;666.3
PE;476.0
SP;533.5
DF;
CE;505.1
PR;
AL;580.4
PR;414.8
CE;482.3
CE;
RN;443.2
CE;396.3
GO;
RN;728.4
SE;422.3
MG;
CE;606.9
MT;
SP;539.1
GO;
BA;377.9
RS;611.7
MG;555.5
SC;
MG;510.5
GO;
BA;574.8
CE;451.2
SP;556.1
CE;415.4
RJ;
RJ;618.1
RJ;
CE;437.0
CE;
PR;634.4
ES;383.5
CE;633.1
SE;446.2
BA;561.2
PI;482.9
RN;
MA;
RS;
SP;
CE;568.1
MT;477.6
MG;617.0
CE;
GO;
PR;405.8
DF;734.3
AL;463.3
PE;
RN;560.5
SE;
BA;
GO;456.3
GO;495.2
SC;644.7
PA;382.7
SE;
PB;719.5
PE;400.2
SP;451.3
PB;429.5
SE;551.8
SP;
SP;448.8
SP;663.9
MT;413.5
CE;
BA;537.7
MA;689.7
RN;
DF;778.6
SC;442.2
DF;507.7
RJ;
RJ;457.0
BA;397.8
MG;
CE;397.9
DF;501.6
GO;397.2
AM;399.1
ES;590.8
CE;422.3
PR;504.3
RJ;524.9
PA;412.8
SP;508.6
RN;570.1
PE;446.8
SP;600.8
CE;
PE;588.7
CE;
PI;475.6
GO;
MG;866.8
PA;
MG;778.9
SE;469.7
AM;657.1
SP;
SP;669.1
PR;640.5
PE;501.5
BA;
CE;
GO;503.4
RJ;463.1
MA;543.3
RS;681.0
BA;452.6
CE;
RN;455.1
CE;449.8
MG;467.9
PR;588.3
PB;756.4
PA;
CE;361.8
GO;751.3
PI;539.9
GO;531.8
BA;394.6
MA;712.7
MS;455.0
RN;674.1
PB;403.6
DF;380.8
RJ;698.4
PB;
CE;641.5
ES;806.1
SP;746.3
PR;
SP;
ES;
CE;458.7
PE;492.8
SP;583.6
SC;
BA;554.4
SE;443.0
CE;422.0
SP;
PR;
GO;
AL;548.4
AL;451.6
PA;376.3
SC;674.5
SP;
SC;731.1
MS;699.0
SP;471.1
SE;729.9
CE;502.1
SP;830.3
BA;425.1
PR;644.5
CE;531.2
GO;588.0
BA;494.5
CE;683.3
TO;
RJ;
PE;
SP;658.8
PA;
RJ;
CE;546.4
PE;480.0
MG;585.2
MG;707.5
DF;428.0
PA;471.6
SE;520.6
SP;643.6
BA;476.2
PI;420.6
PB;420.3
PA;
GO;
MG;567.5
PA;497.2
MG;656.8
BA;
CE;376.9
RN;691.9
CE;495.1
CE;
CE;546.5
PA;636.8
PR;
MG;434.5
MT;379.5
MT;420.5
RJ;470.0
CE;581.1
ES;612.9
MG;416.5
MG;414.4
RJ;488.3
PE;
GO;467.1
RJ;436.0
MG;
BA;421.6
PE;397.1
PI;545.9
MG;519.3
RS;492.3
SP;630.5
SP;
PA;395.8
MG;479.5
PR;534.6
BA;412.1
CE;500.3
BA;473.3
MG;
MA;684.5
SP;545.3
PA;469.4
SP;
GO;538.1
MG;550.1
RJ;
SP;476.4
CE;
BA;643.4
SP;560.0
DF;496.5
MG;660.2
RS;501.1
CE;405.8
RS;677.0
SP;722.1
BA;604.7
PE;628.6
SE;739.4
MG;
SP;
RJ;651.6
MS;580.7
MA;430.1
PR;
SP;512.5
MT;575.6
SP;505.1
PI;434.8
SP;
RJ;739.5
GO;639.9
CE;623.9
PI;
PB;442.7
RS;
MG;359.6
MA;
GO;
RS;589.7
GO;484.0
PB;405.5
MG;375.0
RJ;
SP;564.8
RJ;
PA;396.0
RN;
BA;435.1
GO;
RJ;
PB;515.1
ES;431.4
PR;785.2
SP;451.2
PA;424.0
PB;478.5
PI;416.1
GO;469.8
MG;413.9
DF;
PA;
PA;567.0
RJ;493.8
MT;483.7
PR;557.7
CE;593.3
GO;627.3
MG;521.9
BA;841.7
BA;
RJ;
BA;680.1
AL;743.3
RN;439.6
SP;659.1
DF;551.8
MA;431.0
GO;
CE;395.3
MG;597.7
MG;600.4
PA;
AM;448.2
PB;573.1
RS;678.9
PA;424.3
DF;376.2
MT;561.1
SP;628.9
AC;
MA;706.7
GO;
SE;566.6
PA;
MA;486.9
MA;397.7
PR;639.9
PA;
CE;444.1
DF;424.3
MG;731.9
RS;653.5
GO;636.5
CE;
SP;542.4
ES;568.9
PE;550.0
GO;
MA;
BA;
MG;
MA;
MA;529.9
RS;
BA;640.8
BA;417.6
SP;730.9
AM;398.0
CE;400.9
CE;509.5
MG;670.5
RJ;448.7
RJ;
MG;
SC;701.0
MG;619.6
AL;
GO;
MA;512.8
CE;533.8
BA;
PE;491.2
MA;620.3
BA;467.3
AM;
MG;717.7
MG;693.1
CE;671.9
PA;430.8
GO;641.2
RS;473.1
MG;376.8
SP;559.7
PR;374.9
AC;512.2
ES;480.6
PE;404.2
SP;694.8
AL;469.1
TO;
MT;560.9
PR;412.0
TO;607.9
RS;
CE;439.6
GO;
SP;463.0
SP;451.5
MG;
MS;487.1
BA;436.6
PE;558.8
CE;467.1
CE;414.5
SC;
PA;
PR;658.9
PE;
CE;392.3
MA;526.0
CE;
CE;384.7
PB;507.9
CE;527.0
SP;525.8
ES;
PB;726.9
PE;412.5
SP;634.5
SE;503.0
SC;761.9
PE;407.4
RS;622.2
CE;578.1
PA;
PA;531.3
MG;580.4
PA;
MG;677.7
CE;419.5
PI;581.8
RS;795.9
BA;552.5
CE;451.9
SP;819.8
PA;452.4
MG;482.5
CE;415.7
MT;475.3
PR;476.4
GO;447.3
GO;
PR;544.5
GO;383.3
AM;429.2
SP;654.9
ES;
SC;
MG;593.4
GO;512.6
PA;
MA;522.5
PA;
MT;445.5
PE;697.8
MG;665.6
PB;421.9
MG;460.6
PI;715.7
BA;
SP;586.0
RS;583.3
SP;676.1
PI;624.0
MG;635.6
MG;452.6
RS;421.6
RJ;758.7
PE;504.1
SP;637.4
RJ;
AL;584.1
MG;
DF;
RJ;505.4
BA;478.4
CE;415.9
MT;517.4
MA;402.6
SP;649.7
GO;453.9
CE;354.9
RN;639.8
BA;
PA;522.1
SP;807.9
SP;560.8
SE;
PI;471.6
PB;429.4
PI;453.5
SE;463.5
CE;
AL;403.8
BA;483.4
CE;428.8
SP;759.3
PE;700.3
BA;603.3
BA;
BA;445.6
CE;572.4
PE;
AM;
SP;613.0
PE;716.0
PI;
CE;783.7
MG;581.7
ES;585.5
CE;399.6
PA;380.5
MS;751.5
MG;600.1
PR;544.6
GO;395.3
GO;
SP;403.1
MG;437.1
SP;
BA;
RN;525.2
PR;455.9
MG;688.1
MA;417.6
PA;408.0
AM;666.7
SP;648.9
RS;374.5
MA;520.0
CE;
BA;567.3
SP;573.4
PE;394.6
GO;376.3
RN;433.9
MA;
CE;428.5
MG;416.2
RN;404.0
PE;
BA;
CE;744.8
MG;493.5
PR;
SP;657.4
MG;476.6
GO;372.5
SP;535.1
RN;514.0
DF;
BA;
MG;521.5
GO;476.3
CE;607.6
RJ;645.7
SP;552.5
SP;614.9
CE;474.6
PR;473.0
SP;643.4
GO;527.0
SP;
CE;666.1
CE;551.7
RJ;
PB;705.5
BA;
PB;568.5
GO;
CE;692.2
MG;
PR;417.8
CE;
PB;702.4
CE;595.2
MS;
PR;
SP;641.5
SP;616.4
MG;417.8
AP;
MA;501.1
PB;480.9
SP;510.6
MG;544.9
BA;
MA;401.5
CE;456.6
GO;
RJ;431.8
MG;750.2
RS;641.0
GO;478.0
MG;690.4
ES;401.3
BA;449.6
PE;695.2
CE;569.0
RS;
ES;566.8
SP;
SP;512.4
SP;696.5
PE;505.4
PB;
PE;428.4
RS;
SP;800.7
SE;488.0
MG;491.0
GO;470.6
RJ;484.9
BA;566.4
PE;512.7
MS;
MG;683.2
RJ;507.4
PA;
BA;438.2
PE;387.8
GO;450.4
RJ;588.3
PB;683.9
RJ;578.0
PR;385.3
RS;490.2
RJ;567.9
SP;566.2
PB;528.7
BA;502.7
GO;461.7
DF;
PE;
CE;470.5
MG;681.3
RS;500.1
MT;560.7
PE;524.9
PA;387.8
CE;530.6
GO;
SP;735.9
MG;
MG;736.9
SP;
PB;520.3
PB;410.1
RJ;624.4
GO;378.3
MG;844.0
CE;565.6
PI;
SP;659.9
CE;443.1
MG;
CE;
PA;
CE;405.0
MA;462.1
PB;501.5
CE;449.2
SP;405.4
GO;
PB;399.1
SP;
BA;503.0
CE;
RS;658.0
ES;772.5
MG;672.5
PB;
PI;403.9
CE;
SE;431.2
CE;469.3
PE;641.1
PE;513.5
AM;418.3
PB;568.1
TO;771.4
MA;546.2
SC;634.6
ES;429.3
CE;393.2
SP;603.5
PA;480.3
MG;
ES;408.0
PE;721.1
PE;449.3
MG;953.1
RS;397.5
AM;
SE;747.6
CE;409.9
RN;591.2
PE;491.5
PB;591.2
CE;517.0
MT;395.9
RS;491.4
CE;593.0
CE;392.5
PI;499.0
CE;541.3
MG;388.3
RJ;
SP;683.0
MG;
BA;575.6
RJ;440.3
RJ;418.9
MA;422.2
BA;
GO;374.9
GO;726.7
BA;399.6
RJ;863.1
AM;396.1
SP;622.2
PA;369.3
DF;511.8
MG;414.3
PE;
RJ;487.8
RJ;
SP;708.7
CE;538.8
GO;582.4
RJ;581.7
PE;448.9
RJ;627.4
RN;410.9
MG;444.6
PI;534.3
MG;745.3
MG;707.4
CE;438.7
SE;388.9
RJ;
DF;
CE;
BA;489.1
AL;454.1
SP;679.4
CE;712.8
SC;660.7
BA;562.4
CE;426.2
GO;503.8
RJ;677.1
MT;515.2
MG;707.5
SP;674.6
PA;449.1
SP;
PR;493.3
BA;625.2
BA;
PE;396.2
RN;418.6
CE;859.5
MG;486.3
GO;414.5
CE;
RS;544.7
MG;421.3
MG;748.1
RN;451.4
SP;724.0
RJ;
BA;
PR;393.9
SP;579.5
PI;653.3
CE;557.8
SP;506.1
TO;
CE;567.7
RJ;
MG;666.5
RJ;438.0
BA;509.6
RJ;456.8
GO;403.6
CE;
PR;751.9
PE;509.2
SP;447.6
PR;433.2
SP;574.0
PI;546.4
MA;434.2
SP;
AP;392.8
CE;
PR;390.7
MA;379.4
BA;
PA;400.5
PE;668.9
DF;394.1
MA;532.0
GO;478.4
CE;406.9
RN;
SP;
SP;
BA;643.8
PA;652.5
SE;590.5
MG;
PA;
DF;
AM;427.0
SP;537.2
PA;557.8
GO;486.7
GO;441.4
CE;437.4
BA;
GO;
MG;546.0
BA;
SP;459.8
CE;432.3
SC;580.7
PA;512.0
RN;471.9
CE;
GO;
ES;502.3
BA;377.4
PR;612.4
MA;733.3
PB;686.7
MG;482.1
PE;
PI;504.7
PA;
CE;365.7
BA;372.5
PR;439.0
MG;655.6
CE;
PE;
PI;429.9
SP;670.2
CE;582.4
CE;699.6
BA;380.3
MG;418.3
MG;
DF;
PR;496.9
MA;622.8
GO;392.6
RN;522.3
PE;505.2
RJ;535.1
CE;391.1
RJ;580.6
BA;
SP;605.0
SP;714.0
RJ;520.7
BA;516.4
RJ;
CE;538.2
MA;540.0
GO;
PB;
PR;487.8
PB;576.5
RS;687.1
BA;452.3
CE;403.9
DF;681.4
BA;
RS;699.0
BA;499.8
CE;387.7
AL;533.7
RJ;
CE;
RJ;437.1
SP;389.9
PE;437.8
SP;
PA;429.9
MT;526.6
BA;529.0
MA;429.2
RN;
PR;658.7
BA;454.7
RJ;
CE;412.7
SP;411.3
GO;442.0
TO;581.9
TO;370.2
SP;703.9
GO;
DF;771.9
CE;531.2
CE;518.0
SP;391.1
MG;
PI;849.6
MA;435.6
PR;641.7
PB;588.7
BA;663.1
RS;573.4
SP;693.2
SP;714.7
RS;712.5
GO;
SP;486.4
MA;442.6
MG;455.1
AP;
AM;443.1
AL;392.9
PB;511.8
BA;415.3
PB;533.7
DF;638.4
MA;393.7
RS;807.7
PA;693.3
RJ;453.2
SP;552.3
PB;454.5
PA;
SC;707.7
SP;
DF;389.6
SE;
PA;449.0
CE;508.4
ES;424.3
TO;
RS;554.5
CE;452.1
SP;465.5
CE;
PE;468.6
PE;628.8
SC;635.9
RS;503.6
GO;515.2
PR;
BA;670.9
MS;585.6
MG;615.5
RS;424.5
BA;491.3
RJ;486.8
AL;457.6
ES;472.5
PB;
MG;414.4
MG;610.9
SP;435.4
CE;427.2
GO;490.2
RN;426.8
SP;561.8
CE;
CE;454.7
GO;
DF;596.9
BA;
GO;
BA;
MA;
SP;
RJ;645.5
CE;665.6
BA;519.3
RN;
SP;
CE;
GO;539.3
SP;
CE;
SP;529.2
BA;
GO;402.7
MT;533.4
CE;499.4
RN;766.7
MA;
MS;484.7
RN;440.8
MG;711.5
CE;445.5
PA;385.1
PA;600.2
BA;
PE;428.9
PI;642.5
PE;432.2
PB;415.5
BA;
MG;
SP;
CE;662.1
MG;510.3
BA;538.0
GO;
SP;722.9
MG;408.0
MA;415.2
SP;556.5
PA;408.0
TO;
SP;452.4
RS;537.2
MS;496.9
MG;
AL;457.6
SP;601.8
SP;420.3
PE;636.5
RR;702.5
CE;521.8
MG;727.7
PA;652.9
PE;472.1
RS;582.3
SP;
CE;410.3
CE;506.2
SP;
PR;485.4
RJ;601.4
RN;551.0
RS;651.3
RJ;471.9
SP;598.2
CE;576.7
BA;423.9
RJ;572.2
GO;504.9
PE;572.5
SC;544.1
CE;
BA;449.9
MG;363.3
PE;723.5
AM;
MG;565.3
PE;509.7
GO;517.7
PE;628.7
PA;
SP;
RN;555.8
GO;480.9
GO;498.2
GO;534.9
PE;598.1
GO;
PE;455.4
SC;439.3
BA;627.1
BA;551.8
DF;
MT;
PE;503.4
CE;428.4
MG;599.2
DF;510.1
BA;457.0
CE;554.0
PE;447.4
GO;577.8
RS;542.0
MG;
PA;
ES;452.3
GO;
MA;689.7
BA;495.6
SE;436.1
RJ;410.4
CE;513.1
RJ;790.5
SE;764.7
CE;435.4
GO;
RS;616.7
MG;453.6
SP;708.7
BA;677.9
SP;632.6
PA;
SP;
CE;487.7
RJ;786.5
SC;648.9
RS;417.2
BA;525.6
CE;
RJ;401.8
BA;
RN;432.0
MG;499.7
BA;
GO;411.9
BA;451.5
MA;410.2
SE;468.9
SP;436.0
PI;
GO;600.5
SC;583.7
PE;499.7
PA;417.7
PR;
RN;476.2
RJ;530.9
RO;531.8
PE;393.7
PA;593.1
BA;417.7
AM;
PR;700.1
SP;741.7
RJ;695.3
PA;563.2
RJ;609.6
CE;456.1
GO;692.5
SE;459.6
PI;
GO;525.3
CE;
MG;
PE;
GO;484.0
CE;498.8
RS;616.7
MT;
MG;
AL;425.5
SP;430.7
RJ;772.9
PB;757.9
MG;806.9
BA;668.2
SP;
GO;403.4
SP;561.3
MG;787.1
SP;487.4
MA;
PR;606.7
BA;436.5
RS;
CE;720.3
PR;
BA;467.7
RS;419.8
SP;
MA;409.7
PE;490.6
RJ;
PI;
AM;
PA;377.9
DF;586.3
CE;407.1
BA;376.7
CE;590.1
SP;444.2
BA;427.3
PI;462.8
SP;445.9
RN;555.5
PB;711.7
SP;733.9
SC;598.7
PA;481.7
PE;
CE;520.1
CE;382.1
SP;669.6
RJ;702.8
PE;528.1
CE;
MA;482.2
CE;428.0
GO;644.7
CE;
RS;
CE;515.1
RJ;485.6
MG;721.4
CE;392.7
RS;782.7
MA;
MG;705.4
PB;
MG;413.6
PA;
PE;554.6
SP;436.9
CE;530.4
BA;517.9
TO;
BA;491.7
PB;632.6
CE;358.1
CE;
PE;464.9
MA;426.4
PE;387.1
CE;493.2
RS;438.0
MG;689.4
SP;541.0
RS;521.9
SE;465.4
MG;728.3
RJ;485.5
PA;
PR;630.9
CE;569.6
RN;
PE;482.0
MA;583.1
RN;613.9
PE;510.8
PE;386.3
BA;418.0
CE;618.1
RJ;587.5
GO;404.6
RJ;533.9
PI;477.8
AM;418.9
RN;392.5
PB;615.1
MG;477.0
RJ;471.3
SP;594.1
SP;466.3
PI;506.3
SP;
MA;520.9
SP;518.0
CE;380.4
RJ;591.6
BA;509.7
RJ;403.6
PI;542.7
MA;363.7
PE;416.6
SP;
SP;514.0
PR;579.0
PR;556.3
SP;735.5
DF;
PB;681.3
ES;711.6
PE;469.2
BA;398.3
TO;398.4
GO;
AM;628.9
PA;
PB;568.8
RJ;
RO;517.9
BA;415.7
AL;600.1
BA;710.6
SP;
MG;722.1
BA;446.1
RS;
SP;
RJ;
MA;435.7
PI;362.4
CE;509.1
MG;437.5
DF;667.1
RO;567.9
GO;669.5
SP;
RS;
MS;403.9
CE;372.6
SC;432.5
RS;431.1
PR;405.1
RJ;532.6
AL;433.3
PE;433.7
SP;398.6
CE;552.5
SP;493.4
CE;
MG;733.0
CE;
CE;468.7
RJ;641.4
DF;403.5
CE;
MG;434.8
GO;424.8
CE;563.0
GO;
PA;
PE;470.5
SP;466.1
CE;768.3
PR;436.8
PE;432.2
CE;423.6
SC;
SC;600.3
CE;631.3
CE;493.7
ES;426.5
PA;
CE;415.8
CE;
BA;409.3
PE;460.7
SP;628.3
SE;559.5
PE;463.9
BA;411.8
ES;459.1
DF;555.2
BA;581.4
GO;504.6
CE;417.1
SP;751.5
SP;429.6
PE;396.8
MA;581.0
PR;599.7
SP;
PE;
BA;
RN;444.7
PB;828.1
GO;641.4
SC;
SP;638.7
CE;
DF;649.6
SP;473.6
GO;366.8
GO;431.9
CE;399.5
PE;595.7
BA;422.2
PA;507.7
PA;464.5
BA;413.3
AL;625.2
GO;
AL;415.9
SP;813.3
PE;697.4
BA;485.4
SP;492.9
SP;455.5
MG;657.4
AL;543.9
CE;598.0
PR;498.6
GO;598.3
CE;432.4
PB;767.2
RJ;439.2
SP;532.5
MG;615.7
SP;759.0
GO;
RS;628.3
GO;
MA;
CE;398.4
MA;
BA;513.4
PE;706.8
SP;778.7
PR;
RJ;644.1
MG;
GO;576.0
PA;386.3
PI;384.9
RJ;470.1
PI;420.4
PB;432.0
GO;454.5
MA;417.1
PR;452.2
GO;590.8
CE;810.8
CE;631.9
CE;
RJ;445.7
PI;458.3
GO;
SP;
SP;687.8
MA;475.3
PR;428.4
RJ;531.5
RN;445.3
GO;670.0
MS;
BA;641.0
PA;389.1
MT;731.5
SP;
MG;437.3
SP;390.8
RJ;505.4
CE;513.4
RJ;
RS;683.2
PA;413.4
PE;680.2
SC;743.6
MS;658.1
RJ;731.1
SP;513.3
SC;560.6
DF;
MG;446.4
MS;617.4
PE;558.2
RS;543.6
MG;481.9
SP;541.2
PE;462.9
PR;538.1
SP;629.7
BA;423.0
SP;668.1
SP;633.5
RO;407.2
MG;631.2
PE;418.9
SP;603.5
BA;605.7
GO;494.4
PB;
MG;693.9
RJ;
RJ;748.5
RS;
ES;725.0
RJ;694.8
GO;446.1
MG;522.7
SP;720.4
SE;430.8
RJ;815.8
BA;623.2
SP;573.0
SP;493.2
BA;502.7
RJ;551.1
BA;494.1
MA;522.3
SP;603.9
RS;574.0
BA;528.0
PE;478.3
PR;483.0
MT;357.8
CE;577.2
PA;675.1
GO;412.2
BA;563.7
BA;483.5
MG;
SP;644.1
AP;388.7
BA;451.4
SP;749.5
CE;
CE;515.8
CE;
RN;
GO;452.7
GO;
PE;
SP;598.4
GO;523.4
CE;531.0
SC;364.3
SP;
RN;664.8
MG;
TO;
PE;440.9
CE;628.7
CE;
RJ;643.8
PR;635.4
MG;721.7
PA;599.0
RN;457.4
BA;569.8
GO;
SP;
CE;427.0
ES;606.7
MT;528.9
GO;535.8
AL;736.4
SP;682.3
BA;394.9
BA;504.5
PE;453.6
SP;692.9
RS;483.1
RJ;
RN;
ES;
SP;430.3
PA;393.6
SP;534.7
PE;660.3
RJ;
CE;648.1
PI;398.7
RJ;374.3
RS;620.5
CE;413.4
BA;520.3
BA;618.0
CE;574.5
RJ;605.6
PB;
BA;591.6
RJ;659.1
GO;461.4
SP;656.1
CE;436.4
BA;426.2
RJ;
CE;
RJ;423.1
SP;523.8
SP;552.8
CE;469.0
RJ;449.9
MG;501.7
MS;522.6
PA;491.1
MA;
GO;
SE;381.7
PI;466.8
BA;527.6
MG;727.0
RN;435.4
RJ;413.2
PE;561.1
BA;758.6
RJ;
PR;462.0
BA;633.2
PE;650.0
SP;570.9
BA;431.6
SE;439.1
RN;571.6
RJ;492.5
PE;423.1
AL;693.6
RS;737.1
MA;
AP;468.6
MA;605.6
AM;
PA;540.3
RN;547.2
MT;578.9
BA;534.6
PE;393.0
MG;408.8
MG;721.4
SE;479.2
PE;391.5
CE;533.7
CE;417.0
RO;451.7
CE;543.8
MA;466.1
BA;681.4
SC;
BA;614.2
PA;
RS;467.4
BA;
GO;660.5
MA;415.6
RS;746.2
MG;396.0
BA;413.2
MG;
RJ;
BA;423.8
BA;
BA;
CE;420.2
PA;625.2
ES;
RJ;379.3
PI;430.9
PR;783.7
CE;415.0
DF;620.9
CE;552.5
SP;656.2
PA;400.5
CE;423.7
DF;751.0
MG;704.2
RJ;
PB;488.2
GO;458.7
PE;526.8
RJ;415.6
CE;484.2
RS;540.4
AC;
MG;407.8
RN;
BA;605.8
CE;686.9
GO;
GO;466.8
PB;623.9
GO;
PA;574.7
RS;701.0
PI;464.3
SP;700.3
BA;
CE;657.4
PA;433.1
MG;664.8
SE;631.2
BA;403.8
PA;431.6
CE;549.0
CE;435.8
PB;523.3
PE;615.7
SP;621.0
MG;478.8
MG;460.5
SP;454.4
RN;400.7
BA;463.9
TO;
BA;390.9
CE;413.5
PE;853.8
CE;484.9
GO;470.4
SC;447.8
BA;
PA;
GO;429.9
MA;711.7
MA;
RS;462.7
CE;
PB;724.2
CE;466.7
MG;606.6
GO;557.7
GO;
DF;613.8
MG;660.5
PI;502.1
RJ;622.4
PA;454.2
RJ;687.0
GO;506.8
MG;614.6
PI;
MG;552.4
RN;477.9
MG;
AM;
PE;
CE;419.6
SP;406.0
SP;699.3
MA;546.6
RO;
BA;436.8
SC;
SP;560.4
MG;408.7
RJ;500.7
RJ;725.1
RJ;626.0
MT;576.1
SP;509.6
SP;646.7
PB;418.0
AC;549.9
GO;479.5
PA;539.7
GO;513.6
MA;529.6
BA;419.4
RS;538.6
RJ;610.8
SP;495.7
PR;821.8
GO;576.6
PA;535.8
RJ;397.0
RJ;
CE;491.1
RJ;487.4
RJ;411.4
MG;758.8
SP;454.7
PB;
SC;484.5
SP;590.1
CE;
BA;507.1
CE;577.8
RJ;655.6
PR;
PA;496.7
BA;391.3
CE;
SP;
PB;426.1
PI;443.3
RJ;395.5
RJ;640.8
SE;502.4
CE;444.5
MG;663.8
CE;542.6
CE;443.9
MS;519.9
BA;
RS;494.1
RS;
PR;467.9
MG;435.7
PI;539.5
RJ;515.8
BA;
SP;775.8
PA;399.6
PE;389.3
RS;385.7
GO;454.1
DF;
CE;436.3
PB;467.0
TO;515.0
MG;647.5
RO;499.8
RJ;670.5
GO;560.9
PA;457.9
SP;478.8
MG;631.2
MA;544.5
MG;422.0
GO;482.7
RS;430.2
CE;408.5
TO;762.1
MG;414.8
MG;762.5
PA;588.7
MG;429.1
BA;651.7
PB;
MT;419.8
MG;529.5
BA;552.7
PE;594.9
BA;470.8
PR;470.3
MS;
GO;642.6
CE;574.8
GO;
CE;
CE;402.1
SP;
PE;575.7
SE;538.9
MG;
RJ;487.1
MG;567.5
PI;654.4
SC;606.7
SC;
CE;533.9
PI;
SP;
RN;408.2
CE;668.0
SP;760.2
MG;
ES;577.1
PB;454.4
CE;436.8
GO;503.1
DF;818.4
AM;
AL;752.0
PA;423.1
PE;458.4
BA;410.8
SC;754.0
BA;623.2
MT;549.7
SP;594.1
TO;542.6
MS;
RS;611.5
SP;
PE;
PE;717.3
BA;432.0
CE;442.7
RJ;450.0
ES;
RJ;629.2
GO;
SP;709.1
RO;627.7
GO;573.6
SE;470.7
CE;437.0
SP;781.7
MG;
RJ;478.5
SP;681.6
CE;
MG;712.3
GO;
SP;437.6
PE;
CE;490.8
PE;
MG;
PA;461.7
PR;516.8
PE;441.4
CE;
GO;586.2
PI;416.6
AL;
PB;438.4
SP;719.8
CE;
BA;390.1
PA;433.0
MG;477.0
PB;855.7
SE;
SP;589.7
BA;409.8
PR;485.7
BA;824.8
PE;427.9
PR;514.8
PE;613.5
MA;396.0
MG;855.5
RJ;726.2
RS;554.8
PI;425.4
AC;636.4
CE;470.3
CE;379.1
MA;628.5
PA;
PE;426.5
ES;362.3
CE;496.1
MG;583.5
PR;556.4
MS;493.5
CE;419.1
SP;
PA;
SP;609.1
RJ;410.3
CE;495.9
RS;
MS;465.2
BA;
PE;435.5
PA;441.9
BA;516.6
SP;
RN;368.1
SE;
RS;714.1
CE;
SP;570.7
CE;707.7
SP;700.7
SP;637.5
CE;701.4
RJ;587.8
PR;
CE;
SP;566.7
MG;405.4
CE;365.2
PA;446.6
PI;
GO;454.2
PR;442.8
AM;517.5
PB;419.9
CE;
GO;450.1
PA;634.8
AM;490.2
RS;692.8
MG;416.9
MG;548.1
AM;
MG;
CE;551.4
RR;576.9
MA;453.7
PE;
GO;636.0
SE;426.9
PB;578.1
AL;446.6
CE;393.0
RS;456.3
MG;546.0
GO;510.8
PR;624.2
PB;
CE;511.6
GO;588.8
SP;603.3
RJ;
SP;606.5
MG;
MA;419.6
PE;535.0
MG;717.6
SP;908.0
TO;525.7
PE;628.5
PE;547.8
MG;
DF;581.1
SC;
RS;426.7
AL;438.6
MG;
SP;756.5
PB;603.3
PE;451.3
SP;376.9
PI;
MG;590.9
MG;723.9
CE;416.8
SP;696.1
PE;583.6
RJ;762.9
PE;
AL;
PE;836.6
PB;
SE;584.7
RJ;
MA;
DF;
ES;562.8
AL;487.0
PB;
GO;542.5
PB;450.4
PB;439.6
PB;407.6
CE;441.0
SP;733.4
PI;443.9
RJ;432.6
GO;553.1
SC;523.8
MG;
CE;486.7
CE;487.9
PE;573.6
SP;
GO;670.4
MG;557.0
PB;642.6
RS;
AL;686.9
CE;679.0
BA;729.3
SE;470.9
SP;436.2
MS;386.5
SC;449.9
RJ;
GO;426.7
MG;672.8
RN;433.2
CE;411.8
PR;614.9
RJ;444.9
GO;558.2
BA;
CE;550.6
GO;697.4
PI;
ES;
CE;
RJ;454.5
GO;416.6
SC;588.9
RN;633.8
CE;656.6
MA;450.9
SP;452.6
PE;
BA;432.0
RN;468.0
SP;495.0
CE;386.2
MA;464.1
BA;518.5
ES;502.2
BA;374.5
BA;362.3
SP;616.4
SP;564.8
AP;
BA;767.0
PI;636.7
BA;369.8
BA;453.7
GO;
PA;424.9
RJ;561.2
CE;675.8
PE;556.1
BA;654.8
PB;512.0
BA;
BA;402.3
AL;470.8
ES;533.1
GO;496.5
RJ;589.1
SE;469.4
BA;425.3
CE;387.6
GO;503.3
RJ;
MG;552.3
PB;555.1
MG;632.3
BA;
SP;613.5
CE;742.7
GO;
MA;628.1
SP;
MG;419.5
GO;
CE;
BA;428.2
BA;461.0
MA;397.6
CE;
CE;684.2
GO;454.5
AM;
BA;532.7
SP;432.0
RJ;465.4
GO;
RN;433.1
AL;520.2
RS;
MT;574.4
PI;546.1
RS;593.9
MG;379.8
BA;
PA;531.8
MG;
RN;471.4
AM;
MG;546.1
MG;682.0
MG;623.2
ES;645.4
GO;
MA;569.9
MT;
BA;757.7
CE;
SP;797.1
AL;431.4
CE;501.9
MG;761.4
PA;747.0
MG;482.6
MG;697.7
GO;
DF;372.6
SP;
GO;419.3
MG;663.9
PE;393.1
CE;524.5
GO;517.1
SP;610.3
RJ;512.3
PE;444.0
PA;391.4
SE;
SP;
RN;
RN;503.1
RJ;394.0
PR;531.8
AL;410.1
AL;
RJ;636.4
MG;630.6
SP;636.6
PI;
PR;464.2
RJ;505.5
RJ;795.4
RN;525.6
MG;430.1
RJ;453.6
PI;562.8
BA;451.3
BA;539.3
ES;698.2
SP;549.8
BA;394.3
GO;507.2
SP;385.9
GO;482.9
DF;556.7
PR;500.2
PI;499.3
SP;445.6
RJ;682.8
SE;
GO;719.4
MA;664.3
MA;
SP;647.2
PI;461.8
RJ;561.2
MG;583.5
DF;642.9
SP;698.8
PE;
SC;407.3
SP;685.7
SP;
BA;386.2
SC;
MA;492.1
SP;556.4
SP;722.3
SP;
PI;
BA;478.7
RO;
MG;
MG;
PA;496.7
RJ;570.3
MG;578.8
PB;520.1
RJ;541.4
TO;513.5
MG;
MS;427.7
ES;377.0
PB;427.5
BA;549.4
MG;487.4
GO;368.2
GO;486.3
GO;598.9
RS;772.7
BA;530.4
ES;623.8
PA;410.6
MG;672.7
RJ;740.5
SC;478.4
AM;522.5
CE;
RS;671.2
RJ;618.0
CE;405.5
CE;692.7
MG;659.6
CE;404.9
BA;509.8
PB;591.3
BA;460.1
RJ;665.7
CE;461.7
PA;442.9
PB;625.4
PE;
PB;517.3
MG;458.7
PE;536.3
SC;377.5
MG;
GO;
PR;520.3
PR;
PB;689.1
PR;621.1
GO;700.7
DF;556.9
SP;
PR;534.6
RN;610.3
RO;598.7
RR;683.2
SC;
PI;458.6
TO;434.6
MG;760.5
CE;
RN;391.3
SP;364.7
GO;503.5
SP;
GO;826.3
MA;482.5
SP;501.0
RJ;497.5
CE;435.1
MG;605.7
PE;408.0
RS;522.6
RJ;863.6
SP;444.8
AL;612.9
MG;435.8
RJ;666.6
BA;725.9
CE;
CE;
MA;447.2
CE;477.4
RS;748.7
MS;703.3
PE;425.8
PA;509.4
PE;753.1
RJ;398.9
CE;544.5
CE;379.4
PI;475.5
CE;494.9
RN;494.8
RJ;660.2
CE;
RS;467.4
BA;586.1
CE;
MS;503.6
SP;
CE;390.1
RN;
BA;634.3
BA;392.7
PB;418.2
BA;458.7
ES;435.8
RN;516.1
PI;393.1
PA;836.9
PE;
RS;802.7
SP;
CE;457.0
RJ;406.5
MA;606.0
SP;444.6
AL;388.5
BA;497.6
MG;536.7
RJ;496.9
BA;625.2
BA;465.8
CE;
MG;748.9
RJ;873.2
RJ;393.5
RJ;
PE;757.0
GO;499.1
RJ;
SP;452.9
RN;613.7
PE;436.6
GO;645.9
PR;528.2
RJ;703.6
CE;460.9
MA;442.0
RJ;755.2
CE;
MT;410.3
MG;691.6
GO;
SP;504.1
PB;669.7
BA;600.6
TO;669.5
CE;589.2
PE;537.9
GO;407.9
CE;
PA;
TO;686.2
BA;
CE;578.1
MG;675.7
RN;
BA;422.6
BA;417.4
ES;714.8
MA;455.4
SC;655.2
GO;456.8
BA;494.4
PA;673.7
SP;608.5
GO;611.6
RN;591.4
AL;533.7
TO;642.2
PE;523.2
MG;613.4
MG;692.5
MG;647.0
SE;713.3
SP;
MG;
BA;381.0
RJ;460.7
AM;615.8
GO;483.4
GO;590.5
SP;716.3
RS;780.6
PR;401.8
MA;
SE;371.5
SP;512.4
SP;441.3
GO;465.0
AP;416.2
GO;
CE;
RN;468.2
GO;481.0
PE;493.5
CE;459.3
PB;647.7
SP;
SP;705.4
CE;442.9
BA;
GO;607.0
MG;487.0
CE;409.1
SP;464.5
SP;696.0
BA;582.5
PI;478.5
PA;505.5
PA;586.7
AL;449.5
BA;
CE;495.4
CE;379.1
SP;
CE;
SP;520.0
SP;
ES;504.7
MG;714.5
MA;440.7
GO;713.1
PI;460.3
GO;389.9
BA;420.1
RN;
SP;635.1
BA;627.5
PE;440.3
BA;444.0
SP;644.5
CE;520.0
CE;481.2
CE;440.8
MA;
GO;537.4
CE;576.6
MT;657.1
RO;672.9
MG;403.2
PE;491.6
SC;
MA;498.4
MA;647.9
MA;771.5
SP;708.3
GO;
MG;645.6
RJ;483.0
RS;
PI;427.7
PR;448.9
SP;
PB;
MA;544.9
PA;589.3
MG;
SP;514.8
CE;687.8
MA;509.4
RJ;496.2
GO;
PE;474.9
SP;522.1
AM;427.2
PI;402.6
MA;539.7
PE;777.3
BA;576.6
PI;491.4
PE;395.1
PB;727.0
PI;491.3
RJ;405.4
PE;587.3
SP;539.0
MG;669.5
SC;408.1
RN;414.8
AL;417.1
MS;685.9
GO;
PI;401.6
SP;
CE;661.5
RJ;553.9
PE;
MA;423.6
AL;
ES;442.7
RN;
SP;671.3
SE;848.7
PE;417.2
GO;697.3
MG;808.1
BA;624.7
PE;389.3
PE;492.8
PE;721.1
MA;408.6
CE;
SP;658.2
MA;542.8
BA;584.7
RN;386.5
ES;
RO;480.5
MG;
RJ;
PE;421.3
RN;
GO;514.5
SP;522.4
BA;591.0
BA;
PA;747.8
CE;550.0
ES;492.3
SP;667.0
BA;698.0
MA;503.3
PA;
SP;437.9
MG;740.1
GO;
RS;800.5
PB;
CE;624.0
SP;
CE;
SE;
CE;440.4
RJ;463.4
CE;668.8
MA;394.5
SP;739.4
SC;443.7
CE;
PI;694.1
BA;
PA;
PA;
MA;413.5
MG;665.5
MG;710.2
PR;397.7
MG;
CE;387.5
SP;370.4
PE;469.1
SC;
SC;681.1
MG;866.9
CE;439.6
SP;589.7
BA;444.8
AL;504.8
CE;550.6
RN;506.0
PR;441.0
SC;636.6
SP;
GO;
PA;553.9
GO;485.1
CE;432.4
AL;686.3
PE;538.1
CE;518.8
SP;630.8
MT;586.2
RJ;636.6
MG;
BA;
BA;447.8
SP;
GO;357.5
PA;
GO;439.6
MG;443.7
BA;458.1
SP;624.5
SP;500.8
SP;374.1
PI;485.8
GO;451.9
PB;502.9
MA;392.7
RJ;589.7
SP;
CE;367.0
CE;
BA;528.4
CE;586.5
PE;800.3
PR;546.1
BA;691.4
MT;390.4
PR;
SE;548.8
PE;482.3
BA;507.6
MA;495.6
CE;
SP;430.4
SP;753.7
RJ;662.5
CE;659.5
MG;708.7
PA;
TO;484.5
MG;529.5
DF;521.2
ES;608.3
SP;
PE;668.8
MT;438.9
AL;517.4
BA;
PI;603.0
CE;524.2
PE;499.5
SP;
PB;753.3
MG;413.3
MG;664.3
PB;612.4
CE;501.6
MA;701.5
CE;505.4
PR;
CE;
MG;734.3
GO;
TO;402.2
SC;545.3
MG;424.9
CE;
SP;
SP;621.2
CE;
CE;390.5
MA;697.2
BA;
PB;
RN;512.2
BA;
PE;582.4
PA;590.9
MA;463.7
RS;
PI;
MT;439.7
SP;
BA;470.0
RJ;
BA;631.8
CE;505.3
PB;490.9
CE;554.6
PB;466.6
AL;623.9
MG;551.2
CE;
CE;418.6
PR;418.6
PA;
GO;589.2
AC;474.1
SP;671.4
CE;
PE;671.7
PB;559.6
RS;500.6
GO;408.8
SP;
CE;491.5
PA;631.1
PR;668.9
CE;
SC;
PA;
PA;507.1
MA;540.0
ES;502.9
RJ;572.9
TO;363.1
MG;614.4
SP;597.8
RS;722.1
GO;
SE;434.2
PA;632.3
PE;
SP;
GO;
PE;382.4
SC;
PE;537.2
SC;610.6
SE;530.8
PE;453.0
ES;563.9
SE;426.0
RJ;445.0
MG;569.2
CE;452.5
AL;536.0
RS;451.4
SP;
RJ;566.1
MG;536.9
RS;444.1
PA;
RJ;519.2
PB;472.1
MG;
PE;533.8
RO;
RJ;409.8
BA;420.1
MG;598.5
PR;645.7
CE;512.8
SP;628.9
BA;
CE;682.8
RS;410.6
RJ;463.9
BA;432.8
PE;475.4
PE;448.4
AL;
SP;
AP;516.8
BA;707.9
MG;671.6
BA;
RJ;449.6
MG;438.9
SP;438.9
SP;479.8
GO;425.0
CE;580.2
PE;439.9
PA;479.9
CE;498.6
PA;
PE;608.7
SE;725.0
PB;520.5
GO;469.4
BA;421.8
PI;395.0
GO;
AL;478.5
SP;510.6
MS;466.8
AL;481.8
SE;821.4
AL;478.2
SP;571.4
GO;538.5
PB;554.9
CE;438.9
PB;442.2
AL;401.6
GO;
SE;450.2
PE;628.8
CE;
RJ;508.0
PA;455.6
SC;465.6
PA;
BA;470.2
PI;685.8
MA;429.9
AL;544.9
SP;522.3
BA;
SE;
RJ;435.2
GO;387.0
PI;
CE;440.6
BA;679.0
MG;751.1
GO;600.1
SE;520.0
BA;450.2
MG;500.6
MG;
SP;632.3
MG;534.8
PE;425.3
MS;458.2
MG;679.5
GO;
GO;
BA;538.2
TO;532.4
PB;409.9
RR;486.0
GO;
BA;435.9
PB;684.2
PE;
PE;
PE;477.1
PE;683.2
SP;665.5
SP;467.6
PA;382.4
RN;534.8
CE;683.7
BA;
AM;
AM;
BA;453.6
MA;509.4
RS;456.5
PA;530.4
GO;670.9
SP;625.9
MT;553.8
CE;607.3
SP;537.8
PB;715.3
BA;581.2
MG;512.8
MG;
TO;561.2
SP;469.6
PE;711.2
MA;386.3
MG;566.2
SP;583.4
MG;448.5
CE;637.1
PE;
BA;599.7
PR;
MG;
MG;
PB;439.7
SP;583.4
AC;503.9
BA;439.9
RN;558.7
PE;
PE;424.0
SP;767.1
CE;549.3
DF;
GO;
PI;594.2
AL;747.0
BA;547.2
MG;
ES;698.2
AL;
PI;385.8
SE;
MA;424.5
MT;509.2
PE;589.6
ES;382.8
MT;492.3
SP;632.3
CE;
PA;
SC;583.1
MG;541.6
PE;436.1
PA;442.7
BA;
MG;491.3
RO;
SE;418.6
MA;
MG;701.7
PA;413.1
GO;
CE;
SP;467.4
MA;390.4
CE;
MA;478.9
RS;502.8
SE;677.8
GO;527.7
BA;496.2
SP;633.3
PB;423.1
TO;423.6
SP;707.0
GO;
SP;577.7
SC;390.8
GO;600.2
GO;411.7
ES;
CE;606.6
SP;544.2
PB;613.4
CE;
CE;635.7
MG;
RJ;505.2
SP;668.2
GO;388.7
MG;444.3
MG;
PE;
RJ;437.6
SE;470.6
BA;413.8
CE;
GO;448.8
AP;652.3
SP;572.3
SP;618.3
PE;731.9
CE;606.9
BA;464.1
RS;610.3
PE;
SP;419.9
PA;466.1
BA;596.3
BA;
PR;
CE;436.4
CE;
ES;702.3
PA;
PB;562.2
PE;443.6
RJ;611.5
CE;495.3
PI;
CE;501.7
CE;368.4
CE;467.6
MG;821.8
BA;426.2
MA;612.2
MT;612.8
CE;443.6
RJ;577.7
DF;419.2
BA;614.0
PI;514.9
AL;
PR;462.4
GO;
SP;405.5
TO;
AL;593.6
BA;375.3
MS;438.8
CE;540.7
GO;468.9
SP;446.7
CE;659.9
MG;732.5
SP;582.3
MG;575.2
PA;425.5
PA;
GO;409.5
MG;650.0
PE;383.0
BA;466.6
SP;621.8
MG;427.4
PE;449.4
TO;601.2
CE;
CE;475.4
MT;521.4
PI;
PE;514.8
MG;
SE;434.9
RJ;429.3
MA;617.2
CE;395.9
PB;388.3
GO;
PA;541.9
SP;442.8
SE;
PB;558.0
RN;481.8
SP;612.6
AL;633.1
PE;417.0
PA;371.5
SP;564.5
MG;627.3
BA;522.9
ES;570.3
BA;
PI;
PR;870.7
PR;
CE;485.3
AM;
MA;427.6
BA;650.8
DF;
MA;391.3
PI;408.0
RJ;599.7
MG;
AL;386.3
SC;
GO;402.0
MA;454.0
MA;453.7
PI;
PA;602.7
PE;726.2
CE;589.0
CE;728.2
TO;383.6
PI;
MG;536.9
MG;
BA;551.8
SC;
MG;471.5
AL;431.0
AL;365.2
BA;
GO;432.4
GO;
MA;
TO;
GO;470.0
MG;
SC;563.5
PE;463.6
RJ;490.6
RS;651.6
RJ;540.5
GO;
MG;544.4
SC;644.0
SP;742.8
MG;582.8
PI;436.7
RJ;484.0
SP;651.0
CE;398.4
BA;460.0
RJ;710.8
CE;547.4
RS;447.6
SP;467.7
BA;521.8
GO;528.4
GO;553.8
GO;469.8
GO;566.8
PA;471.8
MG;488.7
MG;953.1
RJ;397.0
PI;458.3
PE;646.9
BA;631.4
RS;420.0
MG;399.9
ES;386.5
PE;
SP;447.0
MG;505.0
RS;397.1
PB;372.4
MA;480.3
PA;
CE;358.9
MA;404.8
MG;650.5
CE;
PE;530.6
BA;481.9
GO;
PR;575.1
MS;383.7
MA;409.7
PR;566.1
CE;
SP;
PE;561.3
GO;
SP;
SP;593.6
MG;504.9
GO;433.5
GO;
SP;547.0
CE;560.2
MA;
SP;535.0
PE;560.2
BA;
PE;608.7
PA;377.3
SP;727.4
GO;857.6
MA;453.7
RN;580.0
RJ;555.5
SP;
MG;689.2
RN;440.1
SP;588.9
RJ;695.3
MG;504.1
RS;
BA;523.5
PE;414.7
PA;507.1
MG;
SP;613.0
MG;498.3
GO;692.1
CE;501.6
SP;622.1
GO;627.5
BA;691.0
SC;
BA;537.3
DF;
PA;396.1
PE;412.5
PE;713.9
PE;425.2
BA;705.3
GO;528.3
CE;634.7
RJ;722.3
RJ;429.0
MG;
SE;649.5
MG;512.7
SC;423.9
SC;763.9
PI;387.7
BA;
RJ;
TO;608.9
PA;600.0
RN;462.7
CE;
SP;464.0
CE;528.8
BA;545.1
CE;577.6
PA;
BA;463.0
BA;555.6
RJ;443.9
MG;579.1
MS;
ES;
RO;765.4
GO;
BA;389.3
GO;481.1
PB;472.5
PE;
SP;479.6
RN;401.3
GO;
CE;432.6
GO;643.3
SP;724.8
BA;564.3
PR;456.8
GO;525.5
PE;583.6
MA;595.0
ES;526.4
BA;
PA;583.5
RS;503.6
SP;584.2
PE;357.6
GO;398.6
SC;813.2
CE;
GO;632.9
PI;427.6
ES;660.7
BA;388.4
SP;
PA;382.7
MG;423.6
MA;521.3
RJ;
CE;445.2
SP;570.7
SP;755.1
MG;653.6
CE;549.3
PA;393.8
PE;475.2
ES;549.7
PA;
MT;484.4
SP;
RJ;518.2
PI;385.7
AC;555.0
RN;485.8
CE;700.4
GO;
PA;463.7
BA;431.6
RN;407.6
ES;776.0
AL;441.9
SC;
RJ;482.2
CE;391.4
RJ;
RO;522.2
RJ;549.6
MA;410.4
SE;376.5
RJ;638.9
RN;389.2
BA;
PI;622.2
RS;631.3
MG;619.6
BA;416.7
MA;449.5
PE;411.3
PI;445.3
RJ;570.9
MG;443.1
SE;471.5
CE;542.3
MA;
SP;455.9
CE;449.1
ES;627.2
MG;600.6
RS;424.7
PA;466.3
PI;
RJ;750.0
PB;508.8
MS;404.2
SP;
RJ;457.6
GO;
SE;677.8
PA;643.3
TO;
RS;
BA;598.8
RJ;651.5
GO;538.3
SP;732.9
PE;
GO;578.2
GO;540.4
CE;706.9
PI;
PI;493.4
PA;440.8
BA;
CE;
MT;
CE;710.5
SE;455.1
PR;572.3
CE;
AL;393.5
RJ;509.4
RJ;617.1
PB;428.0
GO;780.8
GO;
SP;502.3
PB;676.8
CE;602.5
SP;583.3
SP;761.4
RO;663.5
PE;472.2
GO;457.9
PB;370.8
GO;390.1
MA;383.4
AP;388.5
RJ;541.7
GO;
RJ;479.6
PA;500.1
MG;637.5
CE;622.7
PE;435.6
SE;550.9
GO;426.1
RS;431.1
GO;
BA;508.0
MG;
BA;478.4
MA;
PR;585.9
PR;437.3
RJ;378.4
MA;420.2
AC;
CE;446.8
PI;492.2
RJ;684.6
MG;637.0
GO;573.8
PR;490.0
PE;
CE;480.8
MG;666.9
BA;654.3
SE;398.0
GO;477.0
PA;403.5
CE;
PB;786.2
BA;
GO;592.5
SP;616.8
RJ;428.4
PA;387.5
MT;616.3
CE;479.3
SC;620.8
GO;563.3
PE;
SP;445.6
CE;
TO;
PB;424.0
GO;526.0
RS;502.3
SP;884.4
PI;
GO;594.0
PR;657.1
MG;
RS;582.4
CE;
SP;641.0
PE;453.6
ES;
PR;457.8
PE;529.0
PE;652.2
MG;398.4
BA;425.6
BA;704.5
RJ;626.4
PE;545.6
CE;742.3
CE;
SP;603.9
SP;
CE;454.8
AM;449.9
MG;857.6
ES;746.8
RJ;
MA;455.9
SP;
AL;
PR;684.0
BA;610.0
AM;415.0
BA;412.6
BA;
GO;490.3
MG;465.4
DF;
ES;566.7
PA;412.5
MG;687.5
MA;528.3
RJ;677.9
MG;681.8
RN;498.9
PI;
GO;638.2
BA;516.5
MG;719.7
BA;382.5
MG;810.7
PA;
RN;413.2
BA;407.7
BA;548.9
RN;
MS;493.8
MG;590.4
SP;496.5
MA;548.4
RJ;582.5
SP;753.7
BA;416.3
TO;611.7
CE;725.9
CE;387.3
MG;641.1
PA;
AM;392.7
BA;538.0
MG;718.4
RO;
CE;
MG;484.3
GO;
RJ;580.6
ES;474.6
SP;568.5
PE;481.7
GO;
PR;
BA;522.5
SP;461.1
ES;753.0
PE;
RS;665.6
GO;405.6
GO;577.1
MG;648.3
SP;518.8
AM;668.1
GO;490.2
BA;695.3
PA;519.9
GO;424.2
PE;
MG;926.8
SP;523.4
GO;
SP;
BA;630.9
MA;404.1
PE;731.3
SP;500.1
AL;411.2
MG;388.0
CE;
CE;376.0
RS;522.8
RJ;422.9
RN;400.5
MS;700.2
GO;417.5
MA;568.0
RN;702.9
BA;433.1
MG;460.9
MG;439.3
MT;558.1
SE;467.7
GO;
GO;466.5
SP;764.0
RJ;
RN;759.6
CE;
SE;
SP;767.6
BA;465.5
MT;649.8
MG;748.8
PE;634.1
SP;409.0
CE;527.9
SC;614.8
RS;493.4
PA;427.7
SC;746.2
BA;429.3
BA;
ES;622.2
PE;452.9
SP;705.0
RS;781.0
BA;745.6
SP;531.4
SE;597.6
CE;430.8
SP;
PA;620.5
BA;735.3
RR;
SE;513.8
CE;
SP;557.7
SP;702.4
RJ;406.8
RJ;500.1
GO;
ES;567.5
RN;375.8
CE;412.1
MG;604.3
SP;561.3
PR;420.0
PB;807.8
TO;424.8
MG;449.6
RJ;807.6
MG;719.8
RS;841.7
RJ;
MA;
BA;
PB;852.6
PB;561.3
SE;514.4
PE;613.0
SC;476.8
MG;
BA;616.3
PR;
SC;734.4
RJ;617.6
SE;514.8
PE;461.2
PE;605.9
PB;417.1
SP;793.8
GO;536.6
BA;
CE;
BA;
PA;
PE;443.6
PI;382.1
SP;498.5
SP;
MG;674.9
PA;
MG;807.7
RJ;473.0
CE;433.6
SP;632.9
PE;454.5
BA;670.3
PB;457.2
CE;432.4
CE;511.1
BA;490.2
CE;707.5
MG;420.8
GO;
DF;
GO;520.2
PE;489.3
SP;646.3
MG;
ES;496.6
SC;
ES;
CE;
PE;
BA;
GO;513.6
SC;388.2
SP;692.6
GO;
PR;539.6
PR;516.1
PB;569.5
SC;560.3
GO;670.4
BA;469.5
CE;755.0
MG;761.0
PR;464.6
PR;564.8
PI;624.7
BA;410.1
PI;503.1
GO;436.4
RS;622.8
PE;514.1
GO;575.8
PR;487.2
RN;404.2
RN;441.6
MG;550.0
SE;562.5
PR;462.9
MA;588.8
SP;409.9
BA;466.9
PE;572.5
SP;644.8
PA;462.7
PB;754.5
MS;
PA;418.5
PR;750.4
SP;417.1
GO;
BA;492.9
SP;470.6
PI;606.6
PB;497.5
CE;456.8
PA;490.5
RS;583.1
PA;426.2
SP;555.7
CE;
RJ;668.8
MG;615.4
SP;741.9
RJ;
SP;
CE;435.7
SE;401.9
AL;457.9
PA;666.7
PA;397.5
RJ;646.8
MG;560.1
GO;
RN;525.5
RS;538.1
BA;667.6
MA;
MG;513.6
RS;
CE;417.5
CE;444.7
MS;583.4
RN;504.2
CE;566.5
CE;450.9
MG;633.7
MA;501.9
PI;405.4
SP;620.5
CE;519.4
SC;
MG;
MG;
PE;491.3
PE;410.3
MG;
BA;405.4
MS;445.2
CE;377.8
AC;495.8
BA;605.7
SP;653.9
PA;
PB;456.0
RN;
SP;518.2
SP;634.0
PA;
PB;694.2
MA;675.3
DF;646.9
CE;
GO;498.9
SP;488.5
SP;673.4
PA;604.1
PA;402.4
BA;488.6
SP;493.5
PR;594.4
CE;612.8
PI;622.1
PI;410.1
GO;
BA;513.6
MA;452.0
AL;403.6
MG;411.5
SC;
RN;586.6
MS;533.8
BA;617.7
PA;609.5
CE;440.6
SP;462.6
BA;427.2
MA;
CE;430.9
SP;
PA;728.1
PA;490.7
MA;424.1
RS;434.5
PE;392.3
RS;
PB;481.8
CE;563.2
PE;427.6
TO;441.2
GO;416.1
BA;402.6
BA;638.6
SP;503.8
CE;481.5
SP;656.3
CE;511.5
GO;
MA;544.2
PE;373.5
BA;
GO;
BA;390.8
MG;426.5
MG;
GO;639.8
PE;662.3
GO;
GO;
GO;508.0
SP;
BA;
ES;437.4
MG;383.3
BA;632.4
SP;382.9
PE;521.6
GO;
GO;413.7
CE;
GO;
RJ;388.5
CE;
CE;629.1
RJ;754.0
RJ;
MA;596.8
CE;625.2
SP;416.3
RJ;417.3
SP;604.4
MA;677.1
ES;807.6
MT;442.3
PI;427.8
SP;706.0
GO;487.2
PE;426.9
DF;477.0
PE;581.8
SP;456.3
GO;518.8
MG;461.5
SC;
RS;697.4
PI;
BA;563.7
TO;
RS;508.6
MG;600.4
RJ;591.7
GO;433.0
PA;623.4
CE;
GO;
RJ;716.7
MG;
RJ;
ES;378.6
SC;457.4
PA;
BA;499.0
PI;
CE;574.5
MT;
GO;693.1
SP;417.6
BA;560.3
SP;762.3
CE;392.4
GO;
PB;470.0
PB;408.7
CE;488.8
TO;746.7
PE;
RJ;489.9
BA;431.3
RJ;
PE;654.2
CE;533.0
RJ;
SP;375.8
MT;656.7
RJ;
AL;486.6
PB;615.1
CE;376.6
RJ;
RJ;423.3
MG;556.4
PA;462.5
MG;699.6
CE;583.2
DF;532.4
BA;562.4
MT;610.0
BA;369.7
SC;
PA;430.2
MG;624.9
PE;536.9
PA;493.3
GO;408.8
SP;
CE;
CE;493.0
RN;427.1
RS;599.2
CE;690.2
PR;450.2
GO;473.2
RJ;
BA;483.2
PE;
SE;502.8
PE;505.1
BA;708.8
CE;518.6
SP;708.7
BA;537.0
RS;568.0
RJ;
BA;518.4
BA;
GO;
CE;431.1
PE;519.7
CE;792.2
MG;
CE;534.3
AL;673.3
RJ;447.8
BA;
SP;
MG;
CE;444.7
PE;548.4
PE;400.4
RJ;362.7
MG;410.2
SP;735.5
PE;511.9
CE;586.0
SP;509.6
AL;561.9
RS;582.8
PA;
SP;762.3
TO;477.8
SP;666.7
BA;691.4
PA;506.7
SP;714.6
GO;452.3
CE;
CE;471.4
MG;707.4
GO;464.7
RS;674.4
SP;600.0
BA;427.5
SP;600.2
PR;421.9
GO;
RN;497.4
MG;458.2
RN;487.9
RN;712.6
SP;
RJ;474.3
RJ;451.5
CE;568.2
CE;502.5
PE;
PE;460.5
MG;
GO;408.4
PA;463.1
SP;766.5
CE;452.0
SP;
SC;688.0
RJ;747.2
MG;391.7
MG;774.9
MG;481.6
RJ;601.9
RS;411.6
MG;748.8
RJ;576.2
MG;766.7
RS;541.7
BA;
CE;550.3
MS;691.8
GO;485.2
CE;
PA;490.4
SP;431.8
SP;754.7
RN;531.9
RJ;471.8
PI;396.4
CE;411.7
GO;
ES;470.6
RS;
SE;
RS;618.0
SE;478.8
AC;451.4
CE;490.1
CE;716.9
BA;686.3
BA;514.2
CE;
SP;505.3
PE;576.0
CE;
TO;518.6
RN;455.8
SP;712.0
SE;587.0
RJ;573.4
GO;612.9
AL;443.9
PA;
BA;
GO;
BA;680.1
BA;421.9
CE;419.9
ES;427.5
RO;823.1
MG;781.4
RJ;407.3
PA;490.0
RN;561.6
PA;473.6
PB;426.1
GO;465.6
MG;396.0
PA;
CE;457.2
PB;610.3
GO;467.1
CE;
SC;407.7
ES;697.5
PA;850.1
MG;510.2
MA;
SP;519.1
PR;592.4
GO;
GO;383.4
MA;454.7
MG;625.3
PI;
PB;628.1
BA;443.6
MG;609.3
PI;580.6
MA;451.1
SP;644.7
PE;631.4
GO;
BA;426.2
SE;558.3
AL;799.4
GO;
RN;
RJ;712.3
AM;549.1
SP;645.9
RR;412.5
SP;753.3
MG;595.6
DF;646.3
SP;632.2
CE;458.8
PA;402.7
MG;410.0
PA;690.3
SP;636.8
PB;429.3
CE;
SP;684.3
GO;
SP;697.8
AL;596.0
BA;573.3
MG;
PI;701.3
MG;610.7
BA;663.8
PA;627.8
SE;569.6
MT;376.6
SP;702.6
MG;675.7
RS;385.1
SP;685.0
PE;444.4
PE;441.6
MS;494.4
ES;477.0
SP;
PR;
BA;565.3
PB;519.8
RS;542.3
PA;
SP;751.2
SP;
PA;650.5
GO;431.8
PI;506.0
RN;
ES;610.3
PE;486.2
RS;820.4
GO;577.0
SE;
BA;
CE;426.7
PI;673.4
BA;545.6
MA;653.2
PE;510.6
GO;515.4
RJ;681.0
MA;486.4
SP;473.4
GO;
GO;
DF;443.0
CE;
MG;825.7
BA;
MG;743.5
SP;638.1
MG;448.6
SE;444.1
SP;542.2
BA;445.4
PI;691.5
MG;
SP;668.2
MG;
PI;
CE;429.4
PE;487.0
BA;468.4
PI;526.6
MG;451.8
PR;805.1
PR;430.4
SP;
ES;
SP;579.6
RJ;794.0
BA;396.5
MS;
RN;614.9
GO;560.6
RS;
PA;510.2
SP;464.6
PE;
RO;603.8
CE;
MG;
SC;753.6
AL;471.0
SC;471.1
SP;417.2
PE;472.0
AM;426.4
CE;444.9
BA;458.8
SP;476.5
BA;546.6
CE;
CE;
MT;549.4
CE;
SE;452.0
GO;
RO;461.9
CE;
AP;555.0
PE;
SP;
RJ;446.9
MA;575.9
RJ;431.0
CE;564.5
BA;
PA;634.4
RS;403.7
PR;366.7
MG;
CE;433.6
DF;500.2
CE;723.9
RN;421.4
SC;
PR;416.4
PR;603.3
SP;571.1
RJ;
SP;691.2
MG;385.0
BA;668.3
MG;441.3
CE;372.8
PA;
BA;654.7
PB;632.5
PA;727.7
MG;711.1
PA;517.8
CE;726.2
SP;461.1
RJ;
PE;524.5
ES;584.6
MG;469.1
MG;558.1
CE;509.8
SP;606.3
ES;
MA;
SP;504.9
BA;386.8
CE;647.3
MA;568.9
MT;474.0
SP;
PR;630.2
RJ;746.3
MG;433.1
MG;
SP;543.7
TO;503.3
SC;
PA;800.1
RJ;
RJ;
RJ;
CE;
PB;463.9
SE;423.5
GO;
SP;520.6
SP;548.2
CE;415.3
GO;602.4
CE;579.4
PR;841.2
RS;622.9
PA;
GO;525.4
RJ;706.8
MG;371.9
AL;594.4
CE;
PR;592.0
CE;426.0
CE;416.4
PI;670.7
PE;477.2
SP;
MA;454.7
MG;678.9
PA;447.6
MG;493.3
BA;575.5
MG;482.0
SP;
GO;590.5
PA;
SP;
MG;695.5
PE;505.4
ES;
RJ;539.2
SP;
PA;593.3
SP;
RN;659.8
MG;403.9
GO;385.5
AM;492.1
SP;664.3
BA;528.8
DF;565.4
SP;609.3
BA;
GO;
BA;699.0
MG;449.9
GO;435.3
SC;448.7
MT;456.1
MT;369.8
MG;
BA;
MG;
GO;777.9
CE;400.0
PR;462.2
SP;695.4
MG;546.8
MG;375.9
CE;553.4
SP;800.0
RS;
BA;399.1
SP;413.3
RN;644.3
PA;463.6
SP;439.4
SP;
BA;576.2
BA;457.8
MA;621.3
PA;
MA;542.4
PB;438.7
SP;630.5
PB;410.0
SP;820.4
BA;487.9
GO;
CE;381.8
CE;401.5
SP;425.3
SE;587.8
BA;698.3
MG;690.5
GO;572.0
GO;581.5
MG;657.7
MA;
MG;579.5
BA;377.4
CE;
RS;418.6
PA;744.5
CE;653.3
MT;442.2
ES;545.1
MG;660.0
BA;382.6
GO;476.1
PB;415.3
CE;472.0
BA;737.4
SP;490.5
PA;396.4
TO;421.0
GO;640.0
AL;704.1
GO;
BA;414.3
PE;438.8
PE;531.9
BA;640.7
SC;702.8
PE;
CE;402.1
RN;418.8
AL;442.8
PB;
BA;626.2
PA;472.9
GO;394.0
MA;703.4
BA;362.5
RN;487.3
CE;399.0
RN;797.3
ES;478.8
RN;
GO;529.5
BA;821.0
CE;672.9
BA;
PE;427.5
MG;594.3
GO;
RS;
AP;697.9
SP;538.6
SP;496.5
CE;428.5
BA;370.6
GO;463.2
PR;474.1
RJ;383.3
SP;
BA;405.8
PB;539.5
BA;454.6
SP;558.7
GO;441.1
SE;
PE;640.3
GO;519.6
SE;672.4
RJ;
SE;394.6
SC;555.9
BA;
PB;366.9
CE;501.7
GO;427.0
CE;483.8
BA;418.5
CE;607.9
PE;482.4
SP;538.8
MG;504.9
PB;
DF;433.8
SP;597.5
SP;729.4
PE;423.1
RN;430.4
MG;585.6
RJ;546.4
PE;612.2
SE;709.9
RS;534.5
CE;415.0
PA;557.6
PA;542.2
RJ;
SC;522.3
CE;
GO;
PA;
GO;514.5
GO;493.6
SP;551.7
BA;
MG;
CE;393.7
RN;468.8
PE;463.3
MG;433.7
RJ;407.4
SP;735.9
GO;377.9
PE;
CE;543.4
PE;410.4
MT;
CE;528.7
MG;713.2
CE;615.4
BA;494.5
BA;451.9
PA;
SP;666.1
BA;597.0
SP;
MG;
CE;
MA;
BA;618.6
DF;611.3
PR;422.0
BA;420.8
DF;402.3
RJ;746.5
RN;718.7
SP;650.9
CE;
PB;697.1
BA;
RJ;662.0
MG;
MG;492.0
MG;591.1
BA;722.3
DF;539.0
MG;583.9
BA;647.5
RN;
GO;708.0
PE;678.9
PB;469.7
AC;517.3
MG;739.7
SC;465.3
PA;493.5
RJ;468.4
BA;884.4
MG;479.5
CE;450.0
RJ;734.9
PB;626.4
RS;449.8
RJ;428.1
MG;577.2
PE;648.7
AM;
SP;
SP;599.0
SP;456.1
MA;471.5
GO;610.9
RJ;602.2
CE;561.3
CE;607.6
BA;496.8
MG;768.5
TO;449.8
RJ;
PA;415.8
CE;469.5
ES;377.4
RS;495.6
AL;689.7
SP;422.2
PA;426.0
MA;428.2
PA;464.5
RN;448.4
SP;596.2
MT;419.6
GO;477.9
PR;526.8
CE;385.3
BA;544.1
GO;493.4
BA;401.3
PE;502.0
RJ;565.0
BA;589.6
RN;618.5
PB;637.3
GO;
SP;
GO;459.4
GO;486.1
MA;475.0
CE;524.9
TO;646.1
CE;435.4
SP;359.3
RJ;654.1
RJ;494.3
CE;478.0
ES;610.8
CE;470.6
MA;428.9
MG;633.0
RN;446.7
PB;426.9
GO;
SP;654.9
BA;483.5
CE;
CE;422.1
SP;681.3
MG;447.2
TO;418.5
PE;565.4
PA;637.4
AM;458.6
BA;436.4
MG;489.3
CE;483.3
MG;409.5
PA;538.4
MA;518.2
PB;369.2
BA;428.6
PA;495.7
PB;564.2
CE;414.1
GO;502.3
PI;
CE;485.2
SP;
SC;
CE;
RJ;580.7
BA;506.2
CE;753.8
RS;497.0
BA;523.8
RS;461.1
SE;473.2
SE;
GO;568.1
DF;578.7
PB;497.1
SE;686.5
GO;
MG;542.8
MT;443.4
CE;663.3
SP;530.4
MG;505.4
RN;588.1
MG;688.1
MG;454.3
CE;502.0
TO;549.4
SP;670.5
GO;493.6
CE;441.8
GO;574.8
RN;702.1
SE;563.0
PR;920.0
SE;606.3
PB;413.5
CE;
PB;465.3
AP;449.7
CE;712.3
AL;
BA;690.9
SP;474.2
MG;597.1
SP;596.3
RN;768.4
RN;750.9
CE;
GO;484.3
CE;439.7
SP;644.1
CE;727.5
RN;542.3
RN;412.8
CE;521.9
PA;409.1
RJ;
PI;519.6
PA;546.9
RS;447.6
MG;701.6
PI;764.8
GO;469.5
GO;524.9
SC;
SP;
CE;
CE;615.7
CE;468.3
RJ;578.5
CE;446.4
PA;605.4
AL;457.1
PE;393.1
RS;636.7
MA;662.7
SC;
CE;
CE;450.4
CE;609.8
TO;407.3
CE;
RS;759.3
CE;
GO;598.0
SP;462.1
SP;407.4
RS;672.3
SP;
SP;667.0
BA;455.6
MG;436.1
PE;
PE;514.0
CE;
RS;
SP;848.5
RR;440.5
RJ;468.8
RS;552.2
AL;418.3
MA;490.8
CE;685.0
AM;540.0
MS;694.0
MA;532.4
BA;451.4
SP;553.5
SC;573.7
SC;511.2
MG;586.4
MA;520.5
CE;431.9
PE;436.8
GO;
DF;532.1
SC;528.8
BA;
SP;478.6
BA;424.4
SP;529.4
SE;431.9
CE;
CE;494.7
MA;
MG;702.4
BA;629.2
PE;597.9
SP;763.1
PB;
MG;518.3
MG;
GO;561.5
GO;480.7
MG;580.4
BA;412.8
SC;679.7
MS;458.9
RN;470.5
MG;581.1
MA;684.7
SP;679.0
PB;591.5
GO;
SC;598.3
SP;687.4
SP;630.2
BA;
AC;440.1
PR;
GO;504.4
PE;409.6
ES;
RJ;438.7
MG;436.4
SE;471.4
RJ;508.3
PA;637.6
SP;478.8
PE;
RJ;
BA;
MG;519.7
RJ;801.6
PA;412.7
RO;505.6
CE;434.2
CE;520.1
BA;488.3
BA;589.8
RS;
TO;594.9
CE;406.0
CE;430.2
SP;
GO;648.8
RJ;632.4
BA;477.3
GO;
CE;491.4
PR;691.1
PA;401.6
PE;
SP;
SP;
CE;599.0
BA;392.9
MA;445.9
CE;
PA;422.7
MA;632.7
CE;617.4
BA;407.6
SP;751.1
MG;509.7
PI;541.9
BA;745.7
BA;612.1
GO;627.9
GO;533.8
TO;427.9
ES;485.0
MG;648.0
GO;403.7
PA;399.2
PE;449.2
RS;466.2
PE;618.6
CE;
BA;
MS;446.7
PA;616.4
ES;575.6
MG;
CE;
SC;452.4
PB;618.2
PE;371.7
MA;478.7
BA;463.6
SP;375.2
CE;
MG;444.0
PA;377.1
CE;405.7
SE;359.6
RJ;614.1
MA;708.4
PB;548.1
PI;608.4
MG;
BA;582.1
BA;498.9
MG;511.4
RJ;666.7
MG;
PR;507.3
MG;505.2
GO;403.3
ES;589.7
BA;421.6
MA;
MG;
AL;400.5
BA;
BA;530.5
CE;551.5
CE;406.9
RO;647.1
CE;606.3
SP;704.3
CE;420.6
SP;712.0
PB;474.5
BA;559.4
MG;587.7
MG;628.4
MG;634.3
AM;
MG;686.0
SP;435.5
RJ;724.4
RS;
CE;426.6
RS;
RJ;693.7
BA;389.5
SE;728.0
PR;
AM;766.8
MG;
BA;445.9
AM;
DF;431.7
RJ;844.0
PE;
SP;
PR;492.9
CE;745.8
PI;452.6
DF;
SE;
CE;690.1
SP;424.8
RJ;645.4
SP;539.1
ES;435.2
BA;423.8
RN;509.7
GO;387.9
PA;478.2
CE;541.7
RN;532.5
MG;
GO;
SP;648.9
SP;580.9
MA;542.1
RN;542.9
MS;399.6
RS;556.9
SE;613.2
MG;476.3
SC;458.7
MA;
MG;568.5
RJ;530.9
PB;513.0
MG;769.9
CE;445.1
ES;
MT;475.9
BA;501.7
CE;504.7
BA;523.1
GO;537.3
GO;463.4
BA;567.2
CE;
BA;704.5
MG;
RS;409.5
MG;639.1
PA;385.4
SP;522.5
SP;575.2
GO;703.7
PR;380.3
SP;838.0
BA;
MG;
AC;411.6
CE;525.1
SP;575.4
GO;
PE;437.2
CE;460.4
MG;809.9
CE;478.4
MA;374.8
PI;412.1
CE;565.7
MA;511.7
RN;514.2
CE;596.0
MG;467.1
PA;
RN;487.3
PB;
RJ;605.9
PB;783.6
ES;465.9
BA;456.5
PE;372.4
SC;784.2
SE;423.9
MG;715.7
GO;636.7
MA;568.2
PI;457.1
AP;
RS;729.3
CE;381.9
MG;497.1
CE;576.9
CE;
BA;
BA;596.6
PE;651.7
SC;519.3
BA;646.4
SP;595.1
BA;648.3
CE;646.9
SP;510.8
MG;
PR;
PR;
PE;475.4
CE;
GO;426.9
RJ;
CE;627.4
SP;516.4
CE;
MA;
BA;
BA;
MA;
RJ;608.0
GO;
RS;
AM;400.5
GO;
CE;
ES;515.9
MS;
BA;496.9
PA;369.2
BA;402.3
SE;414.0
MG;537.6
AL;417.9
SE;
MG;432.5
MG;431.7
CE;487.0
PR;450.0
MA;442.7
RJ;707.2
BA;414.5
BA;434.5
MS;598.8
PR;468.0
BA;
SP;395.3
GO;479.7
BA;745.5
MG;689.0
PR;
BA;425.8
CE;839.6
PA;714.4
BA;419.8
CE;
PB;773.1
MG;724.2
MG;451.3
GO;598.0
MA;674.3
SP;394.5
PA;534.3
MG;
PB;704.6
RN;515.0
MG;
MT;388.5
BA;555.1
SE;390.0
MG;757.0
BA;622.5
BA;391.9
PA;475.0
BA;520.4
AL;623.1
CE;
GO;533.0
MG;800.1
SC;857.5
MA;516.0
CE;496.6
TO;524.3
PB;473.3
CE;494.4
MG;465.7
BA;395.8
PB;481.2
BA;512.3
MG;643.7
MG;683.1
CE;485.7
BA;442.0
ES;459.6
MA;425.8
GO;529.4
SE;380.7
SC;369.1
GO;
PR;
SE;429.4
PR;591.1
SP;
GO;
RN;704.8
RJ;
MG;667.9
RJ;530.7
RJ;660.1
SP;548.8
MA;498.7
CE;429.2
PE;491.8
SP;681.2
AL;402.4
PI;406.7
PI;623.2
CE;651.5
BA;
RJ;419.7
AL;419.5
MA;498.5
PA;630.0
PR;
CE;
PB;498.6
PA;514.9
MA;
ES;712.2
SP;717.7
GO;488.3
BA;560.0
PI;465.9
PB;460.3
GO;546.1
BA;384.9
CE;664.0
RS;465.1
RJ;
SP;492.4
PE;446.6
RS;621.4
MG;423.0
GO;
RJ;424.2
RJ;
MG;605.1
CE;543.6
SP;538.9
GO;467.6
SE;479.6
RS;
MG;877.4
RR;532.6
PR;
RJ;
MG;452.5
GO;424.0
PE;
SE;709.3
SP;447.9
BA;529.1
CE;441.9
PB;685.7
PA;
PA;483.1
SP;378.8
SP;850.1
BA;493.6
PA;541.9
RS;501.1
TO;
CE;
PE;578.7
RN;522.7
GO;
PE;
BA;437.0
PB;755.8
PA;478.7
RJ;760.6
BA;456.4
RJ;485.5
BA;424.9
SP;454.6
MA;409.4
SP;655.9
CE;
CE;558.7
CE;406.3
RN;756.6
RJ;728.0
PB;579.9
SP;498.3
PA;
CE;473.7
PE;
PA;508.4
BA;408.8
RN;760.3
SE;362.3
MA;
SE;561.0
AL;595.6
BA;631.5
SC;732.5
PE;494.4
MS;707.6
RS;442.2
PE;505.6
PE;715.1
BA;
CE;837.3
CE;515.9
RS;683.2
MA;440.4
CE;
MS;538.7
MT;438.3
PE;435.7
PR;
SP;490.1
RJ;597.7
SP;511.6
PE;617.0
GO;498.8
RS;550.4
SP;601.9
GO;
BA;
RO;562.7
PR;494.7
MA;403.2
MG;661.0
SP;528.0
DF;589.6
PI;418.4
SE;
AM;528.5
BA;
GO;
PB;497.2
CE;
CE;417.2
PB;576.6
CE;483.7
AM;497.8
CE;384.6
CE;
PB;482.0
SP;680.4
RN;694.4
PE;
SC;431.5
PA;438.0
GO;
SP;503.0
RS;869.0
MA;443.1
RJ;437.0
PA;401.1
PE;454.4
SP;407.3
MG;445.4
MT;
CE;480.5
TO;
CE;516.6
RN;
CE;659.0
PA;
PI;562.6
GO;660.6
PB;559.6
SP;448.6
PE;591.6
MG;619.4
CE;499.7
BA;
RS;700.9
PR;
GO;433.3
PE;660.0
SP;569.9
PA;
RJ;474.5
PB;441.2
BA;417.7
PI;638.2
CE;533.1
MA;371.0
PA;417.8
GO;489.9
GO;
RJ;714.4
MS;622.4
BA;483.8
RJ;693.2
RJ;
AP;648.3
PB;600.8
SP;607.3
GO;453.7
BA;444.4
BA;944.1
RJ;532.4
PB;
PR;485.6
CE;478.4
BA;522.7
CE;650.9
ES;718.9
RS;
GO;534.2
RS;391.1
RS;630.2
PR;627.6
ES;
CE;622.9
PE;450.8
RO;
RJ;641.9
CE;591.9
MG;383.5
GO;
SC;679.9
CE;
MG;689.9
MA;465.0
BA;489.6
PA;493.2
RJ;458.7
RO;582.4
PA;491.5
PB;486.6
SP;570.1
SE;419.4
SP;
RN;
GO;
CE;
BA;
AL;426.0
SE;461.4
AL;574.8
MG;
RS;742.5
MG;567.2
GO;489.5
BA;728.8
SP;
PB;416.3
AL;459.8
MA;461.4
MT;404.2
BA;
MG;725.1
PA;469.4
CE;504.4
DF;503.4
GO;448.5
ES;830.0
ES;484.4
CE;379.5
BA;574.3
RS;546.5
DF;535.5
MT;
AL;503.8
PI;545.3
PE;449.8
PE;729.4
CE;
BA;507.7
PA;574.2
SP;671.1
PE;510.5
BA;447.9
PB;426.0
BA;
BA;
GO;441.0
ES;563.6
BA;537.5
SE;383.0
TO;387.2
SP;
CE;
MT;396.9
MG;595.5
SP;574.0
RS;447.2
GO;437.0
PR;551.2
SE;464.7
PE;476.5
GO;
CE;574.8
GO;
MA;603.0
SE;508.6
SP;
PI;740.8
PE;480.9
MG;408.5
SP;
RJ;
RS;435.9
RJ;689.1
PB;557.1
CE;809.5
PA;425.6
MG;483.0
CE;397.2
RJ;432.6
PB;
CE;508.0
SP;435.6
CE;
SP;818.4
PA;439.8
PE;542.6
AL;586.7
GO;530.0
RJ;520.8
PB;383.5
GO;661.0
CE;
SP;682.5
RJ;416.4
BA;570.5
RS;434.5
MG;516.4
BA;481.2
MG;557.0
RO;611.7
PR;678.8
GO;428.3
BA;504.3
CE;413.9
PA;
CE;439.4
RS;616.8
CE;456.4
MG;710.5
RJ;453.0
GO;
PE;
MA;423.7
GO;
SP;552.0
CE;439.3
BA;
RJ;726.7
ES;640.0
GO;
SP;
MA;
PA;453.6
PE;445.1
MS;596.6
PE;504.1
MG;439.2
PR;
GO;435.9
GO;
SP;523.9
PA;631.6
RS;527.7
SP;570.2
RS;748.3
BA;667.4
CE;477.5
GO;399.9
SP;502.1
SE;378.2
PA;638.1
AL;446.1
PB;426.1
RJ;653.4
SP;469.4
SP;507.3
PR;571.7
SP;602.2
MG;742.5
RS;504.0
ES;525.2
SC;426.4
PA;368.6
PE;537.1
SP;561.6
SP;693.1
PI;578.4
MA;524.4
PA;410.4
PI;
PA;
SE;710.4
AM;
SE;
PA;450.3
RJ;517.4
PE;654.8
PA;437.9
AP;465.1
PA;900.7
RR;430.9
MG;794.2
PR;0.0
RS;
RO;498.2
PI;594.0
DF;484.6
PR;436.3
RJ;
GO;456.1
MA;586.6
CE;463.4
GO;745.1
RJ;844.6
RJ;436.1
RJ;458.8
SP;631.0
MG;522.3
PE;618.4
BA;448.8
GO;
CE;399.2
SP;566.0
RS;801.7
GO;576.6
AM;441.1
PI;463.5
RN;
PR;
CE;669.8
MA;722.1
MG;370.8
SP;615.6
MT;374.0
SP;
RN;
PA;416.0
GO;421.1
PE;653.3
ES;434.0
CE;689.9
ES;
PI;
SP;545.1
BA;564.3
SP;794.2
RJ;652.8
MG;
RN;536.5
MA;380.6
SP;518.9
PA;
PE;496.4
PE;
MA;452.2
PR;405.9
AM;593.1
PB;430.0
PA;702.8
PE;430.6
PB;
AP;605.3
MG;482.9
RJ;628.3
MA;386.6
PE;537.5
SC;618.7
RS;516.3
RJ;
BA;574.2
BA;474.0
MA;474.0
GO;416.2
PR;693.1
GO;
MG;
PB;819.0
SC;373.9
PE;517.2
SP;486.3
SE;455.9
RJ;
CE;494.8
MG;468.3
CE;445.8
AL;662.1
GO;639.4
MA;
ES;606.3
SC;617.6
RO;
PI;578.1
RO;403.8
PB;433.4
PA;430.1
MA;429.1
BA;509.2
BA;574.6
PB;512.4
PA;567.2
BA;723.6
PA;
GO;449.2
PA;403.6
AL;487.8
BA;390.1
BA;425.4
PA;522.5
SC;639.8
PB;441.3
RJ;497.5
TO;449.1
PI;508.9
PA;428.8
PE;
GO;404.5
SP;460.7
SP;632.4
PE;523.1
CE;
SP;
SP;572.4
MG;
MG;
PE;510.3
CE;
RS;607.2
PE;572.3
PE;641.8
CE;451.0
MG;
BA;372.8
CE;
PE;
PA;
SP;474.2
PR;
PI;421.2
SP;436.1
AM;
PE;
AL;587.1
MG;468.3
GO;
RS;423.5
RR;441.6
PR;517.8
RN;
SP;601.0
SC;
BA;442.7
PB;
PE;663.3
PA;412.9
PI;566.8
PE;576.9
MG;759.0
PR;678.0
GO;401.9
RS;522.7
BA;
GO;663.6
MA;603.1
BA;533.4
SP;459.9
PE;423.4
MG;632.6
CE;
SP;577.4
SP;444.5
CE;599.4
PI;516.7
RS;465.0
RJ;
PR;643.3
GO;413.6
GO;
AL;557.8
PE;460.5
PE;617.0
PE;369.7
BA;411.0
GO;
GO;613.3
GO;
PI;443.8
PI;
MA;383.7
PA;551.8
CE;552.3
PE;495.9
PR;452.8
RJ;445.8
BA;482.1
SP;474.8
MG;
AL;
DF;425.7
SC;611.7
PR;
SP;431.7
RN;567.2
BA;395.1
RS;568.3
MG;727.6
MA;406.0
PA;434.9
CE;
SP;587.7
MA;552.9
TO;
SP;
AL;516.7
CE;473.7
SP;477.0
BA;584.8
RJ;712.1
PA;373.4
CE;529.6
PI;409.6
MG;615.2
CE;734.2
CE;428.6
SP;535.8
SP;656.3
RJ;701.7
GO;592.1
MG;
SE;524.8
PE;371.2
PE;429.6
SC;534.2
PB;376.8
RJ;477.9
MG;
SP;
MG;563.8
ES;
PR;468.7
MA;632.3
PE;641.9
PR;425.0
RJ;
TO;
SP;500.8
CE;435.4
PE;450.0
AL;522.5
PB;378.5
RJ;
PB;416.9
SP;471.6
BA;417.9
BA;
AL;550.0
CE;626.6
PE;390.4
GO;598.6
PR;675.4
RS;481.0
PR;605.0
SP;522.6
MA;460.5
DF;679.0
GO;499.9
CE;380.6
PE;455.8
PA;
ES;656.4
PE;615.0
SC;713.5
CE;560.7
MS;420.9
RS;
PI;381.5
RS;757.4
SC;499.1
BA;
GO;482.9
CE;
PE;771.1
MA;744.4
PE;504.6
MG;432.1
RO;608.5
RN;474.3
CE;
SP;792.6
GO;485.2
SP;
RS;688.4
SP;368.1
CE;534.9
PE;702.8
BA;367.9
MT;593.5
CE;564.5
MG;
MG;460.6
SP;
GO;
RJ;530.9
CE;494.2
CE;524.2
SP;417.4
CE;545.2
CE;521.2
MG;677.2
PI;561.6
RS;720.4
CE;429.1
SP;519.2
SC;506.6
SC;474.2
BA;
RN;620.9
RJ;
PR;558.8
ES;
MT;491.5
CE;502.5
BA;
CE;447.2
BA;601.6
MA;640.2
RJ;657.1
MG;
PE;601.9
BA;
SE;493.9
SP;460.2
SC;675.3
GO;
BA;423.2
SP;531.5
BA;
BA;
PA;
RJ;834.5
SP;577.9
AL;657.3
MG;461.2
RJ;433.6
SE;
PR;405.6
PB;465.3
CE;512.4
RS;512.5
BA;543.7
PE;479.5
SP;634.7
CE;438.7
PB;369.7
SP;446.0
GO;512.6
RJ;
CE;416.3
CE;518.0
PB;448.2
PI;402.2
MG;567.1
BA;405.3
ES;380.6
GO;459.6
PI;359.4
SP;571.7
CE;401.6
SP;589.3
CE;
PE;409.7
CE;389.9
MA;363.8
GO;528.6
CE;
MG;519.1
MG;695.8
SP;447.2
PB;407.4
CE;465.6
AL;728.5
SP;398.2
AP;
CE;553.9
RJ;588.8
GO;
RJ;390.5
CE;865.8
SP;654.4
CE;512.7
GO;
MT;
MG;622.8
SC;433.6
SP;
CE;
CE;415.5
BA;514.7
CE;653.9
PA;519.7
MG;555.4
CE;581.9
CE;496.8
RJ;573.6
PR;458.4
SP;433.2
MT;461.9
CE;506.5
RJ;687.3
PI;
MG;
GO;
PR;
SP;669.0
GO;
DF;564.5
PB;555.0
MG;
SP;534.4
BA;695.4
PR;
GO;
PR;435.8
PE;377.0
PA;491.7
GO;680.4
SC;
CE;392.6
BA;560.2
PB;479.4
GO;478.8
BA;546.1
PA;
SE;467.5
GO;424.5
BA;560.5
MG;854.9
CE;405.8
RJ;740.6
PE;416.8
PE;407.6
BA;591.0
SC;720.5
CE;429.0
PE;699.5
RS;
PB;
MG;384.8
CE;544.4
GO;398.0
RJ;588.3
BA;402.4
BA;591.9
BA;
ES;437.1
RJ;410.8
RJ;561.0
MT;607.5
RN;404.8
PE;432.5
CE;
RJ;
SE;559.2
MG;668.6
ES;468.9
ES;488.8
SP;637.6
CE;
PE;529.5
RJ;769.7
RJ;448.2
ES;637.3
MG;920.8
DF;453.9
PI;370.4
MG;694.7
MA;
RN;
MA;400.2
RS;517.9
SP;710.4
ES;425.6
BA;401.1
SP;
SE;462.6
MT;438.5
BA;411.0
BA;636.1
MA;587.4
PE;744.5
MA;507.0
SP;465.1
MG;814.1
DF;385.6
BA;559.2
CE;
SP;565.3
MG;649.8
MG;609.1
RS;599.3
MS;530.9
RJ;580.5
CE;413.9
RN;
BA;400.1
CE;396.9
RJ;711.2
ES;544.0
SP;491.3
CE;
MA;
CE;526.3
PR;515.9
BA;
PA;488.4
PB;
GO;474.2
PB;606.7
SP;609.2
RJ;
PE;652.2
MA;558.7
PE;576.2
SP;716.2
RS;410.2
MG;598.4
SE;499.3
MG;370.4
SP;555.2
AM;451.9
PE;
PE;
MG;643.6
BA;456.3
SP;806.6
PE;422.0
BA;385.3
PI;437.7
BA;373.1
RJ;613.9
MG;
PR;
RJ;543.8
PB;
GO;405.2
BA;584.4
RN;628.2
BA;535.9
GO;551.3
CE;434.0
MG;607.7
MS;
SP;570.5
RN;549.7
RJ;480.0
GO;481.6
CE;453.1
GO;
BA;525.5
PB;534.8
SC;680.4
GO;457.9
RJ;555.0
GO;
PA;493.7
MG;819.9
SP;
CE;419.2
CE;446.3
MG;633.1
CE;467.1
PE;497.9
PA;446.9
AC;516.9
SP;582.2
PI;548.2
GO;457.5
SC;550.4
PR;
RS;368.3
SP;
MS;484.9
GO;440.5
CE;427.4
PA;413.3
SC;747.4
PI;434.4
RN;472.6
PA;407.5
PB;699.6
RS;554.5
PB;388.2
RJ;666.3
BA;508.2
MA;449.0
BA;637.9
SP;646.6
SE;592.3
RN;
BA;579.8
SP;498.8
GO;414.1
RJ;518.1
PR;507.1
MT;493.9
PA;435.0
RN;621.9
PB;405.7
MG;475.6
SP;471.4
RJ;630.6
MG;528.1
RJ;458.2
RN;
CE;438.3
TO;441.7
TO;497.2
ES;698.2
CE;444.2
PE;598.3
RJ;
PE;541.4
MA;564.2
AP;611.8
PI;454.6
PA;484.4
MS;515.5
SP;685.0
RJ;601.5
MS;644.9
PA;
CE;416.2
MA;
PA;399.1
RN;
CE;365.9
SP;462.4
BA;437.3
GO;475.5
MG;535.5
RN;648.4
CE;507.4
MG;
SP;730.1
AL;509.1
MG;622.2
RS;
PE;476.8
PE;413.5
GO;594.7
MG;508.1
AL;417.7
PA;
CE;428.1
CE;
SP;753.5
SE;
CE;657.4
CE;504.3
SP;578.0
SP;532.0
PB;534.3
AM;478.0
PR;404.8
CE;521.0
CE;600.9
SP;483.2
SC;
SP;483.1
CE;
PA;612.3
PR;
RS;549.1
PA;420.5
BA;774.5
DF;428.0
GO;758.9
SP;571.3
MG;613.4
CE;
RJ;715.4
TO;445.7
MG;701.1
PB;642.8
MT;837.5
SP;622.3
CE;
SP;696.8
SE;423.6
MA;392.4
CE;472.0
RJ;499.0
AM;410.5
PB;490.8
AM;590.7
MG;788.8
DF;776.0
ES;
RJ;648.5
PB;444.2
BA;415.6
MT;490.8
RS;490.1
SE;530.8
MG;621.4
SC;447.1
RN;389.1
TO;403.8
GO;714.2
BA;
SP;431.1
CE;
RS;415.7
CE;
SC;609.1
RS;580.6
RR;458.8
DF;489.4
MT;635.3
CE;479.3
CE;434.5
SP;552.7
PA;456.6
SP;561.6
RN;755.1
BA;650.7
MT;639.9
MG;519.8
SP;494.9
BA;464.9
MA;445.6
SC;697.4
MG;471.0
MS;534.9
PE;492.8
GO;426.9
RJ;427.2
MG;466.2
PR;672.7
GO;623.6
PE;485.2
PE;
RJ;
GO;
RJ;434.9
MT;457.2
CE;689.0
PI;556.0
MT;454.3
RJ;583.2
MG;678.7
RJ;431.0
AL;
GO;
SP;474.6
SP;610.5
PA;397.6
SE;687.2
PR;391.7
PR;440.3
MG;
MG;701.8
MA;552.5
CE;588.7
RJ;601.6
BA;712.5
PB;592.0
GO;405.0
PE;621.8
BA;472.0
PA;617.4
CE;789.2
TO;440.6
RN;
PA;421.1
SP;
TO;511.2
DF;768.1
SP;
PR;364.9
MS;657.2
RJ;511.4
PA;617.8
RJ;648.4
RN;916.4
SE;414.3
SP;584.1
PE;742.9
PI;
RJ;597.2
GO;471.1
ES;
PI;
SP;539.4
SP;
MT;737.1
CE;358.2
GO;491.1
CE;691.8
BA;581.5
BA;469.4
GO;
AM;
RJ;454.3
AL;555.2
GO;
BA;597.3
SP;577.5
DF;540.1
RJ;602.5
BA;
SP;779.5
MG;542.3
RS;
PA;
PB;590.0
PR;700.1
SP;427.6
MG;
PB;468.1
BA;659.5
PR;
AM;
MG;558.6
MA;554.9
PB;452.8
MT;672.9
RO;465.2
BA;469.3
PE;607.9
CE;465.9
SE;454.8
RN;390.4
BA;519.8
BA;487.3
PE;463.9
CE;574.7
CE;433.3
MG;435.4
MS;621.6
PA;428.8
PR;592.3
PE;
RJ;608.0
CE;427.6
MG;
CE;420.7
PA;
SP;530.7
SP;696.8
MG;539.6
RJ;
PE;674.9
GO;729.4
PB;430.1
PR;711.5
SC;
DF;667.1
PB;
CE;564.2
RJ;484.9
BA;607.5
SP;462.1
DF;618.2
PA;512.7
MG;547.0
GO;
CE;601.5
CE;543.4
PI;499.8
SP;677.6
PR;806.0
PA;
BA;454.6
SC;376.2
GO;570.3
CE;447.4
GO;674.6
MA;417.0
CE;428.7
RJ;596.3
GO;422.2
PA;430.6
PA;
SP;
RO;612.0
BA;405.2
RJ;
PE;543.8
RS;590.1
SP;447.6
SP;684.6
MG;708.2
GO;510.0
PA;
PI;418.6
AL;687.0
BA;667.6
CE;539.6
AL;634.4
PR;620.0
RO;860.7
PB;568.4
SP;603.8
SP;829.3
CE;559.4
SP;571.0
CE;469.2
PB;688.9
BA;506.9
DF;
AM;
MG;
SE;448.7
MG;631.7
TO;680.8
RJ;
BA;427.1
CE;
RS;681.7
RS;620.2
RJ;522.6
AM;489.3
GO;534.9
SC;
RJ;480.0
PE;394.1
RJ;391.8
MA;557.4
MA;462.9
CE;644.4
RJ;491.0
CE;562.4
PR;532.6
SC;455.8
GO;381.6
BA;
BA;
ES;458.1
RS;475.3
PR;
MG;480.1
RJ;499.5
BA;505.9
SP;
PA;
PE;
ES;519.3
SP;527.4
GO;
SP;480.9
RS;
AM;430.3
TO;704.2
PE;
BA;620.3
PA;399.4
CE;
SC;
GO;
RS;413.3
CE;416.8
SP;
PE;615.4
RJ;512.7
SP;470.6
MG;
CE;645.6
CE;386.9
GO;620.3
DF;
MA;421.1
CE;630.1
GO;417.0
RJ;556.6
PI;396.0
PB;455.7
SP;474.2
PE;
RO;434.7
TO;393.7
MA;409.3
SP;675.2
PE;433.1
PI;483.9
CE;504.8
BA;629.5
BA;567.1
RJ;451.9
GO;477.0
RJ;454.5
RS;491.8
SP;
ES;694.1
MG;540.2
MA;490.5
GO;529.6
CE;706.5
SE;467.1
MG;556.1
MA;503.1
PA;570.4
SP;663.8
BA;
RJ;578.4
BA;587.0
PB;421.5
MG;558.9
GO;553.1
MS;
PI;491.1
CE;540.7
RN;563.5
CE;575.3
RS;
SC;662.6
RN;415.4
SP;
GO;654.2
PE;783.6
PE;
MG;
BA;428.1
MA;424.1
PB;414.8
PA;
MT;731.3
PE;
MT;
RJ;576.8
RJ;422.3
MG;446.0
GO;598.8
PR;527.3
CE;469.2
PA;430.6
MT;508.4
MG;632.3
RJ;614.2
RS;725.9
RJ;497.7
CE;655.5
PR;626.9
MG;444.5
BA;460.0
RS;459.2
CE;
CE;
PE;597.9
MT;427.3
MG;560.4
BA;502.3
MA;441.2
MG;701.7
CE;464.1
RO;
CE;535.9
GO;
CE;
ES;614.4
PR;
PA;571.6
SP;542.9
DF;
CE;566.3
CE;401.5
AL;562.1
PI;485.7
GO;561.7
CE;442.9
PA;473.1
PE;506.0
BA;562.4
SE;459.9
PE;
BA;537.2
PA;534.6
RS;689.9
PE;
RJ;429.3
MT;539.5
MT;753.5
CE;443.8
MA;482.0
MT;399.4
PR;
PB;
CE;
RJ;565.7
GO;406.7
PA;588.0
RS;768.4
SE;443.3
CE;578.8
PR;579.3
GO;
RJ;606.0
RJ;393.2
MS;608.2
MT;435.0
GO;
PA;454.2
CE;
MT;496.1
RJ;449.3
MG;429.1
PB;556.1
BA;677.6
CE;517.4
SP;530.4
BA;478.8
SP;405.1
MG;508.5
BA;521.4
PA;503.2
PE;462.4
GO;
RN;
SP;648.8
RJ;397.4
PB;409.7
CE;423.2
SP;402.2
MT;
PE;468.7
CE;452.2
RS;660.4
MG;440.1
CE;399.6
CE;
AM;
AL;503.8
RN;
BA;443.4
GO;
RN;470.4
CE;672.8
RJ;568.3
PE;505.2
SP;
GO;611.4
DF;424.4
BA;420.7
MA;543.9
BA;590.9
SE;512.4
BA;459.9
RJ;466.4
ES;585.9
RJ;490.8
PE;
MG;628.9
CE;690.2
BA;
CE;470.9
DF;727.9
SP;652.1
PA;673.9
MG;
CE;
BA;
RJ;
GO;671.4
RJ;531.9
MG;535.9
RN;
RN;761.1
MG;578.3
PR;629.3
BA;396.2
CE;758.1
PE;454.8
PR;577.3
GO;526.6
SP;547.1
PE;488.8
PA;464.1
SP;518.0
PI;428.0
PE;452.8
CE;438.3
MA;416.7
BA;540.4
CE;
CE;828.4
PE;841.8
MG;
RS;652.9
MT;588.3
DF;797.3
PA;373.4
BA;541.2
PE;492.0
GO;449.0
PI;404.7
MG;382.0
SP;506.7
SC;
SP;637.2
SP;
RO;442.1
ES;
PB;428.8
BA;713.6
PA;
GO;
PE;417.7
CE;479.5
CE;
DF;573.3
MG;425.0
SC;
SC;651.9
AL;499.6
SP;434.4
PB;485.9
GO;393.7
RJ;748.7
BA;602.9
DF;452.5
BA;466.2
RJ;477.0
SP;805.9
RN;
CE;414.3
RJ;704.2
MT;601.2
TO;479.9
PB;494.7
AC;482.3
BA;613.8
PB;452.5
PA;
MA;456.1
RR;643.1
RS;597.6
RJ;596.3
PR;594.0
MG;419.8
BA;456.9
SC;375.0
MG;587.5
SP;
BA;744.6
PI;
RJ;
SP;540.0
RO;
MG;610.5
MG;494.4
CE;
GO;730.0
CE;378.5
PR;
MG;484.2
RN;536.8
PE;422.1
CE;497.2
SP;482.1
RR;475.3
BA;715.9
SP;
PB;715.2
PI;432.5
PR;439.2
SP;651.8
SP;735.8
PI;768.1
RJ;410.1
RJ;638.9
MG;511.3
GO;
BA;692.0
MA;383.3
RJ;501.4
CE;606.9
MT;666.5
RS;561.9
RJ;697.1
AC;
RR;540.0
PA;421.8
CE;613.5
MG;427.2
CE;
MA;
RN;559.4
PB;484.4
CE;
SP;453.7
SC;
BA;577.0
RN;460.7
SP;569.2
MG;430.1
GO;558.3
PI;472.8
CE;435.9
BA;
GO;457.3
PE;517.8
SP;563.5
PA;
CE;575.9
SP;590.0
PB;474.6
SP;584.6
BA;456.1
PB;551.8
CE;
RJ;434.1
RJ;609.4
PA;492.6
SP;414.0
CE;
CE;457.6
GO;384.8
MG;
CE;505.1
PE;420.6
RJ;382.2
MA;
RJ;397.1
CE;470.0
GO;401.0
DF;
MG;794.4
PE;449.8
PE;698.0
PR;444.8
ES;
CE;634.1
PB;821.7
MG;
GO;770.1
RR;557.8
CE;694.0
RJ;683.5
SP;
MG;514.9
CE;632.3
PE;
ES;535.8
GO;546.8
MG;614.6
SE;603.9
BA;
PR;634.8
RJ;
BA;553.3
ES;509.0
MT;418.5
SE;
MG;453.3
RJ;765.4
SP;629.2
RJ;
PI;476.1
ES;
RJ;394.5
PB;414.9
MG;734.2
PB;410.6
RJ;
CE;374.3
SP;581.5
SP;735.0
AL;488.9
AM;
SP;575.0
GO;591.5
PI;492.1
CE;507.9
MA;520.3
PA;494.9
BA;446.7
BA;594.4
PR;724.4
BA;666.4
DF;392.9
SP;616.5
MA;725.5
CE;452.3
MG;
SP;544.7
PE;456.1
RJ;507.5
PE;417.7
PA;431.9
MG;494.9
SP;526.2
RJ;396.4
RJ;704.5
RJ;
PE;
RN;766.4
PB;538.0
AM;413.9
MG;
BA;
CE;409.6
PI;393.5
GO;
MA;639.6
PE;
RN;
AM;605.5
SP;
RN;471.6
SP;728.7
SP;428.0
PA;
SP;
SC;519.7
PE;626.9
PR;464.5
SE;472.8
PA;491.0
MA;
RJ;426.8
RJ;535.1
ES;
SP;
MT;418.4
SP;552.8
PE;416.0
SP;780.0
BA;394.1
PR;
GO;388.5
PA;694.2
PB;613.7
RJ;420.8
MG;688.2
BA;459.9
PR;
CE;392.8
BA;430.5
MT;628.9
CE;404.7
PR;428.6
PR;437.6
BA;561.9
MG;660.1
BA;
PR;401.1
BA;500.2
AL;673.9
SP;686.4
SP;568.5
RJ;
MG;623.6
CE;431.3
GO;765.1
DF;586.2
GO;448.6
RN;810.4
RN;438.4
PA;579.0
PE;
PB;526.7
SP;529.3
MA;469.2
SE;
SP;
CE;
PR;378.2
RJ;387.8
RJ;
PE;427.0
BA;434.1
CE;562.7
RS;493.4
SP;523.1
BA;422.9
CE;
SP;
PR;690.2
SP;731.0
RN;404.3
MT;
MG;787.4
MG;698.7
PE;438.2
BA;531.0
SP;431.1
RN;403.7
PE;458.4
SP;474.8
BA;585.6
GO;403.8
MA;534.7
MA;476.7
TO;526.2
PR;372.1
GO;
SP;539.8
SP;395.3
AL;461.7
SP;536.9
PA;
SC;780.1
CE;421.7
SP;676.0
GO;494.8
CE;
MG;679.7
SP;611.8
BA;588.0
SE;375.0
RJ;
AM;
AL;
SP;
RO;565.6
SP;617.6
BA;723.0
RJ;651.1
CE;464.0
AL;
DF;
SP;707.0
CE;431.8
SP;419.3
SP;820.1
CE;384.5
RN;445.1
GO;496.7
CE;481.1
MG;378.3
BA;420.3
RN;527.1
RJ;555.2
PB;457.4
MT;490.3
PI;651.3
MA;524.5
SP;673.3
PE;449.0
PA;454.6
MA;454.9
RJ;564.4
PB;579.8
MA;487.5
MT;458.5
CE;
SE;
MS;714.5
BA;
DF;681.0
RS;690.1
PI;419.8
PR;397.8
SP;764.2
SP;420.4
SE;
MA;
CE;389.5
CE;440.2
PE;
CE;483.3
MG;429.3
GO;432.9
BA;363.0
CE;542.6
PA;433.4
PB;535.4
MG;678.9
CE;417.6
SC;
PE;599.6
SP;494.1
BA;419.9
GO;587.3
CE;665.6
PA;449.4
PR;457.0
RJ;645.9
SE;445.0
BA;455.9
MG;529.5
SE;603.6
PB;459.5
RJ;
PE;599.7
CE;676.9
MA;636.4
CE;401.4
AM;570.2
MG;471.1
PE;492.9
SE;463.5
GO;395.0
MS;466.8
PA;408.1
DF;498.3
PB;615.0
RJ;475.8
SE;508.2
PA;394.1
BA;569.4
DF;544.2
BA;
RS;703.4
PE;552.9
MG;471.6
MG;708.7
PE;
PR;
GO;
RR;544.2
CE;417.4
SP;795.9
MG;580.4
SP;432.5
GO;596.3
CE;499.1
SP;622.1
RN;766.0
RS;394.3
MG;445.8
CE;413.2
PR;744.1
CE;527.2
CE;564.7
MA;
SP;685.6
RS;
MG;558.6
RJ;469.6
MA;536.3
BA;
MA;558.9
MA;
PA;587.7
AP;426.0
SP;746.4
SP;
CE;
PE;458.7
GO;433.5
SP;610.6
PA;491.3
PE;
CE;575.7
PE;551.0
RO;652.6
BA;684.3
CE;583.0
DF;402.1
BA;688.3
RJ;
BA;393.1
RS;501.1
BA;546.5
AM;500.5
RJ;
MG;744.1
BA;728.7
SP;543.9
PR;587.2
PE;
CE;445.2
CE;
BA;645.0
SP;444.0
CE;442.1
DF;567.0
BA;493.4
CE;492.3
PE;
PI;
BA;559.2
PR;
CE;427.9
BA;537.6
RN;376.0
SP;
BA;
GO;456.5
RJ;527.9
MT;669.6
GO;627.5
PA;628.0
PE;712.6
MG;
AL;438.8
MA;442.3
CE;546.2
PB;
MA;708.5
MG;728.2
CE;369.2
CE;678.9
RJ;428.8
SP;676.6
RJ;747.2
RJ;
GO;
PE;516.5
CE;
BA;417.7
MA;
CE;610.3
CE;363.8
RJ;675.2
SP;837.9
RN;471.1
GO;576.8
MA;508.0
ES;414.8
PR;
RS;426.5
TO;
MG;393.8
PA;536.0
PE;
SC;
RS;451.5
BA;420.6
MA;
SP;727.1
PI;646.6
CE;453.7
GO;
MG;621.7
GO;
PR;795.3
CE;
BA;
CE;
PA;633.6
PE;413.4
DF;439.2
MG;410.3
MG;457.1
BA;619.8
RS;444.0
PE;512.5
MG;415.5
BA;
PB;379.4
SP;503.3
PA;472.5
MA;462.1
CE;412.4
PB;652.4
RJ;
AP;432.6
PR;531.5
GO;697.3
SC;
MG;573.2
PB;471.4
PE;491.9
SP;374.3
PA;590.3
ES;
MA;429.3
PE;
MT;474.2
PA;461.7
PE;563.3
PR;457.3
PE;466.1
MS;
BA;603.2
SC;461.8
BA;504.4
RS;656.6
BA;532.9
BA;602.1
RS;617.5
SC;593.3
CE;413.2
DF;710.6
ES;584.8
PE;
SP;463.6
SP;582.0
GO;508.8
GO;440.0
BA;644.8
BA;477.3
GO;608.6
RN;
CE;428.1
PB;485.2
PE;
RJ;664.5
BA;555.8
SP;673.0
RN;
BA;
TO;
SC;423.5
MT;615.1
MA;468.3
SP;538.6
CE;489.0
BA;532.2
CE;543.9
PA;428.2
CE;635.1
SP;417.5
CE;498.4
BA;395.0
BA;
SP;392.6
PE;
GO;485.5
AM;
PB;689.8
RJ;434.4
MG;478.5
SC;463.8
PA;423.8
GO;394.4
RJ;468.4
RJ;690.1
BA;390.6
SP;
MA;494.7
PI;
PE;512.7
MG;394.3
SP;431.0
BA;696.5
SP;430.0
MG;573.7
BA;606.7
BA;518.4
RJ;475.1
PR;630.2
GO;617.6
GO;384.6
MA;547.4
CE;499.4
RJ;
RJ;571.9
RJ;447.2
GO;458.4
BA;500.6
SP;513.7
CE;
CE;582.7
MA;607.0
MG;664.7
CE;429.0
MS;521.2
MA;592.6
PA;430.1
CE;
SE;
CE;593.2
PI;436.1
SE;526.0
SP;670.0
RJ;506.6
BA;
MS;374.3
BA;394.4
MG;611.2
CE;417.9
PE;
GO;611.7
DF;699.1
CE;553.5
RS;648.7
SP;703.1
ES;
CE;
PE;618.5
CE;720.3
MG;536.7
PR;595.3
CE;381.9
DF;378.9
RN;651.3
BA;636.9
PE;398.8
CE;707.7
CE;434.3
CE;
PE;423.5
GO;
RS;664.2
CE;660.1
RS;561.0
SP;391.3
BA;552.3
CE;627.7
MG;
RO;588.2
GO;
BA;510.2
MG;514.6
ES;707.1
CE;
MG;471.9
BA;626.4
RN;575.4
BA;545.0
PE;546.8
CE;407.0
MG;498.4
MT;395.5
CE;392.1
PE;572.8
CE;603.5
PB;460.2
BA;405.0
RJ;376.5
BA;625.4
GO;480.5
RJ;456.3
PR;578.2
PI;
SE;860.1
PR;457.3
PI;514.7
BA;
SP;379.4
RJ;687.8
PR;442.2
PR;602.4
PI;573.9
MT;462.3
RS;418.3
MG;627.8
CE;429.0
SC;555.2
PE;
BA;
PI;471.9
MA;444.1
PE;560.0
PR;492.9
PE;417.5
MG;
MG;597.1
MA;524.1
MG;526.9
SE;
MA;482.4
AL;393.8
SP;608.9
CE;489.7
PA;
RJ;417.8
SP;549.0
PR;733.8
PE;595.4
AL;581.8
SP;462.4
BA;455.4
PB;
PA;612.0
BA;397.2
PA;578.6
GO;
SP;506.9
SP;613.5
TO;419.6
PA;530.0
SP;621.8
CE;412.2
RJ;476.6
RS;510.8
MG;446.0
RN;492.2
SP;607.9
PE;517.2
RN;467.7
PR;663.1
BA;465.9
RS;508.5
MG;
SP;609.3
SP;667.1
PE;521.7
SP;659.2
MA;482.9
RJ;404.0
MG;523.6
RO;713.5
BA;505.1
PA;408.5
BA;400.4
MT;656.0
SE;779.8
SC;696.9
SP;644.6
PE;585.1
RJ;417.2
MG;698.9
SP;
GO;402.5
CE;553.6
BA;524.3
PA;445.4
CE;
SP;602.6
BA;505.9
BA;646.6
PA;
SP;793.3
BA;429.5
PE;
PI;371.3
CE;
RR;527.7
RO;442.9
BA;699.1
SP;701.8
SP;603.6
PA;
SC;714.4
PI;524.7
BA;420.9
GO;417.8
RJ;482.8
PB;617.5
AC;413.1
BA;522.0
SC;582.5
MG;
CE;
PE;681.8
BA;546.2
MG;584.5
SC;455.9
PB;616.9
BA;
ES;486.5
AM;710.6
BA;458.6
BA;459.2
CE;
SP;
SP;539.8
MG;724.6
BA;702.5
PR;558.7
CE;649.7
CE;
RS;680.1
CE;396.0
GO;
MA;376.0
MG;461.5
MA;454.5
MA;521.1
MG;692.6
GO;581.3
PB;582.2
PI;
TO;465.0
BA;384.2
BA;447.9
PA;
MG;487.9
RJ;685.5
SP;605.7
MG;826.6
SP;
CE;482.5
CE;476.4
RJ;
SP;702.3
DF;
RS;453.2
GO;607.6
GO;
ES;558.4
BA;470.3
PR;687.2
PB;500.4
PA;508.3
RS;635.0
MG;462.5
BA;377.9
PE;600.3
MA;586.2
GO;431.9
RS;590.5
MG;563.1
MG;505.5
MG;
PA;519.1
MG;402.5
SE;543.0
CE;
PA;479.5
PA;663.4
PA;405.3
GO;
RJ;553.3
SC;692.0
MA;
GO;481.9
CE;480.2
PA;597.3
DF;
BA;431.9
CE;496.5
RS;679.8
SP;690.6
PB;754.4
PA;
MG;470.0
MT;
CE;
PB;717.4
PB;395.0
PA;592.5
SC;579.7
RN;445.1
BA;489.2
BA;414.7
SP;662.7
MG;515.8
SP;534.1
MA;
RN;491.5
RS;599.2
CE;
GO;465.5
MG;703.0
MG;566.7
ES;608.3
BA;564.1
TO;444.0
CE;507.6
AL;
MA;536.5
BA;
RN;385.0
RJ;627.3
MA;509.1
PR;
DF;526.0
PA;664.3
CE;607.9
SE;371.9
CE;477.2
RN;
ES;525.6
PE;525.4
PR;628.5
SP;597.0
MG;
RJ;
BA;499.8
SP;
GO;485.0
SP;708.1
AL;600.7
CE;575.4
ES;475.0
CE;615.1
SP;790.5
CE;558.5
SP;369.0
MT;616.4
CE;465.5
TO;433.4
CE;475.5
RJ;455.0
RJ;450.6
PE;607.0
SP;681.7
ES;717.0
SP;509.0
SC;539.8
GO;483.3
MG;693.2
PB;423.4
BA;484.8
MG;646.0
BA;395.9
PR;
MG;785.9
MG;435.3
CE;574.0
SE;585.6
MG;411.2
DF;471.7
CE;439.4
CE;649.4
RN;486.2
MG;391.3
BA;
RS;388.2
MG;586.2
BA;
PE;546.5
CE;459.4
GO;
MG;685.7
GO;
GO;509.0
MT;762.2
MG;561.2
PE;430.7
RJ;500.6
PE;770.2
SP;524.1
PB;619.0
PR;701.8
CE;544.6
PA;483.4
RS;707.4
PA;425.7
DF;796.8
BA;
SP;403.7
PI;604.6
MA;541.9
MG;
RS;570.6
SE;448.1
CE;394.9
SP;
BA;665.8
SP;667.1
SC;
GO;418.2
BA;
MA;509.0
PE;432.9
SP;724.3
CE;497.0
TO;420.4
MG;663.0
MG;658.6
SP;
CE;
RS;521.3
RJ;387.6
SP;431.1
GO;570.4
MG;561.8
SP;535.9
RJ;516.4
MA;495.1
MA;431.9
PE;431.3
MT;527.0
MG;715.1
PI;
GO;488.9
SP;670.6
MG;716.0
CE;401.3
SP;781.8
CE;553.1
BA;509.1
PI;468.0
RS;
SE;568.2
PE;590.3
MG;582.1
CE;665.0
GO;410.4
CE;541.9
PI;
DF;443.5
CE;628.1
RS;373.1
BA;518.9
PE;527.5
BA;
PA;617.3
MG;617.8
CE;427.1
AM;624.6
PA;577.5
PB;611.5
SP;428.7
GO;
DF;545.5
CE;438.0
SP;
MT;599.7
SP;582.5
SE;463.7
RN;
CE;
SE;
GO;598.9
SC;
CE;637.1
GO;409.3
RN;
PE;474.0
BA;480.9
PE;
AC;
RJ;628.7
SE;
CE;711.2
MG;401.9
AL;593.7
MT;490.9
CE;467.7
BA;
AP;400.4
MG;705.1
MG;
SP;653.7
MG;474.2
MA;473.4
MS;
GO;379.0
BA;
AL;
GO;505.4
BA;444.2
PI;420.6
BA;435.8
CE;482.3
GO;437.5
PE;540.5
SC;476.9
MG;461.0
CE;474.9
SP;555.2
GO;568.5
CE;391.0
PA;368.9
SP;
DF;519.1
PE;615.1
MT;457.7
GO;512.8
PR;473.7
RS;576.9
PE;725.1
CE;
SP;623.7
MG;704.0
PI;
GO;
CE;472.7
SP;529.4
PB;487.9
PI;786.9
RJ;555.3
AM;
PA;440.3
PI;390.3
SE;537.5
PA;446.9
MT;
RS;
PE;456.9
GO;623.6
MG;702.9
MG;715.9
PA;504.5
GO;634.2
PA;542.8
MS;528.3
PB;402.3
SP;730.3
SP;
PA;507.5
MG;440.2
PI;599.7
MA;546.2
BA;565.8
MA;
RJ;572.2
PR;770.9
CE;405.5
MG;866.5
SP;463.3
BA;668.2
PI;499.1
SP;456.0
PA;411.8
PR;465.5
SP;610.5
RO;571.2
SE;544.0
SC;406.9
CE;471.3
PE;488.7
RN;653.7
RJ;484.8
GO;446.8
PI;478.7
BA;416.6
PE;494.0
RJ;675.6
RS;422.0
GO;442.9
ES;584.1
PE;491.1
GO;563.7
CE;0.0
MA;398.1
MG;
MA;373.7
PE;572.1
BA;393.0
SP;445.2
RS;397.5
PI;478.2
BA;413.1
BA;438.7
BA;
RJ;
PE;681.9
CE;602.7
PR;705.2
AP;454.1
MA;772.8
CE;
PA;556.3
PB;747.5
GO;
PA;568.5
GO;436.9
CE;464.1
CE;489.3
RJ;763.3
PR;543.4
SP;623.2
ES;422.6
BA;486.3
PI;673.1
PB;666.8
ES;607.6
BA;435.2
PB;
GO;
PE;547.4
RJ;593.6
BA;
SC;652.3
MS;
MA;
SP;419.8
AL;433.5
GO;
MG;
SP;611.6
GO;854.4
MA;374.6
BA;530.0
CE;441.4
PE;583.0
CE;563.0
MA;531.9
PI;418.3
RJ;427.7
CE;377.5
GO;667.2
BA;634.9
MA;466.3
RJ;474.3
MG;427.4
MG;
SP;535.1
ES;464.2
BA;681.4
MG;
MA;
MG;722.8
RJ;498.7
RJ;698.1
PB;435.3
SC;573.5
RJ;554.7
GO;
PA;379.7
RJ;769.4
SE;540.0
RN;555.7
PE;455.3
SP;654.9
GO;410.7
MG;628.3
PB;466.6
RJ;570.6
MS;659.9
BA;464.4
MG;721.8
PI;585.5
RN;474.2
CE;504.7
GO;
MG;
GO;627.6
MG;652.0
SP;514.9
RS;625.2
RN;535.8
RJ;503.6
CE;403.0
PE;
SE;418.6
PI;414.9
BA;
MT;729.0
ES;445.3
CE;503.0
BA;469.2
PE;475.7
PE;630.8
PE;428.6
BA;559.4
CE;544.3
PI;440.6
SP;539.1
PI;695.0
PI;412.9
RR;447.2
MG;682.3
SP;
CE;
TO;465.9
PB;397.6
CE;
CE;431.7
PE;557.3
PB;655.8
SP;
PA;455.1
MG;505.0
SP;
PA;476.3
GO;410.7
PI;457.6
PA;574.5
RJ;573.0
GO;565.1
ES;781.6
RJ;594.8
RS;445.0
MA;
SP;760.6
BA;613.1
SP;564.4
PE;447.5
SP;527.1
SP;498.0
PI;696.8
CE;606.9
MA;434.2
SP;
BA;433.2
RS;617.1
MA;441.0
GO;641.9
PI;528.3
BA;
GO;
TO;452.7
CE;512.9
PE;426.8
MA;452.6
RJ;587.2
PE;528.7
SP;498.6
MG;606.9
PE;
CE;426.1
PB;527.8
PE;636.3
GO;572.4
PB;470.4
MG;464.5
PA;482.9
MA;521.4
CE;
PE;
SE;526.4
TO;448.2
RS;810.5
MG;545.5
PB;
CE;768.9
AM;527.6
RS;
BA;
MG;432.8
RO;
PA;467.8
CE;481.0
PR;506.3
PE;647.4
CE;
PE;417.4
BA;626.3
MA;495.1
RO;414.0
RS;460.5
ES;
RS;576.9
PE;415.7
GO;450.9
CE;424.2
BA;458.4
GO;
BA;632.7
DF;728.8
MG;
CE;446.8
SP;423.3
PE;852.0
GO;
SP;621.2
RN;
PA;414.5
MG;793.2
MA;
PI;390.5
MG;735.2
BA;437.9
PE;707.8
MG;444.4
PE;
RS;677.8
PE;656.6
CE;404.2
GO;
RJ;433.2
GO;
CE;445.0
BA;
PB;421.3
PI;467.2
PB;409.7
MT;
CE;433.1
BA;
CE;511.7
CE;
CE;
BA;466.0
PA;
ES;419.9
AM;
BA;451.5
BA;
GO;
GO;
RN;588.8
MG;740.7
AM;424.2
RN;
CE;386.6
PE;394.9
BA;444.4
CE;513.2
SP;
CE;445.7
MT;591.1
GO;456.4
PA;
MG;694.9
MA;422.3
AM;
CE;
CE;501.2
GO;661.7
CE;806.1
BA;639.3
AL;584.6
MG;606.2
PE;464.4
BA;419.9
DF;671.9
GO;
MG;400.5
RS;435.7
MA;473.4
SP;821.1
RN;392.0
RO;452.1
CE;447.9
RS;435.7
SP;433.6
GO;478.6
SP;607.7
PB;458.6
GO;826.4
BA;614.9
MA;420.1
MG;767.2
SP;664.2
PE;
SE;571.5
BA;682.2
PB;715.5
MG;480.5
ES;
BA;479.9
PB;
BA;
MG;
CE;545.2
MG;
RS;455.7
RJ;403.1
PI;
MA;
MS;386.6
MA;560.6
SP;641.2
RN;
MA;429.7
CE;426.8
PB;609.9
AM;475.6
ES;503.5
AL;484.7
SC;766.5
GO;
CE;408.8
PA;492.2
SP;
BA;
PA;399.6
SP;539.9
RN;425.7
MT;532.9
CE;394.4
RJ;616.6
CE;393.9
DF;501.8
SP;
MG;
BA;563.1
SP;736.8
MA;649.2
SP;
CE;524.0
CE;
PA;632.7
MA;428.4
BA;638.2
SP;724.5
SE;417.0
RJ;
RN;
BA;459.3
MG;655.7
SP;608.6
CE;527.5
SP;839.5
MG;507.7
RJ;417.4
CE;579.1
PE;750.8
BA;407.7
GO;
CE;456.6
MT;433.6
BA;
RJ;540.0
SP;696.1
MG;430.0
SP;
PI;492.7
PR;594.4
RJ;543.3
CE;570.7
PR;426.1
PA;455.8
MG;399.4
CE;450.9
CE;672.1
SP;677.6
SP;446.9
SP;735.2
PI;560.9
RN;409.8
BA;515.3
GO;
BA;
SP;
RR;397.8
MG;613.1
SE;729.3
SE;388.8
MG;653.9
SP;
CE;638.7
SE;
SE;480.8
GO;506.7
GO;472.7
TO;473.6
BA;
PI;439.9
CE;634.2
MT;
RJ;
SP;669.5
MT;831.1
ES;743.6
CE;407.9
RJ;512.2
RS;597.4
CE;470.0
BA;
PA;401.6
SP;
MG;457.3
RS;618.3
PI;432.8
MG;603.0
PE;808.5
RJ;548.3
RN;576.3
CE;508.8
BA;557.8
CE;402.9
RJ;
PA;432.9
MG;548.5
BA;505.9
MG;464.3
GO;481.7
PR;695.0
MG;652.7
AM;405.9
GO;565.9
BA;456.0
AL;647.4
AL;662.4
RJ;475.2
BA;
SP;468.3
BA;620.6
CE;407.4
SP;667.9
SP;
GO;576.0
PB;493.9
RJ;744.6
CE;739.8
MG;460.4
SP;535.5
CE;565.8
MA;
PE;
DF;529.9
ES;
RJ;
GO;468.6
PE;560.8
SP;
PA;
MG;499.1
PI;388.2
RJ;491.6
PA;
MG;628.3
BA;523.3
RO;569.3
RJ;655.3
RJ;685.5
MG;
PE;385.3
SP;775.4
SP;356.9
PA;
GO;
PE;521.9
SC;554.2
MA;477.8
AP;731.4
CE;657.7
BA;417.8
SP;664.2
CE;620.9
PA;
CE;406.7
BA;479.5
RJ;732.5
RO;664.8
RJ;657.9
PE;
MG;
TO;468.3
CE;402.6
PI;766.9
BA;635.0
PA;460.3
GO;493.5
RJ;
SP;849.5
RS;430.2
BA;412.3
PE;365.7
BA;516.2
PR;816.7
MG;581.0
PR;
MA;449.9
PA;665.2
SP;
RJ;
RJ;402.3
PA;474.7
RJ;535.8
MG;655.3
AP;821.3
SP;447.2
RS;641.1
MG;691.8
MG;550.9
MA;396.7
PB;423.7
SP;
MA;501.2
BA;552.6
RJ;467.8
MA;765.6
MT;
PE;405.2
CE;432.0
PR;
SP;486.5
CE;611.2
BA;496.3
CE;425.5
RS;
PE;548.4
AL;480.3
BA;721.9
PI;
BA;469.0
DF;438.0
RJ;685.1
CE;447.5
PR;674.0
MG;517.4
SE;513.9
PR;510.9
RJ;455.1
GO;
PE;762.2
PR;484.9
RN;554.7
PA;521.0
CE;391.7
MA;406.6
CE;505.2
SP;580.4
CE;384.0
GO;601.5
MG;
ES;432.3
PB;417.8
GO;514.0
GO;
CE;556.7
GO;510.9
SP;570.7
MG;733.1
RJ;420.7
CE;
MG;
PB;583.0
GO;539.5
PB;557.5
SC;579.1
RN;604.2
SP;639.6
PE;459.5
AM;
CE;586.8
MA;436.6
BA;412.4
RN;385.8
SC;560.3
PE;700.9
SP;511.1
PB;483.6
PB;453.8
RJ;514.4
CE;692.3
CE;595.2
PI;
PR;
MG;489.8
AP;490.5
MG;
CE;465.2
RJ;
PE;481.4
AL;461.6
SP;514.1
PE;530.4
AC;546.3
GO;411.9
MG;492.4
GO;538.3
CE;
AM;451.5
AM;461.6
PI;595.3
PB;465.9
SP;482.0
MG;602.4
SP;666.0
SP;685.6
GO;590.8
ES;
PR;426.8
PB;730.8
CE;436.9
GO;496.6
BA;416.8
RS;565.7
MG;580.6
GO;
CE;652.1
CE;481.6
RN;478.5
CE;
RJ;396.8
BA;576.3
TO;406.7
PB;406.8
SE;756.8
SP;803.7
SP;660.0
BA;516.7
SP;
PR;522.5
MG;710.9
SP;
BA;383.2
RS;493.8
PB;692.9
AP;543.9
SE;569.2
MG;393.9
RN;633.6
CE;411.7
GO;
GO;
SP;711.6
SP;503.3
PB;479.1
PA;423.4
RJ;503.5
MT;398.9
RJ;435.5
CE;
CE;530.9
PA;481.3
CE;
CE;725.4
MG;614.0
RN;576.9
RJ;382.0
PB;
PI;534.3
GO;534.2
SE;539.8
PI;504.7
BA;
CE;430.8
PE;
AP;440.5
PI;647.0
SP;556.4
GO;
CE;476.0
RJ;757.7
BA;655.7
PB;407.3
PA;528.9
GO;413.3
MG;695.7
RS;655.8
BA;
GO;733.1
PB;404.2
PB;
ES;412.8
MG;739.5
ES;463.1
PE;
RO;543.7
PR;408.4
SP;692.3
MG;
PE;
PE;548.5
PE;452.5
RS;715.4
PA;
RJ;447.3
CE;460.0
GO;
RN;592.9
BA;670.9
PI;439.9
CE;476.0
MG;581.6
PI;472.7
SP;485.8
RS;886.0
GO;486.4
GO;677.9
RJ;599.5
GO;563.0
RN;450.1
MG;563.1
MG;
SP;
MA;497.2
RS;
PI;646.9
PB;714.5
CE;477.7
DF;740.8
CE;
SP;609.3
RO;453.3
CE;607.6
MG;728.7
PB;660.7
SE;469.8
ES;
PA;434.5
MT;492.2
SP;
SP;
PE;474.8
PE;471.3
BA;423.7
BA;
CE;375.6
PE;470.0
CE;
AL;485.8
RS;586.4
PA;484.9
BA;396.1
AL;710.4
GO;533.5
PE;531.5
BA;
SP;481.3
GO;
BA;
PE;
BA;412.7
PI;414.5
MS;376.3
MG;
MG;446.0
PA;473.3
BA;617.1
RN;580.0
RJ;
PI;723.2
SP;631.4
AL;
BA;470.9
TO;
SC;429.2
GO;440.2
MG;
CE;
MG;521.6
PR;571.8
PB;
PB;684.4
RJ;420.0
ES;514.6
BA;478.9
PI;573.4
RN;405.7
BA;
PA;610.1
PE;
CE;
DF;694.6
BA;422.8
DF;751.5
CE;575.9
RJ;
ES;
RS;473.7
PI;
MG;567.6
ES;575.8
RJ;535.9
MS;651.2
MA;459.4
RJ;556.7
CE;418.2
PA;369.4
PI;652.1
RJ;648.8
PR;697.8
CE;615.3
AM;541.1
PB;523.4
SP;718.5
PA;548.3
BA;651.8
MA;478.2
MG;850.7
MA;416.1
SP;650.2
CE;553.5
AM;533.9
CE;
CE;418.6
CE;552.7
CE;444.2
GO;653.5
PE;389.1
RJ;582.1
BA;583.7
PE;511.4
BA;
PE;401.3
SP;
RN;
CE;525.4
BA;
GO;
RR;384.7
SP;641.6
SP;509.1
SP;505.1
MG;447.3
RS;
BA;704.3
MT;487.1
SE;
PA;
CE;375.1
BA;452.0
MG;594.4
PI;489.4
MG;547.7
RS;488.8
MG;588.5
RN;756.7
PE;628.2
GO;682.8
BA;535.3
CE;482.8
BA;
BA;
RJ;
CE;670.1
PE;
RJ;
ES;663.9
SP;577.5
MG;783.1
SC;565.8
RJ;
GO;495.9
BA;499.4
RS;792.6
PB;676.6
RN;630.1
SC;823.9
PB;610.4
PR;598.6
CE;
CE;617.1
SP;439.9
GO;579.2
CE;447.7
MG;635.8
RJ;614.9
MG;566.8
PE;486.4
RJ;
PA;418.9
CE;378.7
CE;573.4
MG;626.1
DF;628.0
CE;456.2
CE;483.8
RJ;671.6
MA;581.8
CE;
MA;475.0
GO;373.1
GO;487.8
GO;413.3
GO;
SE;
CE;535.8
RN;526.9
SP;708.9
SP;780.8
BA;659.0
BA;643.9
CE;
RS;471.0
TO;
ES;644.9
BA;
RJ;
SP;
GO;694.7
CE;447.3
AP;434.8
MG;
GO;385.3
RJ;559.3
SP;
ES;732.2
PA;506.9
MG;424.9
RJ;726.6
PB;633.1
CE;
CE;421.5
PI;
MT;621.4
CE;403.3
MG;
PE;372.8
RJ;442.1
SP;489.8
MG;761.7
RJ;
RJ;525.3
SP;
SP;376.1
MG;676.2
RN;511.1
PA;436.6
GO;
DF;515.2
MA;399.2
ES;428.7
CE;
MG;681.2
PE;742.7
CE;757.8
RS;714.6
SE;401.6
RJ;547.8
PB;413.6
PI;573.0
CE;
SC;562.5
PA;478.4
RS;
SC;
PA;418.5
PR;688.1
GO;523.2
RJ;
MA;
CE;604.1
GO;445.1
RN;419.2
MG;469.6
MG;466.5
GO;422.4
PE;
RJ;529.7
RN;646.7
RS;660.4
MG;
SP;539.7
PA;439.6
PA;
TO;388.3
AL;410.4
MG;540.3
CE;660.7
SP;507.2
MG;668.4
MG;
BA;459.7
AC;521.9
AL;458.6
SP;
DF;664.2
BA;383.8
BA;535.4
MG;592.1
CE;858.0
MG;
PB;478.0
MG;622.6
CE;438.3
BA;
PE;662.4
CE;592.6
MG;462.6
CE;469.9
CE;
PE;575.7
MG;696.1
SP;459.9
PI;438.9
MG;389.4
MS;497.7
BA;
PR;500.2
MS;403.8
PE;459.4
MG;436.5
SP;467.4
MT;535.6
PB;
BA;
MG;550.0
MG;
PR;437.9
PE;413.7
GO;376.2
CE;470.6
RR;498.7
BA;
MG;741.9
CE;435.3
BA;646.9
RJ;542.9
AP;743.8
GO;
SP;379.9
BA;
RJ;513.5
PB;568.6
GO;655.4
PA;
AL;468.2
SP;713.8
RJ;462.6
MG;485.8
MG;520.7
MG;656.3
PA;473.5
GO;448.1
MG;397.4
CE;910.8
CE;
CE;396.3
MA;595.4
DF;695.9
PA;524.0
GO;393.5
BA;479.3
CE;
BA;536.6
PE;782.2
MG;619.4
MA;459.9
MA;364.0
RJ;438.2
BA;
GO;546.9
MG;516.5
ES;
SE;486.0
RJ;372.5
RJ;650.6
GO;
RJ;
RN;
BA;388.0
PB;
PI;699.1
MT;586.5
TO;580.9
BA;731.1
CE;489.7
RJ;668.5
PA;
BA;479.6
GO;
DF;
MG;
MA;403.2
RS;723.8
CE;681.9
PR;635.1
RN;410.6
SP;741.4
PI;420.7
BA;433.8
SP;511.7
RJ;414.4
RJ;
BA;639.0
ES;797.6
MG;480.1
SP;643.4
MG;661.2
TO;499.7
CE;564.6
MG;498.7
CE;384.6
CE;454.5
MG;
PA;
SP;431.8
RJ;614.1
GO;387.0
MA;558.3
BA;533.3
DF;691.1
PE;594.0
RS;480.9
SP;600.5
SP;677.1
PE;470.3
PR;760.0
BA;566.7
CE;657.1
DF;
GO;444.8
PI;464.4
MA;402.5
PI;612.4
MG;532.7
PA;
MG;463.4
PA;405.7
MS;455.0
MG;581.5
PA;489.7
PB;393.4
MG;670.4
CE;587.0
RO;
MG;596.4
RJ;884.9
PA;
TO;489.2
MG;
SP;
SP;
RJ;424.1
PI;497.6
RN;
GO;461.0
BA;728.3
PR;
PR;560.1
PB;420.3
BA;527.6
SE;
CE;784.5
GO;597.4
PA;436.2
SE;555.2
RJ;386.8
CE;476.5
PA;369.0
MT;624.1
BA;511.5
CE;
ES;476.3
AP;
RN;509.0
RJ;518.1
GO;469.9
MG;527.0
PA;588.3
DF;
SP;526.2
GO;535.5
GO;489.1
PA;385.3
PB;621.9
PR;474.2
CE;
PA;
RN;617.9
RJ;580.8
DF;451.9
BA;
BA;
PA;594.8
SP;521.9
MG;
CE;494.0
SP;
SC;514.9
SP;574.6
SP;
CE;441.6
RJ;504.9
RJ;
CE;
MT;395.9
GO;
PE;625.7
SE;596.3
BA;484.4
RJ;846.4
DF;
SP;655.2
PA;435.7
BA;619.6
RJ;602.7
RJ;576.2
BA;575.7
SP;580.4
BA;542.7
AL;
PB;682.0
CE;
PA;467.0
BA;498.0
MT;688.9
BA;368.0
SP;558.7
SP;
SE;
MG;516.3
PR;457.7
RJ;409.6
PR;
SP;675.4
GO;503.6
CE;
PR;557.4
PI;468.7
SP;647.3
GO;639.7
CE;
SC;759.3
GO;511.1
CE;683.4
MG;536.8
CE;615.6
CE;438.3
GO;381.6
PB;394.1
GO;540.7
SP;630.1
RS;630.7
BA;582.1
CE;
CE;625.6
PI;670.7
GO;
CE;570.9
AL;596.9
RS;666.4
BA;482.7
MG;550.5
PR;649.4
BA;708.1
RJ;722.4
PE;525.0
SE;477.7
CE;608.9
PE;688.3
RS;
SP;542.4
CE;
GO;416.9
RJ;725.9
PR;
PA;638.7
SP;
RS;485.4
MG;433.1
SP;462.3
BA;534.9
RN;418.1
PE;
GO;526.3
MG;582.4
CE;469.1
MT;
SP;408.5
BA;552.5
BA;446.5
MA;639.6
PI;589.4
BA;384.9
RS;825.3
PR;490.1
RJ;
PE;
PE;639.0
MG;662.7
RJ;388.2
RS;
GO;404.4
SP;519.9
AM;448.4
MG;387.7
SP;535.0
MG;
GO;389.2
CE;628.1
SP;
RJ;765.5
GO;677.5
MT;575.2
MG;696.1
SC;440.1
RS;374.5
RJ;
AM;
CE;
PA;364.9
GO;
CE;458.0
PB;594.6
PA;399.6
RN;
BA;534.8
GO;
PA;443.1
RJ;420.0
PE;527.4
CE;718.3
MG;
PB;448.8
PA;
PR;
PR;681.0
BA;426.0
SP;
PR;594.0
RS;403.1
CE;
MG;499.7
GO;479.9
PR;633.5
MG;401.6
PR;427.2
SE;367.0
MS;567.9
SP;607.6
MG;795.3
SP;465.9
SP;
MG;480.1
PB;705.6
CE;492.3
SP;509.7
MA;550.5
GO;530.4
CE;858.6
SP;382.2
GO;394.6
BA;
BA;538.0
RS;
AM;
PB;379.3
MG;498.4
RJ;560.1
CE;
CE;664.9
CE;381.2
CE;
PR;
PA;656.6
ES;
CE;608.5
AM;
PE;404.9
ES;618.4
PR;536.7
PA;524.3
SC;
MT;408.1
GO;448.9
PR;
RS;831.1
CE;
ES;464.0
CE;499.0
PE;592.0
GO;396.9
GO;
MG;
PA;447.0
MG;512.3
PR;605.0
SP;729.0
SP;676.8
BA;541.8
DF;665.2
SP;
BA;717.5
AM;591.1
SP;
AM;430.1
GO;463.7
BA;494.4
MG;699.5
MG;653.4
SP;590.1
SP;583.0
RJ;522.2
SP;377.8
GO;553.6
PA;
GO;451.1
BA;433.4
BA;434.2
RO;709.5
CE;
MG;
CE;
SP;467.8
PE;630.1
PI;408.5
SC;573.9
PB;602.6
RN;
SP;671.6
BA;404.7
MG;410.9
PI;551.9
SP;794.2
BA;516.2
CE;506.3
PI;
AL;552.8
CE;729.6
DF;789.3
PB;421.3
BA;507.5
CE;
AM;433.4
AM;402.0
PE;585.7
MA;545.9
RJ;585.1
PE;
MG;654.9
BA;422.4
BA;
RN;423.4
RN;
RS;607.5
MG;690.6
CE;
PA;585.6
CE;435.7
GO;700.8
CE;
AL;409.3
CE;524.6
PA;
GO;537.4
PA;377.0
CE;469.8
PA;506.2
TO;
PE;644.6
CE;442.2
GO;637.1
ES;714.1
MT;650.0
ES;732.8
CE;
MG;602.3
RJ;
SE;505.2
CE;403.7
PA;496.6
SP;452.7
PA;509.2
BA;551.3
ES;441.6
SC;620.2
MT;
MA;417.5
GO;417.2
PI;632.4
BA;410.4
CE;
PE;634.6
PA;423.8
MG;
MG;
MG;604.5
PR;517.7
PI;491.2
GO;676.0
GO;520.4
MT;506.9
PB;538.2
PE;740.5
PI;608.4
CE;745.3
GO;
CE;
SP;
AL;480.2
PE;502.8
CE;
RN;669.0
MG;568.5
CE;
SP;
PA;
AC;405.8
BA;488.9
RS;
PE;
CE;489.9
PA;397.3
SP;536.2
RJ;555.0
GO;
RS;656.3
SP;
PI;
SP;
CE;880.8
PE;726.8
CE;
PE;513.9
MT;399.0
RR;502.5
DF;560.7
CE;760.9
SC;463.4
RJ;674.6
BA;444.2
GO;718.4
ES;649.1
RS;575.8
MG;681.6
PA;415.8
PR;420.2
RJ;662.7
BA;407.7
MA;
CE;505.9
GO;650.4
MG;895.3
PB;515.0
RJ;634.0
BA;469.6
CE;414.9
PA;482.2
PI;758.2
SP;
CE;464.2
CE;
SP;675.9
MA;589.1
PI;
SP;618.7
PE;474.5
CE;
SE;594.4
BA;507.8
GO;
SP;558.1
MA;500.4
GO;
SP;535.3
PB;454.9
SP;415.0
PI;425.4
SP;604.4
RJ;531.3
SP;718.0
PE;548.0
SC;749.9
AL;467.6
CE;396.0
RS;
PA;453.2
RJ;
MG;607.2
DF;464.7
RS;808.8
BA;523.7
GO;392.2
BA;618.8
RJ;463.2
CE;665.5
PE;
MG;472.5
BA;446.4
AC;483.3
MA;510.2
BA;574.3
BA;
GO;
MG;
PE;650.2
TO;379.6
ES;479.4
RJ;483.8
PA;
BA;
MG;
CE;
PE;
MG;
SP;645.1
ES;625.3
SP;
RS;
MG;442.0
RS;571.7
MA;642.0
MG;816.4
MT;449.7
CE;
CE;399.6
RO;
RJ;692.8
BA;437.3
PR;619.1
SP;497.3
MA;640.2
BA;439.3
MG;481.6
SP;504.2
PA;530.4
PR;544.4
RN;456.5
CE;
RJ;371.5
MG;
GO;
MG;702.0
CE;473.2
PI;384.2
MG;419.0
PR;
SP;612.8
MA;366.1
SP;605.1
CE;
PA;
ES;447.0
RJ;
CE;
PB;587.9
PE;501.5
PR;578.9
RJ;711.6
MS;567.6
BA;571.7
PE;483.5
MA;500.4
CE;
PE;577.6
RJ;586.1
DF;674.4
PA;
SP;580.3
ES;508.7
GO;
CE;513.7
MG;686.0
PR;519.9
RJ;522.2
MG;682.4
MG;499.2
SP;472.9
MG;568.3
PB;409.0
PE;468.1
PE;465.5
SP;577.3
RJ;482.7
MG;657.3
BA;537.8
CE;
RJ;433.2
DF;733.1
CE;714.3
AL;531.6
PE;397.6
PE;416.8
GO;649.9
SP;654.9
PA;488.3
BA;594.0
MT;
RJ;
SP;
GO;474.0
GO;
CE;655.0
RS;606.9
RS;
AL;432.8
SC;472.0
MG;799.0
PI;634.5
GO;708.9
SP;470.3
PR;
CE;401.7
BA;
CE;499.1
RS;591.7
RS;552.1
RJ;661.8
ES;
CE;
GO;552.8
PA;
CE;422.7
MG;496.0
RN;604.5
PE;456.4
MG;641.6
CE;391.0
PE;
CE;497.9
PI;474.3
RS;552.3
MA;438.0
GO;540.3
MA;465.9
MG;412.6
CE;483.4
GO;508.4
AM;
BA;636.6
BA;
RN;802.7
SP;713.5
SP;442.3
SE;
PR;563.3
AC;447.0
GO;538.6
CE;663.8
PI;
SP;465.5
SP;387.6
RS;508.8
PA;524.5
DF;449.4
PE;449.1
PR;544.8
PR;438.0
RS;498.9
CE;371.9
RN;543.5
PE;665.8
BA;355.9
RJ;551.6
PE;632.1
SE;584.8
PE;366.0
BA;455.0
CE;509.8
RN;
SP;
CE;422.8
MG;
RJ;426.1
GO;667.5
BA;
MG;658.2
PE;710.2
PE;399.7
CE;
PA;489.3
AM;457.5
RJ;538.5
RJ;370.9
RJ;
CE;
MG;741.6
RJ;439.7
MG;
RJ;454.5
PB;396.3
MT;557.6
PR;378.6
GO;493.5
CE;522.3
CE;437.2
PI;566.8
CE;427.7
SP;
MG;661.2
RN;422.4
BA;544.0
MS;
CE;449.5
MA;534.7
MA;576.5
PE;554.3
RS;673.2
SP;669.0
RJ;506.7
PA;
GO;399.4
PR;472.5
MG;451.6
MA;488.0
SP;
DF;694.6
MG;447.8
SP;698.5
GO;646.3
RJ;459.9
CE;439.0
CE;591.5
ES;451.6
BA;
SP;
GO;441.7
CE;
SP;413.2
RJ;535.1
MG;542.1
PA;504.0
PR;563.1
GO;477.0
PE;453.6
PR;
SP;692.5
MA;372.3
MA;529.8
MG;797.3
AL;433.1
RJ;735.7
MG;643.5
SP;
RJ;593.5
MT;456.2
RN;
SP;571.4
SP;428.7
RN;668.7
PE;661.3
PB;780.3
RS;
PE;452.2
MA;584.4
TO;778.0
PA;472.8
MG;
MG;444.7
ES;671.9
RN;465.9
CE;437.0
GO;636.2
MT;405.8
BA;572.2
RO;
PI;577.7
MG;
SP;
CE;532.6
RJ;473.2
CE;584.4
RJ;576.8
CE;
AL;384.1
PB;503.4
CE;653.4
SP;533.3
PA;373.1
PE;
PR;480.4
SP;723.3
MG;867.3
GO;506.4
SP;430.4
ES;
PA;542.3
CE;460.2
RO;581.9
DF;632.9
CE;
MS;
SP;
SE;555.9
MG;640.9
BA;
PB;407.2
PI;456.9
SP;541.0
GO;
PA;442.5
SP;502.9
BA;
TO;463.1
SC;
MG;
CE;
RJ;489.7
PR;519.0
RS;717.8
PA;483.5
SC;
SP;522.4
CE;550.1
RS;503.2
MG;551.2
SP;401.8
ES;420.6
PA;
CE;507.6
MG;406.5
TO;613.7
SP;379.7
CE;501.4
RS;597.3
RJ;686.1
MG;
CE;382.5
RJ;627.9
MG;760.8
BA;392.7
SP;682.8
MG;392.2
AL;598.8
SP;619.0
ES;547.9
PA;418.6
CE;456.2
PE;729.2
BA;498.1
TO;518.7
RJ;545.4
RJ;517.9
RS;520.4
BA;560.9
BA;444.8
PI;438.2
PA;473.3
DF;
SP;475.1
PE;510.2
CE;
RJ;527.6
RN;389.2
RJ;356.6
GO;
PR;523.1
GO;
BA;455.9
MS;
ES;
PI;498.1
PE;
SE;563.2
CE;491.1
CE;404.1
GO;629.6
MG;515.2
CE;394.6
MG;
PE;519.4
GO;448.5
AL;390.1
BA;617.4
RN;710.8
CE;
RJ;632.4
MG;545.2
MA;473.0
PE;447.5
SP;638.7
PI;427.9
GO;
RS;486.0
SE;693.0
BA;
MG;577.2
CE;558.8
CE;521.9
PA;
AL;
RN;712.6
AP;470.4
BA;
PE;
BA;435.8
BA;528.4
MG;503.1
MG;634.9
PB;428.5
MG;685.6
GO;700.3
ES;588.3
ES;411.3
SP;
PA;493.9
MA;767.2
DF;642.5
MG;498.0
GO;
PE;604.6
MG;465.1
MG;656.2
PE;679.7
CE;
SP;416.0
SP;591.1
SC;
SP;623.7
AM;465.3
MG;550.5
DF;385.9
CE;556.4
TO;
MS;
BA;
CE;
PA;472.8
MG;568.5
ES;526.9
MA;429.6
SC;
PR;482.5
CE;541.2
CE;
PB;455.7
RS;438.8
BA;603.7
GO;559.4
PE;450.0
MG;615.6
RS;479.4
MG;655.6
PR;
MG;449.0
CE;415.5
AP;
ES;
MT;627.2
PE;432.9
CE;529.3
PE;525.5
BA;392.1
AM;437.0
RO;
CE;620.3
SP;612.1
BA;537.3
PR;394.0
RN;
SP;585.9
PE;418.6
SE;669.6
RS;444.8
PE;502.5
BA;597.9
RJ;
CE;492.6
PI;433.8
RJ;482.7
BA;
CE;617.6
MG;633.4
MG;
MG;397.8
PA;453.0
GO;454.0
BA;405.8
SP;657.5
CE;543.3
PR;519.3
CE;
RS;559.0
BA;570.5
BA;457.3
PB;546.7
GO;699.9
BA;685.6
GO;542.1
RJ;506.8
GO;370.9
RJ;495.2
BA;371.0
CE;689.6
GO;
BA;688.4
MG;
GO;
SP;
SP;685.2
SP;509.4
PI;538.5
PA;442.8
PA;456.8
PB;460.9
AP;
MG;473.6
PA;619.3
CE;
CE;
MG;665.5
BA;497.5
CE;
PA;416.7
RN;669.0
RS;510.5
PI;
SP;686.5
PA;
AC;496.8
CE;
CE;469.1
BA;
CE;537.3
TO;530.0
MG;421.7
RJ;
PE;467.7
CE;493.3
PA;457.9
MG;472.4
PA;639.3
PA;475.0
CE;436.5
PR;602.7
MG;782.1
PR;
RJ;680.4
SP;635.8
BA;
CE;485.9
PE;466.1
MG;897.9
RN;592.1
DF;439.8
RJ;681.8
RJ;624.3
MA;643.9
SP;624.9
BA;528.6
CE;496.2
GO;466.8
MG;549.2
SP;630.2
CE;509.7
BA;462.9
BA;
RS;584.2
CE;488.8
RS;730.7
BA;494.3
BA;557.6
AM;446.8
BA;588.7
DF;
SP;659.8
RS;588.6
RS;697.0
PA;459.9
RJ;773.8
GO;
MT;429.5
MG;731.3
MG;520.7
BA;
BA;
RN;613.6
RN;673.5
AP;380.3
PB;391.3
BA;591.9
CE;562.7
CE;
TO;437.6
BA;493.3
CE;539.9
SP;
RJ;462.8
GO;456.3
PE;
RS;464.8
CE;559.7
MG;462.1
PE;
TO;
MA;609.5
SP;656.1
PB;
MA;364.8
BA;612.6
BA;469.9
SE;470.1
SP;541.4
BA;568.1
BA;421.8
CE;
AC;
DF;
SP;512.5
CE;394.0
RJ;671.9
CE;
BA;577.6
GO;625.7
RJ;426.6
MG;688.2
BA;450.1
SE;575.1
PR;620.0
GO;587.1
SC;821.8
RJ;605.2
PA;382.3
PE;433.7
BA;543.2
PE;524.3
CE;461.3
MG;
PI;
MG;
BA;493.9
PR;595.5
ES;397.7
RJ;648.1
RJ;
SE;663.4
PE;400.4
MG;
SP;789.6
GO;451.5
AL;
PI;622.5
MG;512.8
PE;583.7
RJ;780.9
PB;552.9
SP;
PE;
CE;387.3
BA;659.7
GO;537.7
MG;731.7
CE;480.4
MG;707.0
SC;386.0
DF;
RJ;427.6
RJ;661.3
RJ;507.0
BA;391.3
PE;799.7
PE;571.7
PA;616.1
BA;577.8
PE;
AC;427.6
BA;513.2
CE;408.4
PE;
RJ;601.0
DF;517.9
MG;566.9
MG;
PA;
SC;722.5
MG;
BA;
BA;
RO;
MA;437.3
CE;476.2
RN;
ES;531.9
MG;
PA;606.4
PB;653.6
RJ;688.7
GO;
MG;523.4
RJ;
SC;623.9
TO;502.0
DF;471.5
SC;576.4
RS;525.1
RS;512.3
SP;618.4
RN;551.0
PE;488.9
BA;427.0
CE;574.1
MA;569.2
RN;515.3
AC;403.2
SP;602.1
CE;779.1
BA;568.7
ES;441.9
RJ;372.4
CE;
SE;675.5
CE;612.7
CE;725.4
SP;
CE;427.5
MG;560.8
AL;472.0
PE;365.1
GO;
CE;474.5
MA;653.0
MG;449.6
GO;458.1
SC;629.8
SP;690.9
PA;642.7
SP;503.0
SP;434.8
SP;645.3
MG;652.7
PE;
BA;
GO;619.6
CE;463.8
BA;619.1
PA;494.9
CE;541.8
MA;
RJ;
TO;
BA;440.6
PE;
CE;426.2
RJ;
CE;
ES;
GO;
SP;422.2
RS;
PA;520.0
MA;494.3
CE;652.5
RN;551.6
ES;
PA;458.3
SC;
BA;
SP;515.9
PA;
BA;560.9
RJ;457.5
BA;501.4
AC;644.5
CE;435.1
PA;
PA;443.2
MG;482.9
CE;483.9
PI;519.7
CE;775.3
PA;484.8
RS;473.1
DF;443.1
CE;440.2
SP;514.6
SP;683.8
PE;480.4
RJ;397.5
PA;
MG;678.2
PE;482.9
MG;532.1
GO;577.7
MG;724.0
AL;673.4
SP;649.3
AL;431.7
RS;711.8
PI;607.8
GO;665.6
PI;764.2
GO;
GO;
SE;481.4
GO;533.2
PA;470.3
SP;470.5
SP;790.2
SP;447.7
CE;543.4
PA;420.2
PE;
SP;
BA;409.6
RN;602.2
MG;525.5
MA;442.4
RJ;601.1
MG;476.8
ES;440.0
PB;570.8
RS;704.1
PE;437.6
CE;481.7
SP;677.1
CE;622.7
PE;
MG;448.7
PE;536.4
BA;520.6
PI;506.2
PR;
CE;555.7
RJ;535.3
BA;606.2
SP;
MA;406.5
MG;453.8
GO;607.9
SE;718.8
BA;
PA;417.0
PI;414.8
PR;
SP;
MA;769.9
PI;547.9
PR;
SP;377.0
MG;624.8
PA;403.0
RJ;630.9
SP;620.3
RS;578.3
TO;477.5
RS;438.5
CE;407.8
AL;436.5
MG;550.3
RJ;606.5
MG;491.6
MA;492.5
GO;549.5
CE;450.1
DF;539.4
PR;515.2
CE;539.9
PE;575.6
GO;609.1
MG;667.9
AM;
PR;796.6
MG;464.4
ES;698.8
SP;614.6
CE;588.4
CE;
SP;
GO;492.4
SP;576.9
BA;468.3
MG;596.7
SP;
MA;434.5
MT;562.9
BA;499.0
DF;481.8
MG;665.2
BA;751.3
SE;462.0
PE;493.1
BA;
PR;452.1
PR;396.3
SE;416.8
SE;547.2
RS;520.5
MG;
CE;
PA;594.7
RJ;588.6
GO;470.0
CE;481.7
MG;747.9
SP;761.6
CE;573.3
MA;526.2
PI;505.7
RN;566.2
RJ;473.7
MG;523.4
DF;639.5
CE;515.9
RJ;388.5
SP;
RO;514.3
BA;472.4
PR;426.9
PR;405.5
PE;403.3
CE;450.9
CE;
PA;856.5
SE;487.9
CE;435.2
PA;507.0
AL;433.2
PA;392.0
MT;
CE;386.2
PB;578.0
MG;490.0
RN;572.8
RN;609.8
TO;420.7
MA;768.1
SP;493.6
SP;
MT;387.3
PB;788.5
PA;479.7
RS;885.7
SP;440.4
MG;587.4
SP;567.5
PR;640.2
MG;839.8
RS;584.9
DF;
RJ;451.2
MT;418.7
SE;435.5
CE;676.5
MG;509.2
SC;
CE;
CE;400.1
PE;
SP;676.6
CE;676.1
SE;390.9
CE;734.2
CE;581.1
GO;399.8
PE;431.7
RN;
PR;669.2
RJ;466.7
CE;427.5
BA;693.5
PE;
SP;683.5
RJ;698.6
PA;431.0
BA;378.7
MS;635.8
RJ;661.1
SP;700.6
CE;467.6
MA;686.4
DF;715.8
SP;713.6
SP;658.0
GO;
MG;659.8
MG;702.6
MG;419.6
PA;
SE;423.4
MT;433.7
DF;750.4
MG;553.8
TO;606.3
MG;
PR;
PR;
ES;771.1
SE;566.4
PE;660.0
PA;413.4
CE;
SP;531.7
SP;
PA;492.4
GO;
PB;422.6
GO;531.7
SC;620.3
SP;586.0
MG;845.2
MG;439.6
PB;474.7
RJ;445.2
CE;
MG;650.2
RJ;614.2
MG;
AP;723.5
CE;615.9
SP;461.2
AM;435.8
RJ;653.7
RO;573.8
PE;
GO;481.9
PA;426.6
RN;406.1
PB;711.1
MG;679.9
BA;435.7
MG;556.6
BA;469.8
DF;
TO;461.3
AL;402.4
PE;716.2
CE;472.8
MA;525.5
MG;
GO;447.6
MG;
CE;410.3
GO;
MA;
SP;537.1
MG;
SP;465.6
SP;794.0
BA;404.6
SP;
SP;452.8
CE;
SC;434.2
PA;
PI;687.3
MS;501.7
RS;489.2
CE;412.9
PR;540.4
MG;420.6
CE;
SP;547.9
DF;546.6
PB;854.8
TO;393.5
SP;515.8
BA;
MA;570.0
SP;421.1
BA;617.7
PR;453.0
SC;716.3
BA;
AM;572.0
CE;387.1
CE;441.0
CE;
PB;579.6
CE;597.7
BA;459.0
MG;429.9
SP;561.2
CE;428.9
BA;496.7
RJ;621.0
MG;
MS;457.8
SP;731.0
SP;514.0
PA;
BA;
BA;408.3
SE;457.2
PA;485.9
MG;765.6
SE;544.2
PR;394.7
MG;693.4
RN;500.6
AL;681.7
PR;472.3
MA;618.8
PB;475.9
CE;
TO;
SC;412.8
BA;654.7
SP;811.2
MA;
CE;
MG;452.1
SP;804.7
GO;703.7
GO;484.4
GO;504.5
RJ;478.7
PR;580.4
SP;563.3
CE;635.1
GO;
BA;422.5
SP;707.6
CE;411.3
BA;
GO;665.4
MG;651.4
PA;404.9
SP;461.4
PA;518.3
GO;649.2
CE;472.8
CE;
SP;654.6
RS;663.6
PE;409.6
PE;
PI;
PB;802.7
PR;755.5
SE;466.5
RJ;403.9
BA;650.8
PE;423.3
PA;429.2
BA;586.9
SC;
MG;543.7
BA;754.4
BA;425.2
AM;422.3
PE;764.8
MA;470.3
MG;
PA;500.2
AL;605.7
MG;606.8
MG;702.2
MG;372.0
SP;438.7
CE;445.6
SP;706.6
PA;
ES;635.1
MG;381.8
RJ;497.4
PA;448.6
MG;529.6
PR;415.7
BA;613.8
RN;587.8
SP;644.3
RO;
BA;514.6
PB;783.8
SE;372.3
BA;543.5
SP;430.1
CE;786.7
ES;637.6
MG;651.3
AM;503.7
SP;519.9
CE;601.3
MG;
AC;550.3
MA;436.1
RJ;679.7
CE;528.2
GO;476.7
MG;629.7
GO;441.4
RJ;622.7
BA;434.9
SP;640.7
GO;770.0
RJ;645.9
SP;673.8
GO;432.0
SP;691.6
PA;779.1
MG;671.5
PE;763.9
BA;
GO;
CE;712.7
GO;570.4
BA;525.8
GO;469.0
RS;642.8
RJ;479.0
ES;
PR;374.9
SP;762.3
RS;
MG;
GO;638.1
BA;521.3
PA;516.6
RJ;764.0
SP;510.7
CE;
BA;448.0
SE;392.8
RO;443.2
MG;
BA;520.4
SP;
RJ;709.3
GO;
RS;472.7
CE;
CE;574.5
PR;601.1
PE;395.8
PA;420.8
GO;431.4
SP;
AL;
MG;419.7
BA;483.1
RJ;570.1
CE;
GO;598.1
MG;497.2
AM;474.1
BA;540.9
RS;449.6
PB;430.3
SP;491.8
SP;535.5
PR;
CE;
RS;602.5
AL;
MG;596.8
MG;493.9
ES;694.9
RS;454.1
GO;
RN;
PB;717.1
BA;429.3
MA;379.3
RJ;
PI;456.9
PA;471.8
BA;
GO;613.8
RJ;494.6
CE;530.0
MT;438.5
BA;476.1
SP;
RS;523.9
TO;412.4
MG;582.8
GO;
PI;484.2
PR;
RJ;633.4
RN;609.5
RJ;667.2
PB;
MG;452.0
BA;
SP;759.7
PB;424.5
SP;802.8
MG;489.7
RJ;660.0
GO;
AL;487.2
CE;495.7
MG;669.3
PB;
CE;612.4
RJ;
PR;
CE;
MT;521.2
SP;431.6
PR;642.4
DF;646.1
PA;
SP;422.6
SP;405.2
AM;436.4
PI;723.3
CE;531.1
MG;713.8
BA;538.9
GO;667.9
GO;
MG;480.4
AC;649.1
MS;462.4
MG;713.8
CE;
MA;390.1
MA;448.2
PA;414.8
SE;661.8
BA;436.1
CE;657.0
PA;659.3
ES;678.1
SP;443.1
SP;611.3
MA;559.5
GO;
RJ;485.7
PE;510.7
RJ;776.6
BA;
BA;418.7
AL;486.2
BA;458.8
CE;561.5
MS;474.2
BA;529.0
RJ;690.2
PI;
GO;377.4
MA;444.9
BA;
GO;
GO;358.8
MA;612.5
RJ;
SC;647.1
PB;
MA;422.4
MG;406.5
BA;404.7
PA;513.2
MA;548.9
CE;482.9
PA;385.1
MG;390.6
PE;610.1
CE;436.0
PA;536.6
PA;595.3
PE;
PI;568.9
GO;421.9
SP;450.5
AP;416.3
GO;
GO;509.6
PR;647.2
PE;578.2
BA;518.6
MG;
CE;567.9
PR;666.4
TO;391.4
SE;488.4
MA;
PE;596.6
RN;
BA;436.4
PE;417.0
MG;578.9
PB;490.8
RS;556.1
CE;642.6
SP;523.1
SP;686.9
MG;583.8
PI;
PE;706.8
PR;499.9
DF;626.8
GO;414.4
TO;443.6
BA;653.1
CE;
PR;765.8
PA;663.1
PE;567.7
PI;594.0
CE;511.0
CE;473.5
AM;364.2
BA;504.9
PR;469.6
CE;
PI;605.5
RS;792.9
MG;651.8
PA;637.8
RN;455.6
RS;671.4
PI;688.2
SP;599.2
AL;529.7
CE;914.4
BA;484.3
GO;628.7
SP;683.0
RJ;485.7
RR;
AM;883.4
PE;
AL;460.8
PE;526.6
RN;
RJ;646.9
PE;437.5
MG;594.9
RJ;474.9
MG;639.9
PA;611.0
CE;
CE;494.5
BA;537.2
GO;479.8
CE;700.8
PI;482.6
SP;402.6
MG;607.5
PB;690.3
PA;529.1
RN;596.2
BA;465.5
BA;609.3
PB;437.3
MG;815.2
MG;626.4
SP;450.8
MA;428.9
PA;494.1
AM;440.1
RS;565.2
MG;583.1
PI;692.9
PR;444.7
DF;407.7
CE;433.0
CE;450.9
SP;476.5
GO;620.8
MA;
AL;775.3
SP;456.9
SE;395.7
MG;537.3
PI;
PA;
MG;609.2
SP;
TO;605.4
PA;612.4
CE;410.2
GO;424.5
RN;
SP;660.3
MS;
CE;
GO;470.2
PA;
GO;629.3
PB;
PA;697.4
SP;594.4
RS;606.2
MA;690.5
DF;
PR;398.4
GO;634.1
BA;404.9
MG;588.0
MG;481.4
SE;503.1
PE;
PA;425.2
RN;
MA;508.3
MT;
PA;445.2
RJ;557.3
SC;536.4
RS;592.7
SP;468.8
MA;
PE;398.4
CE;
PE;544.0
RJ;747.5
PA;421.0
CE;502.8
PR;475.1
BA;
GO;451.7
AL;572.5
ES;527.7
ES;477.5
MG;
PA;609.2
SP;
PA;606.2
SP;695.2
BA;623.5
SP;630.7
PA;665.4
SP;477.3
RJ;
SP;639.2
PE;405.1
PA;
SP;579.0
PB;367.3
AL;
GO;
GO;780.9
AM;
AM;454.8
RJ;439.4
MA;471.4
CE;365.5
BA;457.9
MG;
CE;540.0
PE;521.7
CE;552.7
SP;607.0
MG;682.6
SE;438.1
PB;440.5
PB;462.5
CE;435.1
GO;600.7
BA;511.7
MG;692.8
MG;364.9
SP;663.3
RS;647.5
MG;
PE;461.7
SP;
PE;486.4
SE;669.8
PA;426.7
SP;722.0
CE;660.1
PE;572.9
MG;823.6
CE;
MG;466.8
CE;464.7
MT;449.8
PA;561.9
PR;723.2
MG;582.1
SP;746.8
BA;433.7
SP;
MG;
BA;
SP;737.3
PA;
RN;516.2
RN;664.2
MG;
GO;682.8
PA;382.7
CE;489.6
SP;556.0
SE;460.9
BA;599.2
CE;454.8
SP;579.9
BA;422.6
AC;392.1
GO;419.9
PA;478.1
GO;481.5
CE;511.0
CE;556.7
PE;642.7
CE;629.1
GO;
GO;
CE;421.2
RJ;416.4
RN;532.2
CE;517.6
AM;534.6
CE;442.8
MA;538.7
PA;
CE;
PA;387.2
CE;393.3
PB;718.0
MG;393.5
GO;484.2
MG;434.6
RO;410.4
RN;436.0
GO;419.6
PB;441.7
MG;
SE;492.5
PR;
CE;
PA;433.7
MG;596.1
RS;488.3
BA;508.2
MG;655.0
MT;682.3
CE;500.6
PR;
CE;398.8
TO;
PA;410.7
RS;647.3
GO;520.3
PA;643.7
PA;
GO;479.5
SC;593.3
RJ;528.5
BA;457.4
AL;
SP;365.8
MG;421.8
RO;406.8
ES;688.5
RN;550.2
RO;711.0
PR;524.7
RJ;
MG;467.9
MG;493.2
PE;468.2
BA;375.5
SP;678.8
AC;461.4
PR;652.8
MS;360.0
MA;399.5
PE;517.5
SP;668.2
AL;434.6
GO;501.3
BA;553.0
AM;611.1
GO;667.2
BA;631.6
MS;376.9
GO;456.5
RJ;565.7
BA;661.5
BA;550.2
BA;584.2
PB;696.5
CE;455.5
CE;435.4
SP;465.5
RS;674.8
PE;437.0
GO;412.9
SP;406.3
GO;
PE;393.3
BA;410.8
PE;408.1
CE;
SP;
AM;393.3
RS;629.5
GO;
GO;384.9
PB;480.3
BA;
DF;
RS;589.1
SE;418.8
PE;427.0
TO;677.8
CE;
MT;423.4
MG;
SP;853.7
PR;540.6
DF;394.2
GO;
SP;
MG;632.7
SP;515.0
GO;415.4
BA;693.8
PA;
BA;512.2
MG;690.7
PA;564.9
SP;375.3
BA;526.5
SP;682.6
RS;
RS;489.1
MA;486.9
PA;568.2
AM;410.9
PA;623.1
MA;562.5
RS;430.8
GO;402.2
MT;505.8
GO;428.3
PB;477.2
GO;399.8
MT;463.0
CE;
CE;623.7
GO;538.3
PI;
MG;
SE;505.2
SP;780.1
SP;457.5
SP;413.7
TO;465.5
SP;458.5
SP;
PB;
MG;
RJ;718.5
PA;575.2
GO;
CE;
BA;416.7
BA;578.4
PB;443.0
CE;
AL;461.5
BA;665.3
CE;451.5
BA;600.0
TO;434.6
PE;
PB;803.9
CE;
GO;404.6
SC;
GO;500.3
MG;445.6
AM;436.5
MA;495.5
BA;
PA;
MG;718.6
MG;447.0
CE;
SC;
CE;842.3
SP;697.8
BA;604.5
PB;385.1
CE;655.0
AM;745.0
MG;411.4
GO;553.7
PI;631.5
SP;562.0
PR;511.5
BA;413.6
PB;
CE;419.4
BA;491.9
PE;
GO;411.0
GO;526.9
PE;601.7
RJ;
SP;509.0
RN;514.9
SP;502.6
MG;505.8
GO;523.3
MG;680.0
MG;540.0
MG;
BA;532.0
SP;
PE;396.4
BA;
MG;794.3
RN;411.7
CE;612.5
AM;543.4
PE;562.7
BA;483.4
PB;602.1
CE;587.7
SP;648.0
PB;462.1
PI;521.6
PE;570.6
SP;
CE;
MG;461.0
RJ;374.1
AL;625.9
PI;549.6
BA;421.3
CE;
CE;
RN;586.5
RJ;717.2
MA;512.0
MG;715.9
GO;
RJ;467.8
CE;570.8
GO;368.4
MA;635.5
SC;492.9
PR;431.8
SP;554.0
GO;508.6
SP;
RS;495.1
RJ;771.4
PE;383.2
BA;701.6
TO;439.3
MG;438.8
TO;470.7
BA;481.8
SE;450.9
SE;
BA;622.7
PB;685.4
RS;672.5
RJ;729.8
GO;695.2
CE;523.1
PA;
BA;456.1
PR;578.5
BA;423.8
MG;609.7
BA;610.7
CE;695.6
AM;474.6
DF;
MG;713.3
GO;568.4
BA;440.7
SC;608.6
CE;
PE;681.7
PR;410.3
RS;627.2
RS;
MG;
PI;717.7
SP;461.1
SP;
BA;423.9
BA;
RN;
GO;557.8
PA;573.2
SP;734.6
CE;487.3
CE;640.3
RJ;568.7
GO;432.4
SC;539.9
PB;418.0
PA;395.9
CE;522.1
CE;863.4
SP;778.8
CE;498.1
PI;501.5
GO;
GO;403.3
CE;
MA;378.7
RN;
MG;765.6
BA;
PR;442.4
AL;436.4
CE;469.2
SP;
MG;440.5
RJ;575.2
PA;495.2
BA;585.1
MG;639.7
SP;685.2
GO;708.8
MG;590.3
MG;
SE;702.1
PE;398.5
RS;606.7
BA;498.1
SP;
PE;492.9
PE;406.1
PI;474.1
RJ;495.2
CE;389.5
MG;769.8
MG;588.5
CE;462.4
AP;407.0
PA;
RJ;
DF;486.3
PA;464.3
CE;821.8
PA;501.1
RS;646.0
MT;467.7
PE;445.4
MA;418.6
PR;579.8
DF;453.0
PI;444.2
PE;903.5
CE;378.4
MA;588.4
RN;524.2
BA;534.7
SP;
PI;
SP;
MG;522.1
BA;718.2
SP;516.1
RJ;704.4
RJ;420.2
MT;412.5
GO;421.0
MG;643.5
CE;657.9
MA;
MT;698.7
SP;498.1
SE;589.2
CE;440.1
CE;421.9
SP;
CE;517.0
GO;431.8
MA;482.0
MG;
PI;554.5
BA;531.9
PR;508.0
BA;590.1
RS;597.5
RN;567.9
RJ;468.7
SC;618.8
RN;
GO;412.7
PE;547.9
DF;539.8
RJ;605.4
MG;565.2
BA;466.5
BA;569.1
RJ;
CE;505.3
RJ;459.5
RN;
PE;689.1
MG;807.8
SP;
RN;
RJ;565.1
CE;
BA;603.4
GO;
AL;448.3
RN;523.1
BA;606.2
MG;512.2
RJ;512.5
CE;600.2
PI;
RJ;494.6
PI;503.0
SP;458.0
PR;520.1
MA;442.6
SP;453.1
RS;611.3
CE;392.4
SP;518.9
SP;713.3
CE;538.2
RN;547.2
SP;520.4
GO;
PA;
SP;
BA;643.6
SE;
MG;474.7
SP;
CE;637.2
MG;
GO;
ES;570.6
PA;454.1
PE;530.1
GO;
RN;461.2
CE;508.8
BA;462.1
RS;566.2
RJ;420.5
MS;675.7
GO;610.1
MA;444.2
ES;488.3
MT;442.2
RJ;498.3
GO;391.2
GO;
PB;453.2
GO;488.9
PB;718.5
BA;499.2
PE;
CE;460.0
SC;
MG;671.1
PI;
RN;735.7
PB;438.2
RJ;427.3
BA;
PE;578.5
MA;
SE;551.9
PE;
PI;
PE;430.2
SP;656.6
PE;737.7
SP;596.4
MA;481.8
SP;657.3
PA;
RN;447.2
MG;624.0
PB;
MG;833.3
CE;566.6
GO;444.3
CE;561.9
SP;502.4
RJ;
SC;502.6
RN;
ES;665.8
MA;
PI;471.6
CE;
MS;407.4
SE;588.4
CE;483.5
CE;460.2
RS;508.8
PE;
MG;665.2
MG;672.4
GO;505.5
PR;
SP;669.5
RS;490.5
CE;
GO;404.2
SE;371.5
MG;
PR;421.6
PI;545.7
RO;406.5
GO;
PB;485.9
PE;414.8
SP;468.3
MG;517.7
RJ;540.8
PR;576.1
SE;428.8
BA;387.1
GO;511.1
PI;495.0
BA;423.7
GO;
GO;
BA;462.9
SP;442.3
CE;489.4
CE;440.6
BA;
RJ;570.1
RS;
RJ;
RN;499.3
PR;395.0
RJ;
BA;594.7
RJ;618.6
MA;398.7
BA;562.2
PR;
CE;
CE;600.6
CE;542.8
PE;707.6
MG;473.4
RJ;421.5
PA;403.6
PA;660.0
CE;615.1
PI;533.9
CE;579.3
MA;419.9
PI;761.0
RJ;
SP;585.9
MG;563.2
PB;444.0
RS;
PI;547.7
SP;389.3
GO;483.1
ES;578.8
RN;
PR;703.0
RJ;861.8
CE;
MG;618.7
DF;
BA;467.6
RJ;455.6
RN;688.8
GO;478.6
MG;476.2
SE;399.4
PR;432.2
MA;743.4
PI;425.2
RS;623.6
MA;598.4
CE;
SE;431.7
MA;561.3
PB;
MA;544.0
BA;500.7
CE;402.2
SC;477.0
GO;
PB;763.3
SP;778.3
SP;487.5
SE;716.4
SP;538.5
GO;690.7
AP;552.5
RN;367.6
RJ;629.1
CE;735.0
SP;621.0
RJ;442.8
PB;468.8
CE;
PI;
MG;
CE;421.7
DF;491.6
CE;
RJ;540.4
AL;510.4
PR;
CE;
PI;493.2
AM;376.3
SP;
CE;441.1
SP;
PE;435.8
GO;430.9
CE;
MG;625.3
SP;563.2
GO;
BA;604.9
BA;545.5
MG;462.6
PR;472.4
CE;412.1
CE;500.8
CE;
SP;
PA;404.9
BA;
GO;
TO;441.9
MA;471.4
CE;582.4
PR;634.1
PE;392.4
CE;
PE;404.4
SP;
RS;536.9
SE;444.8
RJ;384.6
PE;528.2
GO;
SP;627.9
PE;
RJ;679.8
SP;
ES;
CE;
BA;
BA;577.5
BA;431.5
PE;377.0
SC;649.4
BA;524.4
RJ;561.4
GO;443.7
PE;
PB;827.5
CE;
SP;
CE;506.1
MG;
SP;497.3
PE;542.0
RS;
PA;445.7
CE;730.5
MG;458.6
PA;
CE;
SC;375.9
MA;482.4
SP;
GO;
RS;582.2
MG;658.5
AL;505.7
MA;392.3
CE;459.6
RS;749.5
RJ;
GO;
SP;
RS;676.0
MG;381.1
RS;
GO;567.1
BA;
MT;
PI;448.1
SP;
PA;627.8
TO;429.2
PA;667.8
PA;588.2
ES;426.5
RO;470.2
GO;581.2
BA;545.1
BA;446.1
PI;
ES;563.2
CE;
CE;375.5
ES;664.0
AM;573.8
PB;401.7
PA;499.5
PA;473.8
CE;746.1
PB;489.7
RS;702.4
MG;599.1
DF;637.0
RJ;457.3
PR;584.4
SP;781.3
PR;698.4
PE;592.2
RJ;639.4
PA;
CE;383.6
CE;
RJ;
MG;594.5
SP;492.1
BA;
MA;503.8
BA;625.6
RJ;443.9
CE;
GO;503.9
CE;
SE;465.5
MG;
DF;
BA;860.2
PB;389.5
ES;548.6
MG;
PE;648.9
BA;
AM;
PI;
MG;
PA;369.5
RS;649.1
SP;688.1
CE;403.8
SP;659.0
GO;
MA;392.4
PE;
SC;652.8
MA;540.4
CE;767.5
GO;475.3
SP;656.6
RJ;429.6
GO;
GO;476.9
MA;464.2
MG;648.5
RJ;545.6
PR;791.9
MA;467.6
PB;
MG;436.4
MG;375.6
CE;427.6
PA;416.1
MG;431.1
PE;555.0
ES;528.2
PB;415.6
PE;
MT;631.6
AM;
AC;605.3
MG;
MG;
MG;410.3
PE;652.0
CE;580.6
GO;482.6
PA;485.8
MA;383.5
CE;381.5
GO;445.9
ES;
MT;397.8
ES;555.3
SP;794.6
PR;603.7
CE;416.0
CE;546.9
MG;673.3
GO;617.9
BA;434.0
MA;457.2
MA;394.6
BA;
RS;476.5
RO;479.8
CE;544.0
BA;388.5
CE;401.5
RJ;400.3
BA;505.3
RS;522.4
PE;674.1
SP;744.1
PA;422.4
GO;569.1
MG;696.7
CE;416.0
AP;676.8
MG;507.1
PI;407.2
BA;513.5
BA;
BA;667.8
MG;448.1
CE;545.4
MS;448.9
RJ;483.6
RS;843.5
RJ;
BA;496.0
MA;
RJ;515.8
PE;516.0
SP;
MG;
TO;716.8
MS;442.3
RS;521.9
RS;613.9
PA;447.2
SP;754.7
BA;
PA;458.4
MA;485.2
PI;510.4
PR;
CE;608.4
CE;451.5
RJ;
PA;373.0
MT;
CE;569.9
CE;429.9
AM;493.7
PB;377.7
DF;445.7
PB;
RS;
PI;410.7
PR;
RN;481.0
GO;434.3
PE;535.9
BA;468.4
MG;606.4
CE;599.9
SP;424.2
GO;467.8
PR;654.2
AL;423.8
BA;392.9
CE;
GO;606.7
RS;621.0
BA;399.3
BA;373.8
GO;456.7
PR;
MG;643.0
RJ;620.1
BA;442.2
MG;647.9
SP;
TO;388.0
BA;627.8
GO;925.1
RJ;575.3
RJ;502.1
GO;465.3
MG;
RJ;789.0
RJ;442.3
PB;684.0
SP;
MG;654.0
RS;610.5
PB;639.5
ES;
GO;396.1
GO;506.7
MG;435.0
PI;636.3
RJ;724.5
CE;508.9
RJ;
GO;
BA;528.0
PE;605.6
SC;
PB;416.6
BA;612.7
RN;609.2
SP;484.6
GO;
CE;471.0
BA;
PE;
PI;417.0
SE;780.3
BA;
BA;
MA;561.5
CE;
PR;
PE;566.6
MA;
ES;562.2
SP;619.9
RO;
PA;519.5
ES;612.2
PR;416.7
GO;450.9
SE;622.4
PB;444.8
RS;
GO;472.0
SP;399.6
GO;401.4
RJ;
BA;557.6
MG;586.4
PA;437.0
SC;626.9
GO;695.7
GO;429.8
GO;627.5
MT;594.9
PB;418.8
PE;
BA;482.7
PE;412.0
GO;695.1
RO;535.0
SP;
RN;557.8
PB;
GO;666.5
AM;410.1
PI;587.8
MT;678.1
RS;443.1
RJ;675.1
PB;
BA;417.7
SP;664.0
BA;583.9
GO;402.5
ES;607.6
CE;
MA;
ES;
CE;
SE;797.5
MT;453.8
GO;
PA;423.9
CE;
SC;433.4
MG;681.7
RS;662.7
RJ;408.6
SP;
MT;477.0
CE;548.6
PA;469.6
CE;
RJ;732.0
CE;403.7
GO;543.3
GO;
SE;670.8
MA;434.7
MG;
SP;
MG;621.6
MA;425.5
MA;453.2
RN;396.6
MS;666.9
MG;670.9
MA;434.7
RJ;725.2
PI;455.6
PA;520.8
DF;608.1
RJ;545.0
MA;
GO;524.7
SP;
MT;579.9
DF;392.4
PE;
ES;681.5
SP;496.8
BA;462.8
DF;693.1
PA;671.4
GO;
SP;754.1
MG;697.9
PA;437.8
BA;
PB;666.5
SE;414.7
PI;417.4
AC;
MG;634.8
CE;623.2
MA;470.4
PA;551.5
RJ;642.7
SE;417.8
CE;
MG;
PI;
RJ;535.5
SP;535.1
PR;658.3
CE;446.3
GO;574.5
PA;
PI;414.0
SP;507.1
BA;373.0
PE;626.4
PE;777.3
MG;436.2
AP;
BA;480.3
CE;454.8
PR;588.3
PE;559.5
CE;388.9
GO;436.4
GO;
BA;484.2
CE;554.4
PE;
MA;426.4
PA;518.5
MG;396.6
SP;464.8
AM;
MT;387.4
RS;667.0
SP;599.4
PR;482.8
BA;
PR;
BA;
CE;423.4
MA;449.4
PE;508.0
RJ;509.5
PE;664.8
RJ;
PB;479.8
RJ;426.2
RJ;561.7
PI;520.6
MA;606.4
MA;590.9
SP;538.5
ES;427.3
BA;
RS;505.2
PA;411.0
SP;
TO;387.9
RN;413.6
PB;594.8
CE;561.0
CE;418.4
MG;472.2
GO;433.7
SP;413.4
TO;555.2
SP;
GO;
CE;536.2
BA;550.4
PB;763.5
PR;451.8
PR;
CE;418.8
PE;386.6
ES;
CE;554.5
RJ;645.3
PA;535.7
PA;
BA;466.6
SP;
MA;
RJ;508.8
CE;
PB;618.4
RO;603.3
CE;729.6
SP;463.6
AP;448.5
PA;470.6
PA;
PA;400.4
CE;
CE;548.0
SP;
CE;492.2
AL;701.3
PA;561.4
AM;611.9
PI;616.7
PE;449.1
RJ;
MG;453.4
RN;479.5
PE;572.9
RN;609.2
CE;478.4
PE;673.4
GO;
PB;441.5
CE;793.2
CE;554.2
GO;456.2
MG;
RJ;433.8
GO;534.3
MT;
RJ;399.2
MG;675.5
MG;564.7
PE;423.0
CE;521.7
RJ;400.8
RN;646.5
CE;729.3
PE;
CE;387.9
MT;476.4
PA;489.6
ES;719.9
SE;796.1
SP;420.8
PA;359.9
PE;497.6
BA;507.8
DF;806.5
MG;438.4
PA;425.3
SP;812.4
SP;705.2
AP;
PR;
CE;435.6
MG;632.9
RS;549.2
PB;417.7
MG;504.1
SE;401.0
GO;
MA;416.8
SP;643.8
BA;424.4
PI;580.3
MG;586.2
CE;427.0
SP;526.9
CE;609.9
MG;525.4
PA;
DF;362.1
RN;531.6
CE;420.3
CE;437.4
SP;664.6
GO;546.5
SP;490.7
RJ;521.9
CE;393.0
BA;449.5
MA;467.0
PB;469.9
SP;715.2
RJ;539.3
CE;462.1
PA;497.6
MS;456.8
PI;546.9
BA;529.0
TO;482.8
PE;
GO;
SP;564.7
MS;446.1
SP;595.5
SP;761.4
CE;401.1
SP;489.6
PA;485.0
SC;605.5
DF;727.8
MG;401.5
GO;425.2
PE;383.6
CE;
SP;650.0
PI;506.5
CE;439.5
PR;514.4
CE;431.6
PR;671.3
GO;
CE;
RS;
SC;
GO;552.2
AM;450.7
DF;
PB;
PB;430.6
PA;546.3
AM;
MG;515.9
CE;
PA;404.7
CE;530.3
PB;367.9
RS;
SP;394.5
RJ;625.7
PB;
PB;500.3
CE;615.8
PE;432.1
PI;
SC;552.9
PA;
MG;467.7
GO;473.6
AM;
MT;425.0
MG;479.7
PA;467.8
CE;
CE;427.5
CE;
SP;605.1
MA;
SP;563.4
BA;433.2
RJ;624.3
BA;412.7
SP;473.7
SC;560.9
ES;711.8
PA;515.1
MS;455.5
ES;663.9
MG;499.7
CE;457.7
ES;381.8
MG;727.7
MT;454.1
CE;
ES;444.2
RJ;772.2
BA;530.3
RN;447.3
PB;502.8
PA;
ES;
PI;872.1
MG;526.5
BA;445.2
RJ;696.2
RO;
RS;381.2
PE;
RJ;499.5
TO;
RJ;416.6
MA;480.8
PE;812.0
CE;
RJ;
PR;416.1
SE;379.6
SP;668.5
BA;617.3
CE;474.1
PI;405.3
GO;
PA;
MG;615.3
SP;465.4
SP;742.4
MG;500.9
MG;
BA;456.1
SP;491.4
CE;438.0
GO;
TO;452.3
BA;810.1
SP;524.3
PI;399.1
CE;406.4
ES;655.6
RN;397.2
GO;
RO;
RO;681.6
PB;689.6
BA;556.1
RN;538.6
ES;767.8
PB;356.4
CE;
PI;
BA;691.3
BA;
RJ;
MA;485.0
SP;
PE;588.5
GO;400.1
PR;434.9
CE;641.3
BA;524.3
CE;782.4
PR;
AM;408.5
SP;483.7
DF;
BA;
MT;535.1
GO;
SP;568.5
RN;655.4
TO;374.7
MT;
RJ;701.2
PI;482.8
SP;542.5
AM;402.9
GO;419.9
RS;
PI;462.3
MA;590.1
PA;
PR;579.9
MA;435.8
PI;409.4
GO;445.6
BA;
RN;708.9
PI;
RJ;
SP;
RS;588.1
PE;476.3
RJ;
MG;629.6
PA;609.2
BA;419.6
PR;402.6
MG;732.2
SP;667.4
CE;700.7
CE;463.1
PE;383.9
DF;507.2
PR;652.5
MT;
CE;419.8
BA;
BA;376.4
MG;749.3
MG;441.0
GO;402.2
PI;620.8
PA;436.7
CE;407.1
SC;501.9
CE;695.1
RS;
MT;629.0
BA;546.9
MG;604.3
ES;495.4
ES;410.2
PR;496.9
MG;614.8
PB;
SP;702.3
RJ;627.6
ES;699.3
PE;642.9
RN;
SP;667.5
PI;514.0
PR;516.9
DF;661.3
BA;611.0
SP;633.7
MG;772.3
SE;
SP;436.2
MA;409.6
SE;418.7
RN;529.8
ES;440.5
GO;490.7
DF;441.2
PE;429.0
RO;
BA;561.1
PR;375.9
SP;711.8
CE;
DF;416.8
CE;636.7
GO;
SE;486.9
PE;460.8
GO;555.3
PB;
MA;
SE;389.7
BA;478.4
CE;
MG;525.9
MG;593.4
RN;691.0
SE;557.1
PI;557.6
SP;
AM;
MA;453.9
MS;695.4
PI;765.7
PB;547.0
CE;529.6
AL;421.9
CE;
GO;433.6
SC;
ES;630.9
PA;480.7
MS;405.3
DF;633.7
MA;501.3
SC;439.2
SE;564.0
MG;693.4
MA;387.2
PA;390.6
AL;
MG;677.4
AL;
ES;
MA;439.3
PA;802.5
PA;609.1
PE;538.1
CE;
PB;621.6
CE;420.8
BA;478.5
MA;
CE;558.8
MS;519.1
DF;598.1
MG;425.1
BA;502.9
CE;
RJ;393.7
GO;456.4
PR;645.5
PA;
CE;
MG;457.3
RJ;486.3
CE;664.1
BA;453.9
GO;401.0
CE;
PA;472.6
SP;455.8
PE;709.4
DF;636.4
BA;522.7
PB;510.6
CE;
BA;424.9
PI;560.1
GO;
BA;
SC;422.7
MG;711.5
AL;486.0
CE;
CE;533.9
SC;395.8
PB;487.8
CE;427.0
GO;606.1
MG;768.6
BA;481.9
BA;394.4
TO;447.0
PB;579.2
GO;412.6
PE;453.8
AM;397.8
PE;626.3
MG;446.8
SP;673.2
MS;441.1
CE;516.7
BA;
RJ;626.0
PR;866.7
CE;609.4
MG;
AM;435.1
RJ;
RJ;
RN;
PI;553.6
CE;404.5
RN;729.3
GO;443.4
MT;
DF;654.1
CE;530.2
PI;610.9
PA;483.2
SE;561.2
PI;758.1
SP;477.5
ES;443.1
RJ;700.8
CE;432.8
SP;
PA;501.0
BA;906.6
DF;
MG;763.8
CE;403.9
CE;428.6
SP;631.5
CE;500.2
CE;488.1
PB;417.6
AL;601.7
RJ;
BA;499.2
SP;657.2
MT;460.1
PR;462.0
PE;620.0
RJ;530.8
CE;
PR;473.7
BA;525.4
SP;
BA;524.4
SP;579.3
SP;614.9
SE;491.1
RO;
CE;
PA;495.4
BA;456.7
BA;
RJ;510.9
MG;607.4
MG;543.1
ES;
ES;618.4
GO;389.2
RS;479.9
BA;557.2
AM;584.2
CE;
PB;652.6
AM;509.3
GO;523.2
RJ;429.1
MT;675.8
RJ;
PE;675.4
RJ;688.5
SP;699.4
CE;
RS;543.1
GO;425.8
PR;472.4
GO;657.6
DF;677.3
RO;526.7
PA;385.7
RJ;417.3
BA;514.7
SP;704.7
MA;373.8
CE;370.7
CE;413.3
PB;439.0
RN;368.3
RJ;
SP;574.8
CE;
PR;559.7
TO;644.3
SE;584.1
MT;526.7
MG;475.9
PB;560.7
PI;577.8
RN;692.3
MT;367.6
CE;681.7
ES;595.2
GO;
RR;432.7
PI;695.7
PA;609.6
SE;
PA;359.0
PE;419.7
PR;463.6
PB;
GO;
RJ;765.9
MG;439.3
SC;
PE;
AL;
CE;390.3
PR;589.3
SP;
SP;
CE;395.9
PA;511.9
DF;
DF;601.5
CE;434.6
RN;498.2
SP;491.7
CE;603.9
RJ;414.3
PI;570.9
MG;527.6
ES;469.2
AM;391.6
RS;546.2
SP;539.0
GO;680.8
PA;
MG;737.2
MG;648.3
PA;892.7
MA;436.6
PI;
CE;569.9
RO;480.1
SP;513.3
CE;
SE;
MA;
BA;439.7
CE;480.8
SP;486.2
MG;667.2
SP;407.5
CE;548.3
AM;439.0
RJ;688.2
RS;694.5
GO;
BA;450.1
MA;434.2
SP;
CE;446.9
RS;649.4
CE;522.1
SP;444.7
MS;478.5
SP;483.3
MA;414.9
RN;598.4
MA;
DF;582.4
SP;431.1
PE;522.4
GO;
CE;
PA;544.3
RJ;566.3
TO;
PI;391.9
MA;393.5
RN;641.8
PR;
BA;
RN;
SE;
SP;713.3
MG;429.1
CE;621.7
SP;581.8
PE;584.4
RN;629.9
SE;741.7
RS;409.2
SC;615.0
RJ;695.0
GO;493.0
SP;423.6
PA;521.4
GO;491.9
PA;396.9
PE;512.5
SE;723.9
RJ;
RJ;506.1
CE;490.3
CE;448.4
PE;409.1
BA;422.1
SP;
CE;398.6
BA;660.6
CE;
PB;526.7
SP;571.8
RJ;463.4
PB;685.8
AL;
CE;728.3
MG;528.7
GO;471.9
SP;603.2
PA;434.9
SP;616.3
PA;394.8
RS;708.0
MG;476.0
RJ;466.6
RS;767.9
RJ;552.1
SP;586.7
PA;396.4
MA;445.7
MG;431.7
MG;
PE;521.1
MG;644.2
CE;469.5
SP;458.4
CE;412.9
PB;494.7
MA;527.8
ES;422.7
SP;418.4
PI;477.9
RO;439.9
PE;628.9
PR;539.2
GO;
RN;658.6
GO;427.3
GO;395.7
MG;566.7
CE;503.3
BA;461.7
PE;630.3
AL;
MA;492.9
BA;414.9
RJ;494.9
AM;434.8
MG;443.9
SP;419.6
MG;772.4
RJ;604.0
PA;
SP;457.9
RJ;367.9
BA;523.2
BA;649.4
RS;
MG;790.7
CE;455.7
CE;482.7
PA;570.1
PA;
BA;
PE;
RJ;535.0
RS;501.4
RJ;565.1
MA;
AP;505.2
PE;768.7
PA;605.8
RJ;580.5
RS;693.4
GO;
GO;537.6
SP;
MG;730.7
SP;
PR;400.7
CE;444.3
PI;
GO;487.1
GO;458.3
CE;447.9
SE;
PE;571.5
BA;477.8
SP;622.8
PE;625.7
GO;
BA;404.7
CE;
SP;
BA;542.7
PR;532.8
SP;545.5
CE;
RJ;446.9
SP;705.2
MA;479.9
RN;607.3
PI;505.3
MG;460.4
GO;554.5
MG;570.8
AL;555.9
SP;
GO;
SP;555.8
PA;577.7
GO;
DF;642.1
PE;680.3
RN;484.5
PI;569.0
CE;
CE;
GO;
PI;614.9
PA;533.0
MA;
PE;
CE;525.7
RJ;663.4
PE;381.6
PE;533.8
AM;383.4
SC;
CE;472.8
RJ;
PE;520.6
RN;438.7
TO;456.4
BA;429.7
SP;
GO;
CE;423.3
GO;442.6
RR;487.6
PA;539.1
PI;422.4
GO;616.5
CE;
CE;
CE;462.5
RJ;538.7
PA;521.1
SP;742.8
RO;411.1
PI;
MG;761.2
MG;627.4
SP;540.7
AP;
BA;477.2
SP;516.9
SE;405.8
PI;436.3
RJ;701.8
RJ;
PE;571.0
BA;
SP;540.8
AL;419.5
SP;804.4
PR;552.9
PE;547.9
SC;790.3
BA;669.5
MG;601.1
BA;392.4
PA;493.6
PE;
PI;579.8
CE;590.8
SP;455.0
PE;625.6
AM;611.5
RN;574.2
RJ;507.3
RJ;498.0
SP;601.4
PE;481.3
CE;412.1
SP;746.1
BA;489.6
RJ;609.0
PI;503.4
SC;484.8
AM;
CE;
SP;
DF;429.1
PE;443.5
CE;380.3
RJ;376.9
SE;472.2
BA;519.3
RJ;428.5
PA;
PA;568.0
GO;
MA;711.2
AL;695.0
MA;518.7
MG;
CE;608.4
MG;466.0
GO;
ES;524.4
SE;453.9
PB;386.1
CE;
SC;585.1
MG;458.3
PA;545.6
RJ;400.5
PE;560.4
CE;642.2
RO;534.6
SP;712.1
SP;428.6
GO;393.7
PE;
DF;586.9
PB;547.9
RS;740.2
RJ;557.2
PE;443.4
PA;447.1
SP;
CE;585.8
RO;577.7
RJ;469.8
BA;631.1
CE;
AM;720.8
PE;
PA;420.3
GO;475.9
ES;623.2
SP;709.8
PI;595.1
PE;512.0
MA;454.2
CE;497.4
BA;642.5
PA;507.6
PI;
CE;
CE;506.2
SP;558.1
SE;487.2
PB;
CE;
CE;392.3
BA;480.4
BA;427.2
MA;
MG;568.0
PE;398.7
BA;
BA;482.1
CE;440.8
PE;750.3
RJ;423.1
MT;441.1
TO;648.4
PR;575.9
MG;
CE;
BA;
CE;398.0
BA;663.1
GO;
PB;417.7
PI;
RJ;458.5
SC;629.2
SE;707.8
CE;382.2
RS;566.8
TO;444.0
CE;770.7
PE;417.7
MG;575.6
PE;
AL;462.0
CE;617.3
MA;
MA;527.3
BA;
PR;425.5
AL;547.9
PB;519.2
PB;463.7
CE;771.7
SP;704.5
MA;391.5
RS;498.5
PA;429.5
SP;691.0
PI;620.9
BA;601.7
GO;379.5
SE;
RN;481.0
MG;502.5
MG;
MG;780.0
ES;
BA;
RN;616.9
MG;419.9
PE;421.7
GO;516.7
CE;
PA;522.7
PB;548.2
MG;424.2
BA;
PR;574.3
PA;476.2
MG;413.2
PA;705.1
SE;615.2
PE;406.8
AM;427.1
RJ;657.4
GO;468.9
MA;480.8
MG;756.2
RS;
AC;477.9
RN;426.5
PA;450.4
MG;
SP;501.1
MG;
CE;
GO;
PR;545.9
MG;
PI;861.3
RS;514.3
MG;
MG;659.8
SE;402.9
PA;536.8
RN;726.4
GO;704.3
SE;482.8
PA;417.7
AL;
AM;
MG;
PI;466.5
CE;
PE;693.3
MG;637.4
RJ;400.5
RJ;405.4
SP;586.9
SE;395.5
GO;
SP;494.9
MA;455.9
SP;496.2
SP;
PI;445.9
RO;423.5
MG;386.9
PA;404.8
RR;505.4
GO;449.9
SP;
PE;
MG;561.7
SE;545.4
MA;422.6
SP;506.7
MG;800.1
MA;
BA;668.7
GO;
PB;424.1
AL;457.3
SC;
GO;639.5
PA;422.0
AC;525.8
MG;532.8
PE;825.9
PA;479.4
ES;772.0
BA;378.5
CE;532.2
DF;431.1
PB;
SP;763.3
RR;506.0
PE;833.9
SP;560.3
MA;
MG;696.6
SP;461.3
MA;660.2
RN;577.9
SP;480.9
BA;400.7
MG;770.5
BA;615.4
RJ;586.0
SP;512.4
BA;
BA;477.0
PI;544.0
SP;
GO;418.8
RS;481.3
SP;536.4
CE;382.3
RJ;459.0
PI;402.6
PE;
MG;411.8
SC;452.6
RJ;416.1
BA;
BA;
PE;
RJ;454.2
GO;548.0
GO;454.8
PR;434.0
BA;571.8
SP;522.7
CE;559.3
RN;
SP;411.9
RN;
DF;
PE;375.6
PB;
PI;708.2
SC;388.5
CE;
RJ;629.6
CE;634.3
PA;506.9
BA;692.1
SP;716.2
MG;
SP;
PA;559.7
CE;
BA;773.1
CE;804.6
SP;
AP;457.4
RJ;518.4
RO;572.2
MG;510.6
GO;459.3
PR;508.2
MG;
RS;461.6
RJ;613.0
RN;616.3
PI;
PI;
RS;552.6
BA;460.5
BA;
MG;433.3
RJ;458.8
MG;556.6
PE;515.6
MG;563.5
GO;530.3
CE;487.9
GO;493.5
SP;439.2
ES;623.8
MG;486.6
CE;
PA;474.4
PE;576.1
MG;627.8
DF;
PI;400.2
PR;668.0
RJ;427.6
PB;546.5
RJ;394.5
RJ;405.5
PA;424.3
MG;436.7
PA;481.3
RJ;616.5
SP;626.3
PE;790.2
MT;763.2
RJ;479.6
CE;448.5
GO;
SP;620.7
SP;649.4
SC;
BA;392.7
PB;486.8
PR;
PE;436.4
BA;707.5
MT;564.6
RN;403.9
MG;629.4
MS;402.4
CE;389.2
RJ;434.5
ES;
CE;851.7
BA;445.7
PB;488.2
CE;589.6
SP;692.3
PR;431.5
CE;449.3
PR;670.3
PB;464.4
DF;454.5
SC;656.0
SE;704.2
CE;
CE;467.9
PE;873.0
CE;469.7
MG;402.4
CE;576.8
GO;493.9
SP;
GO;404.1
PI;451.8
CE;
ES;523.4
PA;378.0
SP;
PI;472.7
CE;409.7
SE;462.7
MG;
SP;438.4
RJ;452.0
PA;474.8
RN;808.7
PR;498.8
SP;
RS;764.5
PA;421.2
RJ;843.9
GO;661.8
PB;477.1
PA;474.4
CE;426.7
BA;626.7
PE;565.3
PB;696.0
DF;400.8
RJ;451.5
RS;458.4
PE;486.9
ES;714.6
SP;620.0
PE;
SC;
PA;378.7
RS;524.3
RO;
SP;539.0
GO;558.7
CE;441.9
PB;501.5
CE;
RO;
BA;723.2
BA;464.1
RN;435.7
PB;419.7
PA;
PA;
RJ;415.6
PB;
GO;
RJ;838.1
BA;478.6
ES;
PR;646.4
CE;
MA;
BA;646.3
CE;
RJ;759.2
PB;577.3
PR;427.3
DF;
BA;424.9
MA;408.9
SP;625.3
GO;
PR;599.0
BA;
AM;
CE;
SP;621.4
MT;
GO;577.5
SC;578.1
ES;586.4
RO;405.2
ES;762.7
PI;513.2
PA;404.6
SP;607.8
MA;552.8
PI;562.3
SP;440.3
SP;536.0
RJ;550.6
GO;570.2
AL;776.4
CE;478.4
SP;557.3
MG;604.9
GO;493.5
GO;373.4
PE;
ES;696.4
RS;546.3
CE;
RN;583.4
SE;359.8
RN;686.9
PE;658.2
BA;
RJ;459.2
PE;611.9
RS;492.4
MA;433.6
GO;495.8
SE;738.9
MA;580.4
MG;553.6
PR;718.1
CE;
RJ;645.0
BA;622.5
DF;
PB;461.9
PB;459.7
PA;485.1
RO;574.0
SP;592.9
MG;566.6
CE;380.5
MG;433.9
PR;509.8
RS;
PA;427.9
CE;423.5
MG;511.4
GO;
PI;766.7
RS;721.0
CE;746.3
CE;
RN;527.1
CE;
RS;452.0
MT;524.6
MG;439.4
GO;447.0
DF;
MG;548.3
RS;698.7
PE;417.4
PB;565.4
AL;422.9
PI;566.4
SP;445.8
MG;382.2
SP;504.2
PE;632.2
BA;504.1
PE;712.2
CE;477.7
MG;683.5
PA;569.2
RJ;660.3
CE;
CE;429.3
BA;474.0
TO;578.6
SP;421.3
GO;594.5
SP;
RJ;571.8
GO;
PE;
GO;511.1
CE;452.3
RJ;502.8
CE;396.8
MG;726.2
PE;
GO;745.7
AM;400.4
ES;
SP;513.4
GO;
RJ;
RJ;
PI;
PI;511.2
GO;543.5
PB;438.5
RJ;745.7
AL;
GO;
PA;463.9
MA;386.5
PA;
BA;631.7
SP;515.3
SP;
MG;543.8
RN;529.7
PR;470.1
SP;598.2
RJ;
AL;473.2
PR;362.9
AM;483.2
MG;
CE;435.9
PA;
SP;637.8
SP;698.5
CE;422.0
BA;676.3
AL;411.0
CE;646.9
CE;616.7
RJ;664.7
CE;465.3
PA;371.7
CE;379.7
PA;468.1
CE;639.7
PB;526.5
PE;590.2
MS;427.0
RJ;534.6
SE;701.6
ES;436.8
MG;
ES;657.3
MG;
AL;
MG;694.2
CE;600.9
SP;
AM;
SP;477.8
MG;
BA;453.9
SP;477.6
BA;620.4
MT;
PB;506.6
RS;606.6
CE;459.7
CE;515.7
BA;483.4
SE;
PR;
RJ;401.7
CE;438.8
PB;496.7
BA;493.1
SP;465.3
CE;534.2
PE;564.3
PE;526.7
BA;447.6
RN;
MS;
ES;
RJ;445.1
PE;389.6
PA;386.5
SP;651.6
BA;
RN;697.1
PE;
SC;572.7
RN;537.0
SP;441.5
MA;769.5
GO;
PE;533.4
CE;
GO;455.6
RJ;
MG;427.6
MG;604.4
SP;708.1
SE;438.3
MS;
PE;516.5
DF;459.8
GO;548.0
PR;393.9
MG;414.3
PE;
BA;449.4
MG;518.6
MA;611.1
RN;399.2
CE;
CE;478.0
MA;459.6
RN;567.3
RO;377.9
BA;418.2
PE;433.6
CE;560.8
RN;
RJ;479.2
MA;462.6
MA;371.4
BA;492.1
SP;655.1
BA;
PR;434.3
GO;601.7
AL;432.1
MG;
DF;641.2
RJ;740.8
MG;
DF;
PI;712.7
TO;523.7
MG;
DF;422.2
SP;417.5
PE;
PI;415.4
SP;655.4
CE;485.6
MA;
SP;459.5
BA;399.9
GO;429.6
GO;479.4
MA;497.8
BA;596.7
SP;681.6
BA;405.0
CE;
PA;406.3
CE;551.3
PA;493.3
GO;611.3
MG;764.0
MG;623.9
MG;
PB;547.1
SC;626.8
SP;572.1
MA;369.7
SP;546.8
GO;
PI;
MG;603.2
PI;724.3
SP;579.9
CE;501.8
PA;418.4
CE;651.5
MG;
CE;409.2
MG;501.1
RS;
PR;
MA;573.4
CE;505.7
MG;739.0
RJ;
AP;515.3
ES;522.5
MA;543.3
GO;
GO;696.1
GO;
MG;667.2
CE;523.6
CE;462.5
RJ;417.8
MT;550.0
GO;
BA;375.2
PB;543.7
PA;544.0
PA;441.5
RJ;515.2
MA;406.1
MT;382.7
PE;816.1
MG;776.1
BA;
SP;519.9
GO;524.6
MG;563.4
MG;660.2
GO;
CE;411.6
CE;397.3
ES;
GO;
PE;499.4
BA;707.2
CE;662.3
MT;497.1
CE;437.4
CE;509.9
MG;478.6
GO;
PA;446.8
RJ;
CE;728.7
GO;
SP;628.7
CE;585.0
SP;664.0
PE;612.7
RS;
CE;476.8
RJ;372.7
BA;386.6
MT;
SP;403.3
RJ;430.8
MT;440.1
BA;
MG;498.3
SP;
PI;415.2
RJ;487.8
MT;425.8
PE;593.5
CE;
CE;565.9
RJ;645.4
CE;543.4
RJ;
ES;504.5
SP;
RS;411.8
GO;542.3
RS;543.9
PB;494.7
RJ;538.2
GO;
PE;599.4
CE;572.5
SP;454.3
CE;456.5
CE;495.0
BA;444.8
MG;763.1
CE;409.9
CE;409.7
PA;536.6
RJ;523.0
CE;418.9
CE;433.4
PE;500.7
PI;517.1
PB;776.1
CE;473.2
PR;438.7
DF;456.0
RJ;669.2
MG;
RS;544.8
PR;681.7
PA;522.1
GO;578.0
MT;418.0
PE;
SP;571.7
GO;454.9
RN;437.6
TO;414.8
AM;
PA;
PR;513.4
PR;473.2
SP;636.4
MT;529.3
MG;818.0
SE;786.0
RR;
PR;
PA;484.5
CE;
PE;430.4
SP;739.4
MG;503.0
GO;496.6
RO;666.1
SP;626.2
PR;475.1
SE;405.0
PI;424.0
CE;
SP;
GO;522.5
PR;436.9
MA;
PA;585.8
AL;
PB;717.9
RN;633.7
GO;464.5
RS;481.1
BA;474.5
MG;
SP;392.5
CE;487.7
MA;486.5
PE;602.3
PE;557.1
RJ;464.5
BA;791.5
SP;538.2
CE;538.6
SP;664.5
RN;506.1
RS;815.1
RS;693.8
PI;386.1
CE;624.9
PB;530.3
SE;435.7
SP;742.1
RS;826.6
RJ;586.8
MG;873.9
PI;
AM;402.2
CE;
SP;378.6
GO;476.1
GO;448.1
GO;623.5
CE;740.4
PI;677.6
BA;
AM;458.4
RJ;681.9
SP;497.4
PE;696.3
GO;
ES;747.9
CE;466.6
PR;537.1
PI;574.6
CE;
PI;540.6
BA;416.6
AL;482.0
AM;
RJ;564.2
MT;808.0
RJ;
MS;424.2
MG;708.6
MG;493.8
RS;
SP;433.6
AM;514.6
PI;381.9
CE;446.3
GO;381.3
GO;487.0
PB;
BA;623.3
BA;
RJ;502.5
MG;519.8
SE;562.7
RJ;535.7
PE;434.8
SE;450.0
CE;429.1
GO;
PR;556.1
ES;448.5
PE;406.0
RS;743.9
SP;795.1
MG;508.6
BA;412.6
RJ;610.0
MA;476.4
MG;464.7
PE;656.4
BA;405.3
SP;486.5
PR;462.7
SP;402.0
MA;
RO;704.3
CE;561.5
RN;676.7
CE;424.4
BA;
PE;382.2
GO;500.7
MG;789.0
SC;520.7
SP;542.9
RN;
CE;
CE;507.3
AL;429.0
PA;
RS;
BA;653.8
GO;643.2
GO;
RJ;553.4
RS;373.3
PE;571.4
PE;502.0
BA;609.5
PB;465.1
SE;520.3
BA;687.6
SC;624.1
SE;481.1
PI;427.7
SP;754.7
GO;450.9
MS;703.1
CE;422.6
MG;628.8
MG;427.8
MT;377.7
MG;541.4
ES;
MG;498.4
PA;
PA;743.0
SP;430.0
PR;
BA;444.5
SP;
SP;
PE;656.5
CE;944.1
RN;469.9
MA;458.1
GO;488.2
RO;386.8
PE;397.5
SP;
MG;600.3
MG;842.9
CE;458.1
CE;515.3
ES;620.8
CE;453.6
TO;530.4
PA;581.0
CE;641.3
CE;
MA;357.4
GO;484.7
MG;405.6
GO;384.3
MA;647.4
SP;383.0
AL;459.0
BA;711.8
RN;422.0
BA;
RS;647.7
MG;
BA;407.1
PI;436.6
GO;676.4
MG;
MG;920.8
SP;657.1
SP;396.8
MG;818.5
RJ;488.9
RN;452.1
GO;
CE;
PE;422.2
ES;633.7
SP;462.6
MA;464.6
PI;555.0
RS;
RJ;
MG;743.6
RJ;637.4
SE;435.4
MG;690.1
CE;482.3
MA;422.4
PI;433.4
RJ;431.2
CE;
RS;
PR;
PE;723.8
RJ;464.9
PA;595.1
PA;667.3
SP;677.9
RS;569.6
CE;416.8
AM;446.2
CE;480.3
MG;
MG;649.5
RS;426.8
PI;378.8
PR;431.6
MA;664.0
SP;518.9
SC;
PE;571.2
BA;427.7
BA;413.6
SC;523.8
MT;
MG;679.5
PE;496.4
PR;483.6
BA;421.2
BA;548.9
PA;556.7
CE;634.3
CE;
BA;
PE;550.4
BA;591.9
MG;588.0
GO;
SP;461.1
SE;704.0
SE;562.8
SE;436.3
PA;
CE;
ES;416.6
RJ;
SC;
AC;
GO;390.0
GO;663.6
SP;727.1
PB;471.1
SP;584.5
RJ;507.8
SP;
MT;521.8
PE;
CE;
MG;
GO;562.5
PB;
MT;525.6
CE;394.3
RN;603.0
CE;621.1
MG;652.2
SP;539.9
PR;605.1
MT;684.2
BA;599.4
SP;715.4
SP;688.0
MG;
BA;449.5
CE;430.9
MG;531.2
RJ;678.4
BA;402.3
BA;567.6
RN;407.9
RJ;495.8
SP;546.9
PB;421.8
PB;
BA;
PE;
PI;438.5
PA;400.3
MA;
AL;396.9
TO;383.1
SE;697.2
RS;453.0
CE;
GO;439.7
CE;
RJ;541.5
MG;
MS;473.1
ES;447.9
ES;643.1
BA;
CE;471.4
MA;431.4
AC;
CE;
RN;392.3
MG;526.1
PB;
RS;
GO;540.2
SE;601.2
RJ;546.6
SE;593.0
PB;
MT;615.3
BA;408.0
BA;643.1
MG;442.3
CE;554.7
PE;599.6
MG;470.2
AP;
RN;602.7
PI;480.6
RS;391.2
CE;432.1
MG;
BA;478.0
SP;401.3
BA;
CE;
AL;
SP;777.4
BA;573.7
MG;476.3
MT;
RS;453.4
PB;
CE;485.2
BA;650.2
CE;451.0
SC;424.0
RS;722.6
GO;441.7
BA;
MS;589.0
TO;444.5
RJ;674.4
RN;528.9
BA;611.7
BA;496.9
SP;
PE;508.9
PR;847.4
SP;455.4
AL;728.4
CE;
PE;467.1
MA;589.3
PE;495.2
PA;404.6
MA;377.5
PA;498.3
AP;448.3
SP;464.4
CE;424.5
SP;556.6
MA;551.5
BA;
RJ;606.1
CE;397.5
PB;515.9
MG;478.4
BA;495.8
AL;
GO;416.6
MT;442.4
SC;
SP;442.7
RN;
MA;571.8
RJ;514.7
SP;
MG;598.9
GO;532.8
SP;490.3
RO;698.6
GO;
CE;417.6
PA;628.2
TO;447.2
SP;494.1
SP;807.7
SP;452.5
ES;622.3
PA;402.0
RS;646.0
AP;564.3
MA;
RJ;672.1
PI;466.1
AL;
RO;527.1
RJ;491.7
PE;467.4
SP;
PE;655.8
BA;599.2
MA;
ES;679.0
BA;822.5
RJ;529.7
PR;696.7
GO;437.3
RJ;675.3
BA;432.9
PI;454.7
MG;636.2
CE;534.5
MA;
MA;572.1
CE;
SE;566.0
CE;419.3
PB;501.5
SP;744.7
PE;451.7
PR;
MA;378.7
MA;436.6
PA;470.9
BA;
PI;631.8
MG;690.0
SP;711.9
PR;398.1
GO;
CE;680.7
PI;411.1
SP;629.3
SP;422.5
RS;565.8
GO;
PE;670.5
GO;
RJ;
MG;
MG;430.0
PB;
PA;473.9
GO;567.0
MG;
GO;527.2
PR;462.3
MA;467.9
PR;
PE;
MA;557.7
PE;749.1
GO;
CE;446.7
BA;784.3
MT;457.0
GO;550.1
MG;707.7
AM;
MS;421.8
GO;
AL;460.8
BA;494.2
RS;810.5
PB;
PA;
MG;
MG;452.1
BA;427.3
PI;530.5
CE;497.0
SP;628.8
PB;
CE;473.1
CE;569.1
CE;370.2
PB;
SP;
SC;
PR;494.5
PR;491.6
SP;
PE;558.2
SP;553.8
RS;
CE;
CE;
PE;508.1
CE;416.6
BA;480.6
SP;572.8
CE;
RJ;519.8
RN;450.5
CE;516.3
SP;514.1
SE;403.2
AL;395.1
PI;544.0
PB;578.6
CE;510.6
SC;631.3
GO;
SP;
GO;
ES;446.1
MA;388.5
AL;485.0
CE;770.0
GO;404.6
BA;604.3
PA;510.5
RJ;668.9
SP;526.2
PE;
RJ;447.6
BA;451.7
CE;578.0
RN;618.1
RJ;621.7
GO;594.9
BA;
MG;
SE;437.5
ES;
MA;379.0
PR;355.6
AL;424.6
SP;704.1
RJ;615.0
SP;469.4
MG;
BA;443.2
PA;411.2
PE;404.6
PE;661.6
SP;659.3
PI;
GO;528.0
AM;516.3
GO;504.1
MG;453.3
RN;573.4
PB;638.2
RJ;
DF;584.4
RJ;559.4
CE;519.6
PA;424.8
DF;486.4
PI;
BA;446.4
BA;
MG;492.9
MG;736.3
BA;530.1
MG;658.1
SC;465.2
MG;
RS;
CE;556.8
BA;
SP;684.1
PI;834.1
BA;
AM;
CE;426.3
SC;711.8
PE;424.7
RR;360.5
RJ;569.6
DF;720.3
GO;
RJ;451.7
PI;
GO;429.4
MG;687.2
CE;688.1
PE;
CE;567.5
AL;409.8
SE;
RN;692.8
AC;630.0
PI;400.9
DF;831.0
SP;733.9
SP;500.2
MA;488.6
CE;
SP;413.1
SP;578.3
BA;643.4
DF;449.2
SE;415.2
MT;580.1
SP;500.4
SP;560.0
MT;502.3
SP;581.0
ES;488.7
PB;426.8
SP;428.2
MG;402.5
DF;720.4
AL;429.3
GO;438.2
PI;477.1
CE;649.6
SP;576.8
AC;391.1
PA;508.2
RN;609.9
PA;
CE;524.3
RJ;386.8
PI;436.5
BA;434.8
AP;
GO;565.1
BA;409.4
SP;675.5
RN;673.2
CE;402.4
RJ;
PA;
PE;646.6
PA;408.2
DF;624.4
CE;491.1
GO;514.5
CE;
MA;356.9
RN;534.6
CE;578.4
GO;524.2
CE;
SP;640.5
RJ;472.7
CE;707.0
ES;611.9
GO;618.3
SC;650.1
PE;436.8
PA;377.0
PI;565.7
SP;659.1
SE;459.8
SP;692.6
RJ;433.0
MA;
PE;805.3
RS;550.2
PE;474.7
BA;505.2
GO;495.2
SP;552.8
PA;598.1
PA;411.6
GO;440.6
CE;
SE;731.0
SC;
PR;476.1
PR;390.6
RN;548.1
BA;541.5
BA;
DF;440.8
SE;428.7
MG;653.5
SP;
SC;506.9
RN;
MG;405.7
MG;686.6
MG;697.9
GO;484.8
CE;477.7
CE;507.0
CE;646.0
RJ;709.7
PA;
MG;610.2
BA;
ES;599.5
PR;
RJ;560.5
GO;648.6
CE;
RN;
SC;
MA;
PI;
MA;662.3
PA;
DF;729.5
RS;613.6
PB;463.9
MA;
PA;571.3
PA;
GO;443.5
BA;497.7
MG;691.9
SP;568.9
MG;529.7
BA;430.9
PB;417.7
SE;
CE;640.1
RJ;512.2
RS;842.1
PA;388.6
MG;679.5
PA;
RN;
CE;
SP;466.5
PI;487.7
RJ;486.1
MS;502.1
BA;
TO;427.6
RO;
BA;417.1
MG;683.2
DF;
GO;
SP;494.6
SP;908.1
BA;
RJ;742.9
RJ;
MG;673.6
RJ;414.3
MG;417.5
RJ;579.8
AM;427.2
PE;
PA;555.4
RN;
PR;
BA;409.9
BA;520.0
PR;462.7
RN;
PI;705.3
CE;408.3
SP;720.7
BA;656.3
RJ;778.7
SP;445.6
MG;524.0
PE;492.9
PB;
SP;601.2
RJ;729.1
MG;807.2
ES;478.4
PI;380.1
GO;574.3
PI;420.7
PI;407.9
RS;601.9
DF;592.7
SE;371.6
PA;616.3
PR;491.0
MG;
SP;720.7
PB;614.1
AL;389.1
GO;
GO;485.3
PA;359.7
BA;
DF;
GO;522.3
SP;657.4
MG;751.4
CE;584.3
CE;
BA;
PA;812.3
CE;508.0
RJ;453.8
DF;590.2
RN;389.8
SP;
PE;
MG;386.4
MG;562.7
MG;558.6
PE;647.5
GO;
RN;532.7
SP;654.2
MG;485.4
CE;
CE;694.2
GO;
AP;
BA;
BA;506.2
CE;611.2
SP;697.6
SP;445.7
RS;499.2
TO;
PE;552.3
RJ;469.1
GO;412.8
CE;432.3
AC;
RJ;612.5
CE;705.9
DF;739.7
PA;409.2
PA;524.1
ES;
MA;636.7
BA;420.4
CE;498.1
DF;380.7
CE;437.0
PA;459.1
CE;492.1
RJ;677.7
MG;689.8
RJ;414.4
MG;726.3
MG;447.4
SC;622.7
PR;648.1
PB;
MG;
SP;616.0
SP;
MT;493.4
PI;465.9
RJ;512.5
RJ;498.6
PR;543.8
GO;399.2
ES;639.2
PB;
CE;549.3
MG;632.5
ES;
BA;391.9
PB;
GO;457.8
GO;
PA;480.1
SC;696.8
RJ;458.5
BA;423.7
RJ;444.7
GO;
CE;
BA;623.2
GO;504.6
SP;462.8
RJ;445.0
RJ;863.5
PA;532.7
MT;816.2
ES;405.9
CE;
CE;445.4
CE;418.2
RJ;471.3
PA;419.5
SP;403.4
MG;388.3
ES;437.1
GO;
CE;693.5
SE;401.9
PI;618.3
CE;662.9
PB;425.7
RJ;730.9
AM;
PB;589.3
CE;659.1
PB;459.7
PA;562.9
PI;372.7
CE;
PI;
CE;435.1
DF;696.8
CE;
DF;377.9
GO;
PI;572.0
AP;490.8
AL;387.3
RJ;738.0
PR;375.7
PA;488.6
DF;
CE;740.1
GO;375.2
CE;
GO;
PE;506.8
PE;709.7
ES;
SP;
PA;
GO;
MA;666.4
RS;647.8
ES;425.1
PE;
CE;
CE;610.7
ES;530.9
ES;415.0
CE;543.5
PE;475.0
RN;539.3
PA;596.1
MA;503.7
MG;678.2
PA;378.1
ES;
SC;698.9
CE;574.1
MA;
RS;588.6
GO;554.9
PB;
CE;857.7
RS;702.2
PA;419.1
GO;478.9
MA;444.0
SP;422.0
AM;
AM;572.2
MG;468.8
MG;432.0
CE;521.5
PE;834.3
PI;374.5
SP;533.9
BA;497.1
SC;497.8
MA;
GO;494.7
CE;470.6
GO;565.3
CE;490.7
RN;
SP;463.5
SE;446.1
MA;536.7
CE;829.1
BA;582.9
CE;
PR;718.1
CE;650.4
SP;
PI;
RJ;649.7
AL;792.8
PB;491.0
MA;527.5
GO;406.9
MG;524.1
SP;496.6
RJ;
MS;601.8
PB;568.2
SP;
MG;492.0
PE;526.5
PE;651.2
MT;630.7
SP;381.8
MG;443.5
RJ;478.4
BA;665.9
PE;564.9
SP;630.5
SP;
BA;454.8
RJ;836.0
GO;448.1
BA;612.0
PB;409.5
GO;
BA;716.5
PE;525.9
SP;
ES;437.0
BA;473.2
RS;494.9
MA;410.4
GO;623.4
GO;462.5
PR;
BA;552.3
CE;504.6
PR;648.9
RJ;621.0
RN;462.0
SC;422.4
SP;678.7
SP;799.9
MT;810.5
MG;735.3
PE;418.4
GO;441.4
CE;630.6
RS;
GO;431.9
MT;418.3
RS;
PA;
CE;528.4
MG;
PA;447.3
GO;
SP;467.0
PB;605.4
CE;
CE;656.7
SP;673.3
BA;507.0
CE;462.6
PE;735.2
CE;577.5
MG;716.7
MG;395.2
RJ;
SP;728.2
AC;492.3
MA;526.9
MG;769.3
MG;553.7
RN;824.7
CE;412.5
RN;
PI;382.9
PE;529.4
BA;425.5
MG;535.0
CE;572.9
MA;426.6
PA;609.1
RJ;527.5
CE;395.6
DF;818.1
GO;400.1
SP;566.2
CE;
SP;509.6
BA;401.8
BA;416.9
SP;375.5
MT;526.4
GO;553.8
CE;480.5
SP;487.6
RJ;469.0
TO;436.0
SP;447.7
SC;405.4
TO;457.6
SP;597.1
CE;521.9
RN;
SC;836.0
AP;644.2
SC;
SP;547.4
GO;485.8
SP;415.5
MG;449.7
GO;454.2
SP;536.1
MG;
SP;566.8
RS;773.5
PB;628.3
PE;788.6
TO;
CE;
PA;382.3
SP;612.2
MS;681.8
RS;396.1
SC;565.3
PE;
CE;601.2
PE;
MS;482.1
RJ;
RJ;623.0
PB;377.7
PR;568.0
PI;468.7
CE;
MG;
PR;699.1
MG;582.0
PA;506.1
GO;
DF;410.3
AL;
RS;706.5
MG;467.8
SE;492.1
CE;
GO;
GO;462.3
DF;
CE;525.7
CE;385.6
AL;574.6
MG;
RS;444.9
BA;568.5
BA;478.6
PA;390.3
BA;386.5
MT;467.3
PE;397.0
BA;556.0
MA;614.2
CE;
MG;
RJ;430.6
SE;455.4
TO;594.9
PR;558.2
GO;
PB;405.3
GO;521.0
CE;379.5
MA;379.1
RJ;499.2
PI;459.5
SP;689.8
BA;487.1
SP;682.1
PB;616.1
BA;
MG;580.3
AC;
GO;536.9
CE;421.0
MG;417.7
MG;700.2
PE;524.3
CE;522.7
PB;678.9
BA;626.3
RR;574.1
GO;521.2
PB;460.0
RJ;591.8
SP;642.0
SP;526.5
GO;474.6
DF;
BA;
PI;440.2
PE;
RS;684.5
SP;473.5
PB;453.6
MG;
GO;410.3
PI;414.4
MG;718.4
PE;403.0
CE;379.6
MG;459.9
CE;421.3
MG;522.9
CE;703.8
MA;
RJ;
PE;
RN;562.3
PB;786.1
CE;464.3
PI;392.9
SP;603.7
PI;447.4
GO;
GO;
ES;613.0
RJ;731.8
SP;557.2
DF;
SP;720.7
PR;488.9
GO;594.7
CE;471.8
MG;639.6
MG;818.2
PI;586.6
SP;637.9
BA;550.9
BA;429.5
GO;409.7
ES;
MG;695.6
MG;592.3
GO;
PA;
BA;661.5
SC;675.2
CE;397.0
BA;570.8
ES;436.3
PR;506.7
GO;590.4
RJ;465.7
PB;
MG;656.5
PR;
SP;415.9
BA;443.8
CE;445.3
SP;520.5
PB;408.1
ES;382.3
ES;660.2
CE;508.1
RJ;474.4
RN;528.5
GO;
ES;863.0
PE;513.8
RJ;439.7
RS;788.5
GO;
PE;623.4
CE;606.7
PR;414.8
AM;464.2
SC;380.7
PB;
GO;414.9
RJ;673.5
BA;461.3
PR;
PR;522.6
MA;423.8
MG;760.4
AL;658.9
PE;594.5
GO;531.5
PE;562.0
RS;
SP;560.2
SP;694.0
CE;514.7
RN;415.1
PE;577.5
PR;406.6
CE;460.9
CE;
CE;528.5
BA;428.5
CE;376.9
BA;820.1
PR;690.3
MA;425.3
PE;448.6
SP;486.6
BA;449.8
SP;
RJ;624.1
PE;664.4
MA;478.1
PA;
AL;384.8
PE;623.0
RS;425.8
SP;679.8
CE;
BA;457.1
CE;457.8
CE;498.7
BA;411.7
PA;
PR;619.6
AP;460.4
PB;
CE;513.5
SC;386.9
BA;480.7
ES;619.9
AM;394.5
GO;401.1
GO;
GO;439.3
CE;667.6
BA;432.0
SC;417.8
SC;648.7
CE;
PB;612.1
CE;422.0
SP;656.5
MG;
MG;605.1
PE;665.0
AL;
SP;439.6
PA;553.6
BA;
MG;
PB;
PI;734.3
RJ;442.3
PA;610.6
MA;379.8
SC;663.1
MG;492.8
PA;439.5
GO;
MG;650.6
ES;583.5
PE;478.9
PE;541.0
RJ;555.8
SP;
SP;631.6
PR;405.0
SC;
CE;461.4
SE;492.7
AC;356.7
SP;715.5
GO;560.9
PA;391.1
CE;
GO;383.9
RN;560.4
MG;
PA;491.3
GO;373.8
DF;521.8
SE;457.9
SP;
GO;519.4
CE;
PA;
TO;
PB;513.4
SP;
BA;541.0
GO;502.7
MG;495.8
RN;781.3
CE;
CE;559.8
BA;708.1
BA;416.0
GO;400.5
PE;381.0
PB;522.6
AM;429.1
AL;608.3
PR;595.0
CE;569.6
PE;613.1
ES;443.1
PA;555.5
AL;627.1
SP;587.3
CE;660.2
GO;381.3
GO;445.3
PA;
MG;383.6
RS;647.4
TO;505.3
GO;
RJ;765.0
GO;358.1
SP;417.5
SP;534.1
PI;396.0
MG;552.0
MG;487.1
PE;606.6
GO;557.4
RN;446.5
RS;737.1
BA;636.5
BA;
RJ;
PB;
CE;534.2
CE;
BA;447.1
MG;
RJ;604.2
BA;644.6
MG;595.7
CE;555.7
SP;477.3
SC;536.4
GO;392.9
PA;395.2
MG;418.0
BA;
MG;448.8
BA;
TO;
SP;679.3
BA;675.9
RS;780.6
GO;386.4
SP;590.5
PR;460.2
RJ;579.3
PE;474.9
BA;
CE;
CE;747.0
MG;627.3
DF;
GO;414.2
SC;412.8
MG;480.2
SP;435.7
BA;383.7
BA;424.2
AC;522.4
PB;515.6
SP;620.5
BA;699.6
MT;409.3
RJ;503.4
SP;442.8
MT;566.8
PI;
CE;371.4
AL;379.4
SE;442.6
PR;405.1
CE;553.2
MA;613.7
MA;
PA;
PE;586.4
GO;
MG;689.0
MA;460.4
RS;692.1
CE;500.4
SP;518.3
CE;594.6
RO;438.9
MG;
MT;631.0
RJ;477.9
RJ;435.6
RJ;554.4
PA;400.6
SP;595.2
PB;
PA;398.1
PE;509.3
MG;
GO;
AC;666.2
PR;608.7
CE;451.5
SP;801.9
ES;650.5
CE;
CE;447.5
PB;628.0
RJ;658.6
RO;
CE;
PI;431.0
CE;556.7
AL;563.6
BA;400.0
RJ;542.8
PR;
PB;
RJ;518.6
MS;666.8
PR;710.1
RS;566.6
ES;665.8
SE;664.5
PI;420.2
MA;408.2
SP;
PR;610.8
RJ;761.9
RJ;653.8
MG;476.2
MA;407.2
SP;770.1
SE;472.5
BA;0.0
RJ;591.3
SP;592.7
PE;415.1
BA;437.4
BA;552.2
ES;
MA;490.2
GO;677.5
PI;620.3
BA;672.4
DF;446.6
PA;435.2
MA;667.3
GO;
SP;488.2
CE;465.1
RJ;758.2
MG;553.7
GO;
CE;390.5
CE;
RN;462.6
RS;478.9
RJ;
BA;466.9
MG;741.7
CE;
TO;525.3
MG;378.2
CE;
SP;527.6
RJ;501.7
CE;530.4
GO;
PI;692.1
PI;503.2
PI;509.4
GO;520.8
GO;453.4
CE;399.4
RS;643.4
GO;432.9
MG;377.2
MA;444.4
GO;
CE;676.9
SE;534.2
PE;533.8
ES;567.9
CE;469.7
SP;
GO;397.9
GO;
BA;656.5
MG;693.0
PA;451.8
CE;872.8
BA;
GO;471.9
SP;
SP;560.4
BA;401.1
PI;520.9
PR;530.7
RN;
RS;722.7
RJ;403.2
AL;447.0
CE;
PI;490.7
GO;
RJ;476.8
PB;367.0
RJ;719.0
CE;491.7
PE;615.4
RJ;708.1
MG;541.9
SP;772.5
SE;686.6
RS;393.0
GO;
MG;647.1
PB;547.2
SP;685.3
CE;434.4
GO;430.8
CE;395.7
MG;
PA;453.3
RJ;442.5
MG;447.1
GO;674.7
MG;665.4
BA;795.1
SP;410.4
MG;724.4
PE;647.3
CE;423.1
GO;630.1
PE;455.6
SP;649.9
RJ;488.0
RJ;500.3
CE;420.8
GO;
RS;403.6
RJ;555.5
SP;
MG;
CE;
PA;576.4
CE;415.0
MA;393.2
PE;409.8
CE;410.0
BA;453.9
DF;
MG;
MG;649.4
MA;385.5
CE;654.5
MA;554.2
CE;
MG;450.2
PE;
PE;
CE;
CE;
TO;489.2
RN;663.9
RJ;430.7
AM;449.2
AM;505.6
SE;
MG;612.3
CE;695.1
GO;
RJ;771.1
SP;421.2
DF;510.7
CE;482.5
TO;499.4
MA;576.2
RJ;
BA;464.8
PA;407.8
PR;442.8
MG;667.2
SP;604.4
PA;427.2
MT;451.3
TO;552.6
PA;430.8
MG;496.0
PI;514.0
AM;567.6
CE;408.1
PA;594.1
GO;722.5
GO;425.1
PE;630.6
SP;584.2
SP;555.8
MA;486.5
RS;
PR;526.8
BA;
SP;584.5
GO;369.1
SP;574.2
RN;464.3
RJ;382.0
PE;598.0
BA;483.9
ES;664.3
ES;604.6
CE;555.7
GO;
MA;
MS;570.6
CE;515.0
CE;493.7
SE;468.2
SC;394.0
SC;
GO;
BA;457.9
PI;402.7
SP;
RS;759.9
GO;393.2
MT;543.5
MG;687.5
GO;398.6
SP;533.0
BA;433.8
GO;453.3
CE;439.2
ES;
CE;427.7
CE;379.8
CE;473.4
GO;432.1
PR;506.0
CE;394.2
DF;399.2
SP;
SC;650.8
RJ;643.7
PE;846.5
PE;404.7
AL;608.8
TO;410.4
DF;443.4
BA;726.2
SC;742.8
SC;
MG;479.3
GO;434.3
MG;
SP;460.9
CE;426.8
RJ;736.8
SP;436.6
CE;416.6
CE;
CE;625.5
SP;717.2
SP;374.1
RS;709.8
SP;
PE;511.7
PA;526.1
RJ;484.9
PE;
MA;753.3
MG;649.0
CE;
PA;434.8
SP;794.9
MG;515.1
CE;605.7
CE;555.9
CE;626.1
MA;601.9
SP;785.4
CE;428.9
RN;459.6
GO;501.2
ES;567.2
SP;887.5
BA;
MA;609.3
PA;436.3
PI;367.2
ES;566.3
PI;535.4
PB;537.9
AM;
MG;533.5
PB;614.5
RR;
CE;512.0
TO;
SP;493.1
CE;715.9
RJ;639.6
MG;579.4
GO;592.9
MT;574.6
CE;384.8
SE;690.7
RJ;
RN;388.0
PE;
SE;735.9
CE;
MG;589.8
SP;443.6
MG;734.8
MG;459.6
PR;463.9
RN;383.8
PR;694.1
RN;618.9
RS;468.1
SE;614.7
RJ;466.2
MA;424.9
RN;572.4
PA;
BA;498.5
AM;544.8
SP;556.3
CE;438.5
MG;
MA;375.1
PE;522.9
SP;522.6
MG;682.1
CE;570.8
BA;630.5
RJ;
SP;552.6
RN;
BA;381.4
MT;425.2
CE;
RJ;683.3
GO;532.8
MA;
PR;464.2
MG;
PR;758.2
CE;707.4
RJ;455.9
MA;602.1
SP;704.5
AP;457.4
ES;627.5
BA;481.4
ES;570.2
RJ;475.0
GO;670.2
RJ;571.6
RN;399.3
PA;586.6
CE;606.6
BA;595.7
PI;544.6
SE;
RJ;
PE;
DF;758.4
BA;518.0
RO;515.9
GO;644.0
MG;533.9
PR;533.6
PR;675.2
SE;409.0
BA;476.1
BA;394.2
PE;436.3
GO;494.9
SE;454.0
BA;613.6
RS;
RJ;455.7
GO;434.3
MS;506.9
BA;
CE;
SP;425.5
MG;546.1
CE;580.7
PE;620.9
BA;
PA;453.3
RS;413.3
RJ;482.0
PR;521.3
MG;610.3
GO;436.5
RN;623.3
AL;624.3
CE;706.5
MT;532.8
CE;569.6
SC;516.7
MG;694.5
BA;463.8
BA;
PE;626.4
CE;564.6
CE;425.5
MA;729.0
PA;480.2
PA;459.6
SP;
MG;
MG;451.4
PR;475.0
ES;498.8
CE;504.4
TO;
BA;404.3
RN;722.2
RS;772.9
BA;480.8
PR;
SP;379.9
PI;
CE;
RS;607.8
RS;426.9
MT;434.7
PI;512.6
BA;
GO;491.3
SE;538.5
RJ;589.8
PI;411.0
SE;783.0
PB;729.5
AL;513.8
SP;410.0
RN;
PI;524.8
RJ;834.8
DF;709.3
CE;557.1
RN;468.1
CE;
PB;429.3
PE;483.7
PR;459.4
SP;
PE;
AC;394.1
PI;435.2
RJ;626.8
SP;850.3
SC;673.0
SP;769.1
CE;689.8
MT;376.2
GO;626.3
AC;
PR;
BA;450.9
MA;435.7
SC;449.6
SP;657.3
PE;542.8
MG;488.5
PE;
MA;427.1
PA;494.4
CE;389.3
PE;587.0
RN;
BA;425.8
GO;406.8
BA;
RN;
SP;640.7
RS;733.8
MG;536.1
RJ;535.9
GO;
MG;497.4
PI;
PI;387.6
MG;446.9
SP;411.4
SE;
PI;462.9
MS;598.6
PA;
GO;379.6
GO;
BA;671.5
SE;447.5
MG;517.4
CE;742.0
MG;503.8
SE;467.1
GO;
PE;639.5
SP;468.5
CE;497.6
MA;512.9
RN;610.8
MG;641.6
RJ;676.8
MG;618.2
MA;413.1
PE;
TO;445.4
RN;602.4
CE;413.3
SP;496.6
DF;533.0
BA;542.0
MG;
GO;421.3
CE;
MG;498.0
PR;583.9
PA;435.3
GO;515.8
SP;546.3
GO;536.9
MG;430.5
PI;483.0
PE;450.2
DF;599.9
PR;676.7
RN;677.9
RS;601.2
PR;437.2
GO;627.9
SP;
MA;458.2
CE;374.4
MT;567.1
CE;430.2
SP;467.6
PE;618.8
SP;711.2
RO;633.3
PE;440.7
RJ;529.7
MG;497.2
PA;545.5
CE;527.9
SP;486.2
CE;474.4
PA;612.2
PR;489.5
AL;406.5
MG;680.7
SP;367.9
MG;458.5
PR;543.7
MG;730.7
CE;404.4
SP;
GO;440.3
BA;
PA;
RJ;679.4
GO;
PR;592.9
PB;541.7
PA;608.3
MG;715.6
SC;667.8
RJ;
RJ;549.7
CE;
ES;441.0
MT;417.5
AM;447.9
GO;
MT;426.5
PA;450.0
CE;420.6
PB;500.1
BA;461.5
BA;
MG;651.9
MA;
SE;523.2
BA;817.7
PA;429.4
PE;676.0
AL;417.6
PA;431.2
SC;855.0
MG;425.4
PA;556.3
GO;469.1
MG;675.6
GO;563.9
RJ;
AM;
RJ;476.3
ES;574.9
BA;
MG;401.8
PI;523.8
RN;593.3
RN;455.9
SC;399.1
SP;481.0
ES;416.2
MG;
SP;665.3
GO;676.2
GO;403.6
MG;476.7
CE;
AL;372.2
SC;506.1
SP;702.5
MS;580.8
CE;542.6
CE;
PE;578.9
MS;551.2
CE;658.6
BA;444.3
SC;600.3
CE;396.0
RJ;
PE;591.1
PB;828.3
GO;436.5
SC;812.8
SP;
SP;661.7
CE;453.5
SP;
BA;437.5
MT;441.0
AL;
CE;467.3
RJ;452.9
GO;433.9
BA;573.4
CE;
MS;
RS;839.2
CE;567.3
PA;555.6
AC;
DF;713.7
PI;785.7
PE;404.7
MG;378.9
CE;514.5
DF;
GO;433.2
SP;666.5
PR;578.1
PR;428.3
RJ;390.7
PE;390.1
PB;370.2
MG;611.1
SP;568.5
PE;
PA;532.2
AL;
ES;571.7
PE;548.9
PA;
MG;691.5
CE;
RJ;740.5
GO;561.3
PR;526.9
MG;562.6
SE;508.6
AP;530.2
AL;420.7
BA;580.1
GO;635.3
SP;666.5
PA;418.6
PE;422.5
SP;399.0
GO;
RJ;558.5
CE;948.5
MA;663.1
MA;
MG;670.7
RJ;459.5
MG;515.4
RJ;538.8
SP;438.6
GO;
ES;632.4
PE;622.9
PE;
PA;551.4
CE;429.5
SP;
GO;
MG;612.4
SP;504.2
BA;422.5
RO;563.2
SP;429.4
RS;469.4
SP;594.2
MG;605.1
SP;
PR;693.6
PE;466.7
PE;405.0
PE;391.9
DF;616.0
MG;666.4
PB;451.2
MG;680.2
CE;543.9
CE;
MS;718.4
PI;402.3
CE;400.7
ES;501.2
CE;649.0
CE;514.3
PR;
RJ;428.8
SP;526.9
SP;
CE;697.2
MS;
MG;
GO;533.6
SP;614.2
GO;656.5
GO;
TO;
CE;
PA;425.2
PB;451.1
GO;496.8
MG;804.4
PA;519.2
RS;589.0
AL;
ES;
SC;
AP;406.0
PB;468.2
PA;533.9
MA;469.9
CE;
SE;
SP;514.4
CE;584.3
RN;502.5
AL;449.7
MA;568.7
PR;555.4
RJ;530.1
ES;479.7
RN;635.0
RJ;
GO;
DF;
CE;487.7
RS;455.5
PR;
ES;
TO;750.6
GO;361.7
PA;517.2
SC;690.2
CE;408.6
PE;420.0
SP;729.1
MG;879.9
SC;
MG;687.3
SC;638.1
MG;
SE;771.3
RJ;643.4
ES;
SP;480.3
PB;453.9
CE;
PE;371.6
SP;
CE;544.6
SP;717.5
SP;531.8
SP;536.0
PI;568.1
PA;485.9
MT;427.5
SC;656.5
CE;484.2
MG;520.6
RS;555.1
RJ;628.5
PB;
CE;503.4
MG;411.2
GO;428.3
AL;578.6
MA;421.7
RJ;633.7
SP;649.7
SP;
SP;524.9
BA;427.0
RN;706.3
MA;
GO;495.8
DF;377.5
CE;547.2
RJ;704.3
RN;554.9
PE;417.9
SP;421.8
PB;564.6
CE;
BA;520.5
MA;467.5
BA;415.8
PE;
SC;676.4
CE;495.7
BA;577.2
SP;516.1
SE;443.0
CE;756.8
RS;482.5
CE;390.1
CE;561.3
CE;422.2
SP;
GO;629.6
SP;576.9
RJ;390.7
PE;441.5
BA;529.5
RN;553.7
CE;851.3
RN;597.9
PE;448.8
ES;496.6
RJ;633.4
MG;
SP;595.1
RN;652.0
PR;525.2
RJ;624.1
PE;
PR;
SP;557.6
AM;
ES;565.9
RJ;602.2
GO;654.5
RS;765.7
DF;
MG;527.9
RR;
RJ;514.1
RJ;419.5
GO;
ES;722.1
PA;375.7
SP;443.5
SP;
SP;607.2
GO;374.1
RJ;668.7
MA;529.8
GO;
MA;715.4
RO;482.9
PA;497.4
CE;401.9
CE;428.4
PB;414.3
PB;720.3
MT;385.0
CE;793.9
SP;
CE;384.2
SP;
PR;465.1
GO;
PA;548.6
BA;495.3
MG;564.7
PE;571.4
SP;
CE;480.8
AP;
MA;511.9
BA;
AL;531.3
PI;
TO;617.4
BA;740.9
SP;404.3
RN;714.5
MA;490.2
RJ;550.1
CE;427.0
SE;
BA;602.2
SP;561.3
MG;612.9
SP;
RO;
MT;546.9
AM;503.2
MG;409.2
PA;662.6
PA;409.1
CE;490.6
RN;688.3
AM;
PR;475.5
SP;540.8
RJ;449.6
PE;381.9
RS;642.2
PA;404.6
BA;
CE;492.7
DF;511.4
MT;496.3
SP;616.2
ES;421.7
PR;524.2
CE;594.8
RS;846.5
ES;479.3
GO;
PA;561.6
MA;
PB;515.5
PR;569.7
GO;465.8
PE;799.8
ES;560.3
RJ;
PA;582.8
BA;533.0
RJ;599.0
PI;
RJ;618.8
BA;686.4
PA;545.7
GO;427.6
GO;526.6
MG;795.3
RN;565.1
RJ;
RN;706.3
GO;580.3
MS;575.3
PE;
PA;437.2
GO;642.4
ES;491.0
CE;722.3
RN;558.2
BA;662.9
DF;714.1
SC;560.3
SC;584.3
MG;417.9
MG;598.4
RJ;450.1
RJ;465.1
PB;569.6
GO;
MG;522.6
BA;637.4
PA;524.8
RJ;453.5
PE;584.6
PA;475.5
CE;402.1
GO;435.3
ES;614.8
AL;
CE;629.4
RJ;
SP;414.2
AM;424.2
GO;603.7
ES;452.4
SP;725.4
PR;
GO;584.4
CE;578.6
CE;
RN;683.9
RN;520.8
AC;552.5
SP;541.9
GO;
SP;665.8
CE;621.0
GO;576.3
CE;457.7
BA;466.6
ES;784.0
MG;701.3
PA;435.0
BA;532.7
PB;551.8
PA;387.0
PB;
PR;770.8
AL;469.1
BA;
PE;418.5
GO;691.0
RS;
MT;
MG;
RS;560.6
PB;476.0
MG;733.6
PB;
CE;426.2
RN;705.9
GO;559.4
GO;474.0
MT;417.3
MG;
SC;613.4
GO;572.2
PI;497.6
MA;430.8
SP;503.0
MG;424.2
BA;421.6
PB;
PB;607.8
CE;696.2
GO;924.5
RJ;372.5
SC;645.6
PE;629.6
MT;799.3
PE;610.5
PI;696.9
PI;518.3
BA;500.4
CE;
MG;768.7
BA;
SP;
SP;574.6
SP;410.0
MA;627.4
SP;597.4
BA;527.5
RN;
MG;503.9
MG;427.0
PB;
BA;563.8
RS;436.4
AP;478.1
RN;
PI;546.3
MG;733.0
PE;494.2
AL;693.3
CE;
PA;
SP;366.6
ES;633.4
CE;541.2
PB;687.0
DF;548.9
SP;675.3
MG;499.9
SP;688.1
SP;430.3
RS;531.7
CE;499.5
RS;
BA;620.9
SE;646.8
RO;
RJ;419.3
MA;426.6
GO;411.8
SP;706.9
MG;744.2
PI;456.5
BA;664.9
RJ;517.0
BA;456.7
MG;
PR;399.4
MG;708.9
CE;376.3
GO;
CE;
PB;431.2
CE;598.1
PE;629.5
CE;
BA;421.9
PE;549.6
GO;440.6
DF;442.1
MG;598.8
SC;767.9
BA;426.5
AL;558.2
PE;624.2
PI;411.3
BA;
GO;
MG;381.1
SP;710.6
SP;
CE;398.9
SP;561.8
MG;539.7
MA;505.4
MG;683.0
GO;
SP;669.8
RJ;729.5
CE;418.6
BA;455.6
BA;
SP;520.6
PR;
BA;404.2
BA;442.8
SP;380.8
AP;588.0
BA;
GO;468.6
MG;
RJ;
SP;404.7
PI;
RJ;546.7
PA;594.3
CE;452.8
BA;477.8
RS;588.8
BA;744.4
BA;
AL;
AP;
PR;
RJ;652.7
GO;658.6
PR;644.7
SP;475.5
PA;426.8
GO;474.8
BA;688.3
RJ;497.3
MG;427.7
PE;413.2
RN;733.3
SE;
CE;421.8
SC;686.4
ES;520.9
SE;411.8
CE;384.1
BA;
RJ;
RN;485.3
SE;494.0
PE;479.8
MA;453.4
CE;566.4
CE;504.7
BA;596.1
GO;
PR;
BA;
RN;415.8
CE;423.7
CE;451.4
RJ;529.0
TO;492.3
BA;416.7
MT;444.1
RS;593.8
SP;453.8
MG;669.3
SE;489.5
MG;
ES;
BA;442.8
DF;481.5
AM;501.5
RJ;
CE;547.2
MA;
PA;500.6
GO;416.6
BA;409.7
SP;513.8
MA;449.0
RO;
CE;443.1
GO;612.4
RJ;
PI;716.7
MG;637.5
PI;440.8
BA;518.5
SP;366.2
SP;
PE;421.2
PR;703.7
CE;
MT;603.2
BA;576.2
CE;714.7
RN;503.4
SP;
RN;
SE;552.3
GO;
MA;
RJ;452.7
CE;401.0
PE;476.4
BA;646.1
GO;604.7
MG;
CE;489.0
MS;514.0
SP;591.2
CE;539.5
BA;464.8
SC;
SP;703.4
GO;523.1
PE;425.8
PA;646.7
CE;606.3
CE;730.8
SP;547.3
PA;583.1
RN;397.0
PI;476.5
SP;647.2
RJ;469.8
GO;649.7
ES;723.0
SE;720.8
PR;597.5
RN;659.6
PB;458.7
SP;744.0
GO;403.3
GO;629.0
PB;
PB;570.9
RJ;
CE;603.4
PB;367.3
MG;790.5
MA;
PE;462.4
MA;477.5
PA;698.0
SP;531.0
AM;425.4
SP;
PA;501.9
PE;762.1
AL;
BA;442.6
MG;471.4
SC;578.9
PA;409.2
SP;685.9
MG;439.9
RN;408.3
SP;547.8
RJ;800.9
MG;449.4
RJ;
PB;771.0
MA;381.9
SP;722.8
RN;431.4
BA;
MG;775.9
RS;723.4
RN;500.9
PE;542.3
AL;389.3
BA;416.3
GO;
GO;539.1
RJ;868.6
RJ;458.8
MT;569.0
CE;614.8
SP;556.9
RO;
SC;
GO;
MG;479.8
SP;428.9
PR;670.1
TO;
MG;484.6
RJ;
RJ;
RS;
MA;446.5
PA;499.2
GO;803.8
SP;522.1
PR;
CE;438.0
RS;531.7
SP;727.5
MG;469.8
RS;609.9
GO;644.5
PB;577.7
PE;
SE;493.8
BA;423.1
MG;632.4
PR;712.3
AP;
SP;
CE;477.1
DF;590.5
ES;695.2
SP;421.1
AP;
CE;464.3
CE;
CE;
MG;649.6
CE;470.3
RJ;601.6
AM;394.3
GO;426.8
MT;678.8
RJ;489.7
MT;536.2
MG;365.1
GO;699.5
RN;
BA;521.0
GO;411.3
PA;407.4
RS;508.7
CE;
AL;485.0
BA;425.5
AL;458.4
AL;
GO;564.4
PA;427.6
MA;
CE;408.0
CE;488.1
MA;618.3
MG;619.4
AL;365.5
GO;
CE;601.4
RN;543.3
MA;683.4
ES;558.7
RJ;730.9
MG;443.0
SP;630.5
PR;411.5
AL;413.7
BA;427.5
PR;427.1
CE;512.8
PE;453.1
CE;451.4
CE;392.8
BA;
RJ;
RN;451.7
PE;660.4
SP;560.0
SP;453.5
PB;581.9
SE;398.4
GO;479.0
MG;457.3
MG;480.2
GO;472.4
SP;613.1
MA;503.0
MA;501.2
AP;
BA;728.1
PB;417.9
AL;589.6
RJ;394.8
SP;459.4
CE;403.1
RJ;553.8
MA;617.8
SC;
PR;
CE;398.6
MA;476.3
MG;740.7
PA;
PB;464.0
CE;422.2
GO;482.8
PE;420.4
PA;
SP;
RJ;685.2
RJ;
GO;
GO;450.4
GO;437.8
TO;
MG;582.1
GO;
RN;
SP;
SP;481.1
RN;684.1
PA;396.2
PI;
CE;427.1
RO;750.3
MT;
BA;601.4
CE;
PA;423.2
PR;717.4
ES;770.5
GO;
PB;747.6
SP;502.8
GO;
RJ;798.1
MA;448.3
CE;396.0
PB;690.3
TO;721.2
RR;
PR;717.6
BA;
SP;
PA;
PA;699.5
CE;528.7
BA;634.3
AL;446.5
RJ;637.1
PA;498.9
CE;476.6
BA;448.7
PB;
MG;
SP;778.0
CE;441.4
SP;
RJ;
GO;608.7
MG;
CE;
MA;
PB;514.5
PI;774.1
CE;645.3
SC;651.6
PB;
BA;
SP;540.7
PR;402.2
CE;443.6
CE;574.0
SP;547.2
CE;
GO;674.3
PB;705.4
SE;465.3
AL;684.8
MA;494.2
BA;462.5
DF;650.7
RS;474.0
RJ;549.6
MA;583.6
BA;479.5
PI;
SE;483.4
MG;385.9
MA;463.0
PE;
PE;397.2
PA;447.8
SP;608.1
BA;517.4
BA;460.0
MG;771.6
PR;511.5
SP;481.6
CE;384.6
GO;448.2
GO;
GO;424.4
MS;458.8
MG;598.1
RS;719.5
BA;588.8
PA;
GO;452.8
RO;
SP;812.0
RJ;628.6
MG;598.1
PB;
RJ;
PE;794.2
DF;875.7
RJ;
CE;387.9
MG;791.3
MG;890.6
RJ;405.1
PA;476.9
PE;535.0
MA;421.0
RN;368.1
RJ;590.9
BA;466.7
BA;681.2
PA;551.2
GO;449.5
SP;
CE;475.6
CE;412.3
SP;591.8
SP;
RS;484.0
SP;529.8
SP;429.2
BA;525.7
PR;
PA;
PA;428.5
CE;433.6
BA;
MG;712.5
PA;445.8
CE;655.7
SP;455.1
RN;465.7
CE;751.1
GO;417.7
BA;621.1
PR;677.7
GO;
GO;504.3
CE;751.2
CE;
PA;478.3
BA;500.6
SC;
CE;378.5
PB;
GO;408.6
RJ;401.4
RJ;767.4
SP;715.1
SP;
CE;506.7
GO;385.5
PI;533.5
BA;487.6
MG;
PA;407.0
MG;494.4
MT;423.9
PB;717.4
RO;388.1
MG;
PI;
MG;689.3
BA;576.1
PB;478.4
BA;545.9
PE;496.4
SC;
RJ;458.9
PE;695.3
SP;642.1
MG;436.5
RJ;440.9
PE;495.0
SE;454.4
GO;446.8
MA;
BA;414.5
RN;438.5
RJ;517.9
PE;513.4
SP;443.2
PR;766.8
SP;
DF;
PR;496.4
BA;396.9
SE;470.2
GO;628.2
GO;398.1
MT;739.1
AM;445.0
CE;
CE;
PA;390.3
GO;
PE;455.1
CE;532.6
PE;424.0
RS;655.9
GO;
RS;470.4
MG;393.6
GO;450.7
RJ;729.4
MG;791.7
CE;
PA;373.7
MG;711.9
SP;655.6
MG;
PR;601.0
RS;445.5
RN;483.4
GO;
PE;542.4
CE;405.5
RJ;794.2
CE;475.0
MG;578.0
CE;628.0
RS;749.8
MG;435.7
MT;475.1
PB;625.1
MG;573.5
GO;424.6
BA;518.5
GO;
GO;
ES;
MA;
MS;555.5
RJ;428.3
RJ;548.1
BA;439.6
PB;710.1
SP;436.5
RS;466.2
BA;487.8
BA;698.1
ES;383.5
CE;492.2
MA;498.6
MG;662.5
PA;623.0
GO;419.5
SC;421.3
RJ;445.2
AL;435.1
ES;538.9
CE;676.2
SP;623.7
RJ;515.7
AP;518.1
GO;
RN;
PR;469.3
MG;553.0
CE;432.5
RS;481.5
RN;400.1
SP;696.8
RJ;
CE;563.2
PR;522.0
PE;676.3
MG;612.5
PI;
RJ;491.7
GO;402.3
BA;442.2
ES;586.6
BA;461.6
BA;658.5
TO;
MG;649.8
SE;606.2
RS;557.7
MG;518.7
BA;399.4
MS;
CE;452.5
RJ;462.9
BA;
MG;471.0
BA;
BA;531.6
CE;406.2
MA;492.6
BA;672.5
PE;599.2
CE;605.7
MG;745.5
MA;672.9
RJ;
ES;
BA;
SP;579.3
PB;540.7
PE;673.7
MG;551.1
MG;654.1
PI;495.2
SP;718.8
MG;600.3
RJ;589.2
MA;585.8
PB;508.1
PI;585.4
CE;428.5
GO;
SP;626.5
SE;601.7
CE;426.5
BA;491.1
BA;575.5
CE;
CE;387.4
CE;472.8
CE;
DF;396.5
MG;
GO;472.0
RJ;455.3
RJ;707.8
GO;
AM;483.4
CE;457.2
RJ;
MG;788.7
SP;601.3
PA;484.5
CE;649.4
GO;457.4
GO;
MG;505.0
MA;729.1
TO;430.4
BA;457.3
BA;575.8
BA;636.7
BA;472.0
TO;622.0
GO;
PB;395.6
CE;427.7
PR;446.0
BA;530.0
SP;
PA;521.7
BA;405.0
MG;661.7
MG;635.0
PE;501.4
PR;
PE;
GO;
CE;452.4
PR;569.1
PE;665.0
MG;467.5
CE;
MA;755.3
GO;452.8
BA;
BA;564.4
SC;442.8
RJ;508.0
PB;
MG;692.4
SC;423.5
SP;426.3
CE;424.0
MG;508.0
TO;523.2
PI;439.8
SP;606.0
RJ;
RS;414.0
PA;537.2
PB;576.5
PI;453.5
GO;486.1
PI;457.7
CE;452.4
MG;671.1
PE;404.1
GO;0.0
MA;523.0
BA;480.2
SC;365.8
CE;
PR;543.7
PI;544.5
CE;530.1
BA;568.0
PB;508.7
ES;683.2
BA;563.4
PE;477.3
CE;753.2
MG;
CE;425.1
ES;486.6
MG;
SP;
ES;597.0
ES;633.4
CE;724.8
GO;458.1
RS;602.7
MG;
MA;
SP;419.3
CE;
PE;
PE;378.9
SP;541.3
PE;424.8
GO;373.9
CE;503.8
PA;560.9
SP;
CE;413.6
BA;486.8
MT;
PI;
SP;
SE;446.5
SP;487.9
CE;591.3
BA;620.6
CE;459.5
SP;
PR;637.4
PR;504.8
GO;604.8
RJ;490.2
AM;472.4
GO;508.7
BA;613.8
CE;
RS;747.5
MG;603.1
PE;
PB;809.8
SP;490.8
GO;514.8
PA;
CE;408.2
CE;788.7
PE;493.5
PB;686.1
SP;518.8
PE;424.7
SP;407.6
RO;875.2
PE;566.7
CE;437.4
BA;
SP;729.3
PA;396.3
GO;
RS;
MA;596.5
DF;423.0
CE;412.2
GO;680.0
PI;485.7
SP;488.4
MG;709.2
RJ;655.3
CE;
GO;533.3
MA;466.7
PE;466.6
AP;381.6
MG;534.5
GO;427.2
MG;705.6
PB;573.1
BA;463.8
SP;626.4
PB;726.6
BA;477.5
MG;813.4
TO;447.0
CE;492.3
SP;451.8
SP;
PE;
PI;400.6
PE;567.2
AP;801.7
TO;359.9
GO;
BA;451.2
ES;
SE;525.0
CE;432.6
BA;408.5
RJ;
PE;487.5
MS;393.7
CE;593.8
ES;615.1
BA;450.4
ES;426.2
MS;369.3
SE;491.6
AL;413.1
CE;645.3
AL;744.8
CE;
PR;466.1
RJ;686.2
RS;
RO;
PE;
AM;
MA;
GO;
BA;363.2
GO;481.6
MA;431.3
BA;461.8
CE;366.4
CE;584.2
ES;667.9
RS;740.9
SE;470.5
CE;456.8
PB;634.1
GO;455.6
PB;
PB;638.7
SP;692.0
MG;377.6
CE;
GO;
RJ;
CE;
BA;419.2
RJ;416.6
CE;
MT;655.1
SP;
DF;594.9
RS;706.1
PR;525.2
SP;380.2
CE;435.5
GO;
RN;499.2
GO;489.3
GO;441.0
CE;480.2
MA;467.8
SC;761.5
MS;537.0
RJ;
RN;521.7
RS;539.1
SP;
PE;432.3
CE;
PI;
SP;600.6
BA;
SP;
MG;597.2
RS;
SP;717.4
BA;416.9
SP;523.9
PE;437.7
PB;414.3
SP;
MG;711.7
BA;476.0
GO;715.8
RN;765.7
CE;367.5
CE;402.2
CE;680.8
CE;527.2
SC;490.9
PB;440.8
PR;586.3
AC;454.9
RN;474.1
RN;428.3
SE;647.2
SP;
MA;399.7
CE;561.4
SP;
GO;
MT;724.5
CE;524.2
MG;560.2
CE;
MG;
PI;515.1
TO;
PR;863.7
RS;646.0
CE;677.5
AC;424.2
PA;588.6
PR;465.3
GO;462.2
SE;518.5
PE;448.2
CE;460.5
SE;453.3
MG;442.9
PE;504.4
SP;441.2
SE;422.6
RJ;
GO;367.4
PR;613.2
PI;
PE;425.5
PI;697.6
MG;704.8
PA;
RS;586.9
PR;405.5
GO;
AM;510.2
PE;686.3
PA;
SE;
SP;554.5
GO;
CE;704.6
SP;
PE;
PA;555.6
GO;
MG;578.4
PE;430.3
SP;678.7
PR;483.7
PR;550.7
CE;662.3
AM;441.2
MG;613.7
SP;554.8
CE;479.0
SP;637.3
PR;398.6
RJ;481.2
CE;
MG;674.9
GO;510.8
PA;508.9
RS;471.6
MG;547.0
AL;462.3
PB;494.1
SP;451.6
BA;488.4
PI;595.9
PE;455.1
RS;686.9
RJ;
RJ;
PB;558.4
BA;460.3
GO;
SP;
MA;449.5
PA;521.2
SP;
SP;
GO;510.0
GO;440.6
CE;430.7
MG;
RJ;607.4
PR;
CE;431.4
BA;429.4
CE;369.1
DF;
MG;558.6
GO;
DF;414.1
PI;565.8
CE;
PB;602.1
MG;659.9
SP;389.8
GO;644.7
SP;581.6
PI;418.8
CE;480.1
MG;540.9
MG;487.7
PA;615.5
CE;544.8
PA;429.4
PE;621.1
ES;599.4
MS;448.5
RJ;512.7
PB;534.0
PR;662.3
PE;447.9
BA;518.8
PI;454.5
GO;590.4
SP;692.9
MA;752.2
ES;519.7
MA;
BA;441.4
MG;431.1
PA;552.4
PA;
RS;612.8
MG;499.5
BA;454.8
GO;
SP;383.9
PA;457.9
DF;662.3
SP;
MG;471.2
GO;398.8
MG;388.6
PA;
MG;
PI;392.9
MG;610.3
RJ;397.8
GO;
SP;452.1
CE;519.8
SE;786.8
SP;577.1
AM;514.2
SP;537.2
RN;446.8
CE;364.4
